{"type":"FeatureCollection", "features": [
{"type":"Feature","geometry":{"type":"Polygon","coordinates":[[[33.371,19.819],[33.394,19.832],[33.356,20.106],[33.335,20.256],[33.325,20.68],[33.334,20.731],[33.374,20.966],[33.446,21.054],[33.512,21.134],[33.67,21.262],[33.897,21.41],[34.144,21.548],[34.548,21.854],[35.544,22.643],[35.74,22.876],[35.671,22.966],[35.491,23.49],[35.516,23.712],[35.483,23.938],[35.712,23.922],[35.72,24.009],[35.444,24.186],[35.383,24.291],[35.139,24.517],[35.087,24.723],[34.849,25.141],[34.544,25.736],[34.344,25.99],[34.1,26.433],[33.553,26.326],[32.944,26.206],[32.767,25.825],[32.756,25.735],[32.737,25.579],[32.798,25.421],[32.836,25.322],[32.993,25.046],[33.072,24.711],[33.049,24.524],[33.023,24.316],[32.924,24.06],[32.917,24.059],[32.913,24.059],[32.901,23.649],[32.723,23.176],[32.299,22.781],[32.122,22.584],[31.974,22.229],[31.974,22.002],[32.062,21.825],[32.131,21.134],[32.368,20.02],[32.564,19.383],[33.371,19.819]]]},"properties":{"id":"ababda","name":"Ababda","family":"Afro-Asiatic","glottocode":"abab1239","language":"Ababda","group":"Beja","ea":"Ca34","lat":23.1618,"lon":33.7016}},
{"type":"Feature","geometry":{"type":"Polygon","coordinates":[[[0.789,10.376],[0.332,10.394],[0.201,10.42],[0.074,10.258],[0.44,10.116],[0.789,10.109],[0.807,10.353],[0.789,10.376]]]},"properties":{"id":"chakossi","name":"Chakossi","family":"Niger-Congo","glottocode":"dita1238","language":"Ditammari","group":"Borgu-Mango","ea":"Ag51","lat":10.2604,"lon":0.485524}},
{"type":"Feature","geometry":{"type":"Polygon","coordinates":[[[26.451,3.393],[26.806,3.298],[27.033,3.303],[27.141,3.473],[27.141,3.638],[27.249,3.978],[27.181,4.097],[26.835,4.029],[26.551,4.024],[26.341,3.865],[26.322,3.8],[26.451,3.393]]]},"properties":{"id":"abarambo","name":"Abarambo","family":"Niger-Congo","glottocode":"bara1361","language":"Barambu","group":"Azande","ea":"Ai27","lat":3.702955,"lon":26.7973}},
{"type":"Feature","geometry":{"type":"Polygon","coordinates":[[[33.259,3.885],[33.084,3.769],[32.892,3.803],[32.687,3.987],[32.494,3.978],[32.298,3.536],[32.209,3.42],[32.025,3.345],[31.806,3.188],[31.636,2.883],[31.656,2.743],[31.666,2.602],[31.69,2.438],[31.686,2.425],[31.797,2.391],[31.816,2.386],[31.835,2.381],[31.99,2.342],[32.083,2.305],[32.15,2.279],[32.322,2.205],[32.682,2.565],[32.991,2.744],[33.349,2.763],[33.563,2.8],[33.628,2.868],[33.649,3.329],[33.606,3.527],[33.543,3.595],[33.456,3.864],[33.259,3.885]]]},"properties":{"id":"acholi","name":"Acholi","family":"Nilo-Saharan","glottocode":"dhop1238","language":"Dhopaluo","group":"Nilotes, Southern","ea":"Aj10","lat":3.108121,"lon":32.6568}},
{"type":"Feature","geometry":{"type":"MultiPolygon","coordinates":[[[[39.893,15.467],[39.77,15.378],[39.855,15.19],[39.813,15.077],[40.075,14.68],[40.312,13.999],[40.352,13.762],[40.361,13.279],[40.33,13.28],[40.415,13.036],[40.474,12.8],[40.454,12.474],[40.415,12.198],[40.381,11.923],[40.375,11.872],[40.333,11.642],[40.306,11.498],[40.267,11.271],[40.336,10.965],[40.368,10.745],[40.376,10.691],[40.385,10.63],[40.398,10.487],[40.415,10.314],[40.415,9.998],[40.316,9.663],[40.276,9.553],[40.227,9.416],[40.231,9.362],[40.237,9.288],[40.239,9.288],[40.293,9.267],[40.316,9.259],[40.385,9.278],[40.533,9.397],[40.77,9.555],[40.954,9.677],[40.977,9.693],[41.084,9.755],[41.086,9.756],[41.095,9.762],[41.149,9.931],[41.174,10.008],[41.251,10.153],[41.342,10.324],[41.392,10.38],[41.539,10.541],[41.668,10.649],[41.726,10.699],[42.003,10.866],[42.387,11.024],[42.484,11.066],[42.594,11.113],[42.989,11.241],[43.088,11.399],[43.114,11.486],[43.152,11.61],[43.119,11.571],[42.838,11.58],[42.785,11.74],[43.052,11.801],[43.199,11.952],[43.369,11.99],[43.413,12.226],[43.36,12.377],[43.153,12.654],[43.094,12.796],[42.884,12.807],[42.769,12.871],[42.717,13.047],[42.529,13.231],[42.375,13.215],[42.34,13.427],[42.238,13.617],[42.121,13.635],[41.909,13.875],[41.673,13.939],[41.507,14.211],[41.171,14.632],[40.764,14.698],[40.732,14.826],[40.551,14.986],[40.422,14.996],[40.301,14.912],[40.153,14.99],[40.027,15.233],[40.084,15.329],[39.893,15.467]]],[[[39.977,15.886],[39.927,15.784],[40.13,15.606],[40.087,15.852],[39.977,15.886]]]]},"properties":{"id":"afar","name":"Afar","family":"Afro-Asiatic","glottocode":"afar1241","language":"Afar","group":"Afar-Somali","ea":"Ca6","lat":12.3348,"lon":41.3923}},
{"type":"Feature","geometry":{"type":"Polygon","coordinates":[[[37.172,-17.157],[37.1,-17.128],[37.004,-17.09],[36.685,-16.838],[36.684,-16.837],[36.559,-16.728],[36.348,-16.316],[36.277,-16.195],[36.231,-16.114],[36.136,-16.025],[36.054,-15.946],[35.923,-15.84],[35.919,-15.837],[35.915,-15.848],[35.908,-15.866],[35.903,-15.879],[35.81,-15.988],[35.625,-16.325],[35.575,-16.518],[35.575,-16.728],[35.592,-16.894],[35.6,-16.964],[35.598,-17.003],[35.593,-17.082],[35.591,-17.115],[35.591,-17.258],[35.692,-17.561],[35.751,-17.696],[35.767,-17.764],[35.776,-17.805],[35.667,-18.024],[35.62,-18.068],[35.582,-18.123],[35.452,-18.312],[35.275,-18.598],[35.099,-18.884],[35.002,-19.038],[35.014,-19.038],[35.107,-19.147],[35.126,-19.189],[35.141,-19.223],[35.199,-19.391],[35.275,-19.502],[35.308,-19.55],[35.576,-19.271],[35.669,-19.124],[36.034,-18.909],[36.37,-18.803],[36.385,-18.695],[36.821,-18.234],[36.888,-18.194],[37.068,-17.895],[37.206,-17.751],[37.901,-17.365],[37.874,-17.285],[37.837,-17.174],[37.825,-17.176],[37.66,-17.208],[37.366,-17.208],[37.281,-17.186],[37.172,-17.157]]]},"properties":{"id":"chuabo","name":"Chuabo","family":"Niger-Congo","glottocode":"makh1264","language":"Makhuwa","group":"Yao-Makonde","ea":"Ac42","lat":-17.6784,"lon":36.2091}},
{"type":"Feature","geometry":{"type":"Polygon","coordinates":[[[43.375,-11.374],[43.249,-11.446],[43.221,-11.766],[43.269,-11.831],[43.498,-11.879],[43.374,-11.614],[43.375,-11.374]]]},"properties":{"id":"comorians","name":"Comorians","family":"Niger-Congo","glottocode":null,"language":"Comorian","group":"Yao-Makonde","ea":"Ac42","lat":-12.0689,"lon":43.9597}},
{"type":"Feature","geometry":{"type":"Polygon","coordinates":[[[19.084,12.531],[18.732,12.57],[18.283,12.502],[17.827,12.379],[17.643,12.234],[17.697,12.114],[17.949,11.889],[18.29,11.698],[18.665,11.621],[19.136,12.094],[19.084,12.531]]]},"properties":{"id":"kenga","name":"Kenga","family":"Afro-Asiatic","glottocode":null,"language":"Kenga","group":"Darfur","ea":"Cb17","lat":12.1386,"lon":18.4582}},
{"type":"Feature","geometry":{"type":"Polygon","coordinates":[[[0.782,5.755],[0.683,6.03],[0.444,6.221],[0.196,6.504],[-0.048,6.418],[-0.211,6.29],[-0.148,6.176],[0.039,6.079],[0.101,5.878],[0.046,5.829],[0.059,5.657],[0.31,5.776],[0.782,5.755]]]},"properties":{"id":"adangme","name":"Adangme","family":"Niger-Congo","glottocode":"adan1247","language":"Adangme","group":"Ewe-Fon","ea":"Af35","lat":6.076851,"lon":0.270457}},
{"type":"Feature","geometry":{"type":"Polygon","coordinates":[[[-6.088,31.653],[-6.309,31.661],[-6.526,31.459],[-6.835,31.294],[-7.057,31.021],[-7.093,30.863],[-7.057,30.662],[-6.964,30.511],[-6.684,30.367],[-6.454,30.17],[-6.346,30.116],[-6.102,29.814],[-5.808,29.656],[-5.657,29.665],[-5.621,29.879],[-5.686,30.137],[-5.844,30.382],[-6.023,30.561],[-6.253,30.863],[-6.246,31.035],[-6.03,31.538],[-6.088,31.653]]]},"properties":{"id":"drawa","name":"Drawa","family":"Afro-Asiatic","glottocode":"susi1238","language":"Sus-Agadir","group":"Berbers, Oasis","ea":"Cc15","lat":30.6608,"lon":-6.3656}},
{"type":"Feature","geometry":{"type":"Polygon","coordinates":[[[5.925,15.019],[5.737,15.038],[5.382,15.205],[5.224,15.215],[5.066,15.117],[4.741,14.752],[4.329,14.105],[4.389,13.698],[4.492,13.664],[4.789,13.738],[5.078,13.731],[5.369,13.784],[5.99,14.021],[6.056,14.131],[6.325,14.342],[6.13,14.87],[5.925,15.019]]]},"properties":{"id":"adarawa","name":"Adarawa","family":"Afro-Asiatic","glottocode":"taya1257","language":"Tayart Tamajeq","group":"Tuareg","ea":"Cc10","lat":14.4016,"lon":5.303103}},
{"type":"Feature","geometry":{"type":"Polygon","coordinates":[[[8.333,8.407],[8.238,8.449],[7.898,8.416],[7.842,8.104],[8.053,7.969],[8.104,8.016],[8.333,8.407]]]},"properties":{"id":"afo","name":"Afo","family":"Niger-Congo","glottocode":"eloy1241","language":"Ajiri","group":"Nupe-Idoma","ea":"Af27","lat":8.242749,"lon":8.059485}},
{"type":"Feature","geometry":{"type":"Polygon","coordinates":[[[8.647,23.93],[8.582,24.037],[8.324,24.262],[8.01,24.374],[7.696,24.554],[7.471,24.812],[7.168,25.081],[6.72,25.294],[5.855,25.609],[5.631,25.754],[5.474,25.968],[5.418,26.147],[5.418,26.675],[5.451,26.989],[5.317,27.281],[5.092,27.516],[4.857,27.685],[4.184,28.035],[3.277,27.666],[2.592,27.43],[2.154,27.206],[1.773,26.914],[1.414,26.207],[1.144,25.971],[0.785,25.87],[-0.011,25.806],[0.069,25.327],[0.069,24.508],[0.024,24.115],[-0.101,23.598],[0.033,23.357],[0.213,22.706],[0.392,22.426],[0.572,22.224],[1.03,21.916],[1.094,21.919],[1.591,21.928],[2.017,21.984],[2.96,21.939],[3.308,21.827],[3.712,21.479],[4.071,21.041],[4.296,20.413],[4.441,19.762],[4.666,19.728],[5.047,19.728],[5.429,19.683],[6.215,19.638],[6.275,19.666],[6.36,19.706],[6.596,19.953],[6.809,20.39],[7.045,20.755],[7.438,21.226],[7.988,21.832],[8.291,22.326],[8.493,22.898],[8.582,23.336],[8.647,23.93]]]},"properties":{"id":"ahaggaren","name":"Ahaggaren","family":"Afro-Asiatic","glottocode":"hogg1238","language":"Hoggar","group":"Tuareg","ea":"Cc9","lat":23.8035,"lon":4.229006}},
{"type":"Feature","geometry":{"type":"Polygon","coordinates":[[[0.196,6.504],[0.216,6.623],[0.326,6.768],[0.233,7.279],[-0.103,7.214],[-0.288,7.108],[-0.722,6.711],[-0.926,6.443],[-1.106,6.156],[-1.069,5.805],[-1.005,5.669],[-0.633,5.815],[-0.42,5.826],[-0.086,5.86],[0.046,5.829],[0.101,5.878],[0.039,6.079],[-0.148,6.176],[-0.211,6.29],[-0.048,6.418],[0.196,6.504]]]},"properties":{"id":"akyem","name":"Akyem","family":"Niger-Congo","glottocode":"akye1239","language":"Akyem Bosome","group":"Akan","ea":"Af12","lat":6.438917,"lon":-0.375152}},
{"type":"Feature","geometry":{"type":"Polygon","coordinates":[[[-5.021,10.906],[-5.201,10.806],[-5.199,10.489],[-5.051,10.39],[-4.791,10.515],[-4.785,10.719],[-5.021,10.906]]]},"properties":{"id":"wara","name":"Wara","family":"Niger-Congo","glottocode":"ceba1235","language":"Senari","group":"Senufo","ea":"Ag32","lat":10.6474,"lon":-5.00823}},
{"type":"Feature","geometry":{"type":"Polygon","coordinates":[[[37.001,-2.953],[36.812,-2.958],[36.629,-3.16],[36.711,-3.343],[36.812,-3.362],[37.014,-3.302],[37.001,-2.953]]]},"properties":{"id":"alagya","name":"Alagya","family":"Niger-Congo","glottocode":"alla1248","language":"Alladian","group":"Akan","ea":"Af44","lat":-3.15836,"lon":36.8344}},
{"type":"Feature","geometry":{"type":"Polygon","coordinates":[[[7.888,36.349],[7.869,36.458],[7.869,36.635],[7.86,36.754],[7.86,36.764],[7.757,36.966],[7.504,37.046],[7.277,37.067],[7.171,36.92],[6.913,36.885],[6.837,36.952],[6.593,36.974],[6.372,37.083],[6.233,36.914],[6.019,36.842],[5.699,36.82],[5.534,36.696],[5.328,36.64],[5.188,36.663],[5.173,36.496],[5.045,36.417],[4.68,36.299],[4.354,36.082],[4.098,36.102],[3.831,36.191],[3.654,36.378],[3.498,36.773],[3.249,36.81],[3.191,36.745],[3.001,36.81],[2.626,36.603],[2.474,36.586],[2.421,36.398],[2.105,36.26],[1.8,36.319],[1.635,36.542],[1.362,36.545],[0.95,36.45],[0.656,36.327],[0.125,36.043],[0.047,35.877],[-0.113,35.782],[-0.473,35.885],[-0.618,35.718],[-0.824,35.769],[-1.036,35.677],[-1.198,35.544],[-1.259,35.407],[-1.754,35.128],[-1.964,35.072],[-2.252,35.095],[-2.252,34.786],[-2.288,34.696],[-2.477,34.759],[-2.737,34.705],[-2.807,34.609],[-2.603,34.335],[-2.249,34.364],[-1.683,34.463],[-1.504,34.381],[-0.568,34.485],[-0.351,34.604],[-0.074,34.83],[0.251,35.215],[0.547,35.383],[0.892,35.521],[1.731,35.718],[2.845,35.787],[3.437,35.748],[4.601,35.639],[5.107,35.656],[5.177,35.777],[5.492,36.103],[5.808,36.132],[6.143,36.083],[6.587,36.103],[7.445,36.241],[7.888,36.349]]]},"properties":{"id":"algerians","name":"Algerians","family":"Afro-Asiatic","glottocode":"algi1247","language":"Algiers","group":"Arabs, Littoral North Africa","ea":"Cd12","lat":35.8444,"lon":2.388989}},
{"type":"Feature","geometry":{"type":"Polygon","coordinates":[[[31.636,2.883],[31.137,2.853],[31.094,2.896],[30.999,2.787],[30.786,2.7],[30.737,2.409],[30.834,2.259],[30.95,2.24],[31.087,2.032],[31.666,2.365],[31.671,2.382],[31.686,2.425],[31.69,2.438],[31.666,2.602],[31.656,2.743],[31.636,2.883]]]},"properties":{"id":"alur","name":"Alur","family":"Nilo-Saharan","glottocode":"alur1250","language":"Alur","group":"Nilotes, Southern","ea":"Aj17","lat":2.515173,"lon":31.2226}},
{"type":"Feature","geometry":{"type":"Polygon","coordinates":[[[19.119,-18.081],[18.946,-18.034],[18.248,-17.706],[17.864,-17.566],[17.56,-17.899],[17.298,-18.292],[17.09,-18.697],[17.038,-18.854],[17.256,-18.987],[17.533,-19.302],[17.987,-19.672],[18.105,-19.916],[18.206,-20.21],[18.349,-20.891],[18.475,-21.27],[18.896,-22.683],[18.888,-22.799],[19.19,-22.663],[19.291,-22.15],[19.299,-21.444],[19.232,-21.318],[19.097,-20.704],[19.013,-20.006],[18.996,-19.468],[19.013,-18.61],[19.064,-18.214],[19.119,-18.081]]]},"properties":{"id":"heikum","name":"Heikum","family":"Khoisan","glottocode":"nama1265","language":"Nama","group":"Hottentot","ea":"Aa3","lat":-19.6485,"lon":18.4221}},
{"type":"Feature","geometry":{"type":"Polygon","coordinates":[[[36.799,21.103],[36.71,21.112],[36.365,21.26],[36.296,21.329],[36.187,21.458],[36.185,21.46],[36.128,21.517],[35.98,21.448],[35.872,21.349],[35.837,21.296],[35.793,21.228],[35.75,21.099],[35.724,21.021],[35.716,20.895],[35.704,20.705],[35.645,20.429],[35.62,20.289],[35.576,20.034],[35.359,19.216],[35.28,18.969],[35.252,18.919],[35.142,18.723],[35.023,18.604],[34.974,18.555],[34.905,18.486],[34.846,18.377],[34.856,18.259],[34.974,18.15],[35.021,18.095],[35.025,18.097],[35.142,18.17],[35.258,18.297],[35.369,18.417],[35.556,18.634],[35.753,18.89],[35.813,18.981],[35.921,19.147],[35.958,19.18],[36.177,19.374],[36.266,19.396],[36.375,19.423],[36.532,19.482],[36.554,19.524],[36.611,19.64],[36.69,19.768],[37.045,19.965],[37.189,20.001],[37.18,20.456],[37.23,20.547],[37.172,20.695],[37.161,20.891],[37.094,21.063],[36.799,21.103]]]},"properties":{"id":"amarar","name":"Amarar","family":"Afro-Asiatic","glottocode":"amar1281","language":"Amara (Beja)","group":"Beja","ea":"Ca35","lat":20.0544,"lon":36.1322}},
{"type":"Feature","geometry":{"type":"Polygon","coordinates":[[[0.98,8.29],[0.904,8.342],[0.436,8.378],[0.46,8.067],[0.95,8.208],[0.98,8.29]]]},"properties":{"id":"adele","name":"Adele","family":"Niger-Congo","glottocode":"asan1239","language":"Asante","group":"Akan","ea":"Af3","lat":8.244284,"lon":0.673651}},
{"type":"Feature","geometry":{"type":"Polygon","coordinates":[[[30.002,1.154],[29.897,1.23],[29.6,1.097],[29.458,0.859],[29.186,0.791],[29.078,0.661],[29.072,0.525],[29.299,0.462],[29.588,0.456],[29.912,0.337],[30.117,0.46],[30.122,0.723],[30.002,1.154]]]},"properties":{"id":"amba","name":"Amba","family":"Niger-Congo","glottocode":"toor1238","language":"Tooro","group":"West Lacustrine Bantu","ea":"Ad48","lat":0.733247,"lon":29.6865}},
{"type":"Feature","geometry":{"type":"Polygon","coordinates":[[[22.908,-1.597],[22.795,-1.306],[22.739,-0.909],[22.512,-0.29],[22.336,-0.007],[22.296,0.24],[22.239,0.184],[21.95,0.127],[21.309,0.161],[21.008,0.144],[20.59,0.046],[20.352,-0.208],[20.664,-0.398],[20.759,-0.252],[21.15,-0.212],[21.428,-0.439],[21.615,-0.722],[21.768,-0.864],[22.183,-0.961],[22.222,-1.125],[22.16,-1.409],[22.149,-1.698],[22.077,-1.804],[22.287,-2.072],[22.574,-2.004],[22.784,-1.862],[22.908,-1.597]]]},"properties":{"id":"bosaka","name":"Bosaka","family":"Niger-Congo","glottocode":"long1393","language":"Longo (Democratic Republic of Congo)","group":"Mongo","ea":"Ae24","lat":-0.692105,"lon":21.9866}},
{"type":"Feature","geometry":{"type":"Polygon","coordinates":[[[17.864,-17.566],[17.812,-17.286],[17.801,-17.013],[17.56,-16.357],[17.538,-16.338],[17.287,-16.096],[16.904,-16.149],[16.314,-16.117],[16.167,-16.074],[15.909,-16.16],[15.68,-16.324],[15.45,-16.445],[15.188,-16.663],[15.046,-16.744],[14.746,-16.973],[14.477,-17.199],[14.291,-17.319],[14.105,-17.899],[14.094,-18.117],[14.182,-18.412],[14.28,-18.566],[14.499,-18.751],[15.035,-18.894],[15.275,-18.915],[15.57,-18.883],[15.877,-18.948],[16.281,-18.937],[16.533,-18.894],[16.707,-18.904],[17.038,-18.854],[17.09,-18.697],[17.298,-18.292],[17.56,-17.899],[17.864,-17.566]]]},"properties":{"id":"ambo","name":"Ambo","family":"Niger-Congo","glottocode":"ndon1254","language":"Ndonga","group":"Southwestern Bantu","ea":"Ab19","lat":-17.5862,"lon":16.0395}},
{"type":"Feature","geometry":{"type":"Polygon","coordinates":[[[38.443,13.791],[38.264,13.96],[37.978,14.048],[37.525,14.108],[36.893,14.157],[36.344,14.214],[36.308,13.979],[36.1,13.023],[35.965,12.716],[36.056,12.565],[36.111,12.135],[36.056,11.78],[35.926,11.425],[35.885,11.063],[35.967,10.53],[36.214,10.336],[36.597,10.508],[36.664,10.967],[36.773,11.295],[36.985,11.452],[37.163,11.37],[37.204,11.213],[37.19,10.81],[37.115,10.315],[37.784,10.106],[38.03,9.915],[38.2,9.672],[38.419,9.612],[38.645,9.407],[38.815,9.168],[38.87,9.209],[38.843,9.899],[38.809,10.158],[38.762,10.838],[38.713,11.184],[38.731,11.43],[38.922,11.594],[39.15,11.658],[39.678,11.731],[39.806,11.922],[39.87,12.696],[39.86,12.878],[39.786,13.063],[39.239,13.129],[39.353,12.824],[39.343,12.716],[39.205,12.617],[38.91,12.597],[38.86,12.657],[38.791,12.953],[38.554,13.16],[38.239,13.298],[38.259,13.544],[38.443,13.791]],[[37.015,12.17],[36.826,12.307],[36.81,12.56],[36.991,12.813],[37.123,12.868],[37.283,12.857],[37.613,12.653],[37.712,12.521],[37.646,12.351],[37.545,12.238],[37.593,12.057],[37.514,11.836],[37.379,11.621],[37.285,11.666],[37.274,11.812],[37.072,11.826],[36.984,11.902],[37.015,12.17]]]},"properties":{"id":"amhara","name":"Amhara","family":"Afro-Asiatic","glottocode":"amha1245","language":"Amharic","group":"Ethiopia, Central","ea":"Ca7","lat":12.0354,"lon":37.6986}},
{"type":"Feature","geometry":{"type":"Polygon","coordinates":[[[9.837,9.811],[9.449,9.636],[9.388,9.562],[8.955,9.416],[8.989,9.389],[9.209,9.187],[9.209,9.021],[9.123,8.917],[9.106,8.646],[9.111,8.338],[9.072,8.069],[9.382,7.917],[9.425,8.049],[9.775,8.098],[9.917,8.191],[10.101,8.406],[10.064,8.963],[9.781,9.144],[9.751,9.322],[9.841,9.468],[9.837,9.811]]]},"properties":{"id":"angas","name":"Angas","family":"Afro-Asiatic","glottocode":"ngas1240","language":"Ngas","group":"Jos Plateau","ea":"Ah16","lat":8.80429,"lon":9.545452}},
{"type":"Feature","geometry":{"type":"Polygon","coordinates":[[[9.346,9.821],[9.345,9.962],[9.246,10.097],[9.16,10.109],[8.977,9.976],[9.043,9.87],[9.346,9.821]]]},"properties":{"id":"afusare","name":"Afusare","family":"Niger-Congo","glottocode":"bero1242","language":"Berom","group":"Jos Plateau","ea":"Ah17","lat":9.958719,"lon":9.182288}},
{"type":"Feature","geometry":{"type":"Polygon","coordinates":[[[-4.933,5.646],[-5.011,5.397],[-4.304,5.375],[-4.345,5.605],[-4.933,5.646]]]},"properties":{"id":"ajukru","name":"Ajukru","family":"Niger-Congo","glottocode":"avik1243","language":"Avikam","group":"Akan","ea":"Af45","lat":5.505353,"lon":-4.65418}},
{"type":"Feature","geometry":{"type":"Polygon","coordinates":[[[34.441,8.425],[33.929,8.422],[33.799,8.494],[33.379,8.203],[33.242,8.046],[33.105,7.731],[33.051,7.428],[33.437,7.231],[33.697,7.128],[34.032,6.903],[34.209,6.869],[34.788,6.896],[34.928,7.112],[34.966,7.273],[34.865,7.58],[34.699,8.293],[34.441,8.425]]]},"properties":{"id":"anuak","name":"Anuak","family":"Nilo-Saharan","glottocode":"anua1242","language":"Anuak","group":"Fung","ea":"Ai44","lat":7.662017,"lon":34.0677}},
{"type":"Feature","geometry":{"type":"Polygon","coordinates":[[[1.361,7.995],[1.247,8.039],[1.093,7.929],[1.029,7.672],[0.932,7.579],[0.919,7.288],[1.21,7.267],[1.311,7.653],[1.361,7.995]]]},"properties":{"id":"akposo","name":"Akposo","family":"Niger-Congo","glottocode":"siwu1238","language":"Siwu","group":"Ewe-Fon","ea":"Af37","lat":7.624909,"lon":1.144748}},
{"type":"Feature","geometry":{"type":"Polygon","coordinates":[[[-1.146,8.279],[-1.12,8.45],[-0.994,8.589],[-1.051,8.691],[-1.297,8.817],[-1.595,8.735],[-1.784,8.482],[-2.089,8.354],[-2.251,8.205],[-2.492,8.129],[-2.705,8.122],[-2.981,8.116],[-3.108,7.933],[-3.245,7.841],[-3.176,7.511],[-3.099,7.303],[-2.885,7.095],[-2.645,7.274],[-2.229,7.459],[-1.97,7.547],[-1.554,7.852],[-1.146,8.279]]]},"properties":{"id":"brong","name":"Brong","family":"Niger-Congo","glottocode":"asan1239","language":"Asante","group":"Akan","ea":"Af3","lat":7.951142,"lon":-2.17049}},
{"type":"Feature","geometry":{"type":"Polygon","coordinates":[[[47.195,-24.778],[47.341,-24.318],[47.587,-23.794],[47.623,-23.581],[47.733,-23.29],[47.837,-22.867],[47.908,-22.462],[48.205,-21.789],[48.426,-21.089],[48.089,-21.041],[48.05,-21.276],[47.847,-21.951],[47.754,-22.367],[47.653,-22.607],[47.26,-23.137],[47.301,-23.275],[47.181,-23.812],[47.006,-24.246],[46.855,-24.474],[47.195,-24.778]]]},"properties":{"id":"antaisaka","name":"Antaisaka","family":"Austronesian","glottocode":null,"language":"Malagasy","group":"Yao-Makonde","ea":"Ac42","lat":-22.9944,"lon":47.6218}},
{"type":"Feature","geometry":{"type":"Polygon","coordinates":[[[-3.245,7.841],[-3.467,7.791],[-3.52,7.172],[-3.675,7.036],[-3.995,7.154],[-4.274,6.97],[-4.512,6.685],[-4.637,6.442],[-4.666,6.299],[-4.441,6.287],[-4.075,6.375],[-3.841,6.531],[-3.651,6.507],[-3.455,6.127],[-3.425,5.842],[-3.532,5.569],[-3.492,5.526],[-3.306,5.515],[-3.14,5.587],[-2.932,5.48],[-2.926,5.332],[-2.819,5.29],[-2.736,5.284],[-2.641,5.284],[-2.578,5.281],[-2.517,5.278],[-2.442,5.308],[-2.427,5.315],[-2.333,5.64],[-2.291,5.955],[-2.333,6.252],[-2.534,6.638],[-2.73,6.851],[-2.885,7.095],[-3.099,7.303],[-3.176,7.511],[-3.245,7.841]]]},"properties":{"id":"anyi","name":"Anyi","family":"Niger-Congo","glottocode":"anyi1245","language":"Anyin","group":"Akan","ea":"Af39","lat":6.439694,"lon":-3.24697}},
{"type":"Feature","geometry":{"type":"Polygon","coordinates":[[[46.855,-24.474],[46.765,-24.514],[46.34,-24.505],[45.905,-24.431],[45.554,-24.394],[45.192,-24.464],[45.11,-24.644],[44.852,-24.856],[44.602,-25.161],[44.545,-25.289],[44.782,-25.321],[45.139,-25.594],[45.55,-25.562],[45.963,-25.31],[46.337,-25.174],[46.647,-25.192],[46.952,-25.072],[47.138,-24.917],[47.195,-24.778],[46.855,-24.474]]]},"properties":{"id":"antandroy","name":"Antandroy","family":"Austronesian","glottocode":"tand1256","language":"Tandroy Malagasy","group":"Yao-Makonde","ea":"Ac42","lat":-24.9414,"lon":45.8109}},
{"type":"Feature","geometry":{"type":"Polygon","coordinates":[[[-0.763,17.17],[-0.764,17.853],[-1.806,17.836],[-2.181,17.816],[-2.777,17.688],[-2.931,17.401],[-3.128,17.164],[-3.306,17.115],[-3.69,17.164],[-3.917,17.115],[-4.193,16.878],[-4.29,16.632],[-4.069,16.48],[-3.714,16.381],[-3.497,16.45],[-3.172,16.716],[-2.728,16.845],[-2.461,16.953],[-2.146,17.042],[-1.445,17.16],[-1.14,17.19],[-0.763,17.17]]]},"properties":{"id":"antessar","name":"Antessar","family":"Afro-Asiatic","glottocode":"timb1263","language":"Timbuktu","group":"Tuareg","ea":"Cc5","lat":17.2277,"lon":-2.43857}},
{"type":"Feature","geometry":{"type":"Polygon","coordinates":[[[18.523,10.486],[18.288,10.508],[17.471,10.656],[17.555,9.898],[17.655,9.505],[17.951,9.51],[18.267,9.545],[18.981,9.778],[19.013,10.069],[18.993,10.279],[18.523,10.486]]]},"properties":{"id":"bua","name":"Bua","family":"Nilo-Saharan","glottocode":"sarr1246","language":"Sar","group":"Bagirmi-Sara","ea":"Ai22","lat":10.0611,"lon":18.1839}},
{"type":"Feature","geometry":{"type":"Polygon","coordinates":[[[37.548,18.711],[37.525,18.73],[37.371,18.295],[37.284,17.991],[37.272,17.95],[37.193,17.408],[37.114,16.54],[37.114,15.82],[37.278,15.82],[37.298,15.825],[37.475,15.869],[37.613,15.906],[37.621,15.908],[37.623,15.909],[37.683,16.392],[37.759,16.611],[37.761,16.619],[37.767,16.625],[37.929,16.816],[38.03,16.884],[38.077,16.915],[38.373,17.033],[38.669,17.072],[39.019,17.122],[39.016,17.145],[39.009,17.176],[38.961,17.231],[38.934,17.388],[38.612,17.961],[38.551,18.106],[38.181,18.243],[38.126,18.372],[37.946,18.544],[37.689,18.719],[37.548,18.711]]]},"properties":{"id":"amer","name":"Amer","family":"Afro-Asiatic","glottocode":"mans1267","language":"Mansa'","group":"Beja","ea":"Ca38","lat":17.3774,"lon":37.8345}},
{"type":"Feature","geometry":{"type":"Polygon","coordinates":[[[20.108,15.917],[20.108,16.153],[20.059,16.824],[20.049,17.396],[19.93,17.944],[19.635,18.497],[19.378,18.714],[19.018,18.918],[18.35,18.734],[18.015,18.722],[17.657,18.607],[17.194,18.537],[16.686,18.399],[16.362,18.26],[16.096,18.11],[15.877,17.832],[15.589,17.395],[15.796,17.03],[15.969,16.325],[16.015,15.978],[16.27,15.493],[16.452,15.326],[16.593,15.435],[17.322,15.666],[17.876,15.805],[18.142,15.805],[18.951,15.608],[19.068,15.563],[19.367,15.689],[19.911,15.874],[20.108,15.917]]]},"properties":{"id":"bulgeda","name":"Bulgeda","family":"Nilo-Saharan","glottocode":"teda1241","language":"Tedaga","group":"Teda","ea":"Cc2","lat":17.1167,"lon":17.973}},
{"type":"Feature","geometry":{"type":"Polygon","coordinates":[[[42.05,8.094],[41.302,8.123],[41.008,8.174],[40.646,8.377],[40.233,8.802],[40.075,9.1],[39.895,8.941],[39.587,8.62],[39.526,8.477],[39.341,8.238],[39.128,8.124],[39.143,7.729],[38.99,7.21],[39.031,6.314],[39.107,6.06],[39.396,5.616],[39.58,5.37],[39.71,5.254],[39.867,5.022],[39.994,4.915],[40.359,5.07],[40.789,5.411],[41.165,5.623],[41.739,5.787],[41.889,5.777],[42.179,6.028],[42.389,6.265],[42.434,6.638],[42.416,7.021],[42.325,7.403],[42.225,7.576],[42.05,8.094]]]},"properties":{"id":"arusi","name":"Arusi","family":"Afro-Asiatic","glottocode":"bora1271","language":"Borana-Arsi-Guji Oromo","group":"Galla","ea":"Ca11","lat":6.925064,"lon":40.5771}},
{"type":"Feature","geometry":{"type":"Polygon","coordinates":[[[6.325,14.342],[6.613,14.268],[7.155,14.347],[7.619,14.485],[8.233,14.646],[8.359,14.929],[8.497,15.117],[8.714,15.176],[9,15.146],[9.148,15.038],[9.444,14.683],[9.56,14.613],[10.198,14.682],[10.201,14.88],[10.3,15.501],[10.458,16.054],[10.615,16.458],[10.93,16.821],[11.079,17.306],[11.424,18.066],[11.533,18.436],[11.651,19.165],[11.748,19.853],[11.602,20.694],[11.493,21.538],[11.395,22.583],[11.395,22.918],[11.395,22.971],[10.645,23.365],[10.004,23.73],[9.6,23.927],[9.353,23.997],[8.647,23.93],[8.582,23.336],[8.493,22.898],[8.291,22.326],[7.988,21.832],[7.438,21.226],[7.045,20.755],[6.809,20.39],[6.596,19.953],[6.36,19.706],[6.275,19.666],[6.21,19.381],[6.171,19.007],[6.072,18.444],[6.023,17.732],[6.072,17.111],[6.181,16.332],[6.053,15.481],[5.925,15.019],[6.13,14.87],[6.325,14.342]]]},"properties":{"id":"asben","name":"Asben","family":"Afro-Asiatic","glottocode":"taya1257","language":"Tayart Tamajeq","group":"Tuareg","ea":"Cc10","lat":18.8712,"lon":8.898181}},
{"type":"Feature","geometry":{"type":"Polygon","coordinates":[[[-5.011,5.397],[-5.331,5.391],[-5.438,5.319],[-5.413,5.161],[-5.183,5.216],[-5.033,5.215],[-4.977,5.131],[-4.63,5.177],[-4.205,5.203],[-4.179,5.289],[-3.996,5.316],[-4.025,5.367],[-4.304,5.375],[-5.011,5.397]]]},"properties":{"id":"avikam","name":"Avikam","family":"Niger-Congo","glottocode":"avik1243","language":"Avikam","group":"Akan","ea":"Af45","lat":5.287436,"lon":-4.78441}},
{"type":"Feature","geometry":{"type":"Polygon","coordinates":[[[0.233,7.279],[0.243,7.282],[0.243,7.381],[0.109,7.584],[-0.182,7.81],[-0.251,7.912],[-0.246,8.175],[-0.459,8.18],[-0.875,8.055],[-0.981,8.06],[-1.146,8.279],[-1.554,7.852],[-1.97,7.547],[-2.229,7.459],[-2.645,7.274],[-2.885,7.095],[-2.73,6.851],[-2.534,6.638],[-2.333,6.252],[-2.291,5.955],[-2.333,5.64],[-2.427,5.315],[-2.423,5.316],[-2.416,5.319],[-2.273,5.218],[-2.184,5.094],[-2.184,5.011],[-2.187,5.001],[-2.202,4.951],[-2.223,4.841],[-1.974,4.745],[-1.751,4.873],[-1.613,5.021],[-1.516,5.036],[-1.535,5.282],[-1.351,5.479],[-1.005,5.669],[-1.069,5.805],[-1.106,6.156],[-0.926,6.443],[-0.722,6.711],[-0.288,7.108],[-0.103,7.214],[0.233,7.279]]]},"properties":{"id":"ashanti","name":"Ashanti","family":"Niger-Congo","glottocode":"asan1239","language":"Asante","group":"Akan","ea":"Af3","lat":6.74185,"lon":-1.45238}},
{"type":"Feature","geometry":{"type":"Polygon","coordinates":[[[1.21,7.267],[1.243,7.256],[1.491,7.293],[1.606,7.362],[1.754,7.538],[1.902,7.773],[1.976,7.964],[1.694,8.028],[1.361,7.995],[1.311,7.653],[1.21,7.267]]]},"properties":{"id":"ana","name":"Ana","family":"Niger-Congo","glottocode":"egba1238","language":"Egba","group":"Yoruba","ea":"Af32","lat":7.676046,"lon":1.558395}},
{"type":"Feature","geometry":{"type":"Polygon","coordinates":[[[-4.075,6.375],[-3.954,6.109],[-3.942,5.919],[-4.026,5.683],[-3.532,5.569],[-3.425,5.842],[-3.455,6.127],[-3.651,6.507],[-3.841,6.531],[-4.075,6.375]]]},"properties":{"id":"attie","name":"Attie","family":"Niger-Congo","glottocode":"atti1239","language":"Attié","group":"Akan","ea":"Af41","lat":6.045857,"lon":-3.73501}},
{"type":"Feature","geometry":{"type":"Polygon","coordinates":[[[13.794,5.355],[13.691,5.47],[13.582,5.683],[13.266,5.822],[13.23,5.877],[12.972,5.947],[12.93,5.614],[12.93,5.208],[12.962,5.058],[13.229,4.836],[13.721,4.815],[13.788,5.149],[13.794,5.355]]]},"properties":{"id":"kepere","name":"Kepere","family":"Niger-Congo","glottocode":"fang1246","language":"Fang (Equatorial Guinea)","group":"Fang-Dzem","ea":"Ae3","lat":5.334927,"lon":13.3288}},
{"type":"Feature","geometry":{"type":"MultiPolygon","coordinates":[[[[-2.578,5.281],[-2.641,5.284],[-2.736,5.284],[-2.819,5.29],[-2.926,5.331],[-2.98,5.29],[-3.133,5.312],[-3.264,5.108],[-3.149,5.096],[-2.33,4.914],[-2.223,4.841],[-2.202,4.951],[-2.187,5.001],[-2.184,5.011],[-2.184,5.094],[-2.273,5.218],[-2.416,5.319],[-2.423,5.316],[-2.427,5.315],[-2.442,5.308],[-2.517,5.278],[-2.578,5.281]]],[[[-3.253,5.284],[-3.318,5.403],[-3.33,5.456],[-3.318,5.486],[-3.306,5.515],[-3.492,5.526],[-3.49,5.524],[-3.485,5.515],[-3.508,5.456],[-3.527,5.429],[-3.574,5.361],[-3.645,5.232],[-3.676,5.176],[-3.67,5.175],[-3.627,5.17],[-3.573,5.155],[-3.463,5.142],[-3.399,5.124],[-3.297,5.118],[-3.253,5.284]]]]},"properties":{"id":"assini","name":"Assini","family":"Niger-Congo","glottocode":"abur1243","language":"Abure","group":"Akan","ea":"Af40","lat":5.180109,"lon":-2.86645}},
{"type":"Feature","geometry":{"type":"Polygon","coordinates":[[[30.095,18.854],[30.025,19.168],[30.054,19.395],[30.015,19.888],[30.064,20.194],[30.182,21.348],[30.283,21.995],[29.417,21.995],[29.275,21.79],[29.107,21.652],[28.871,21.603],[28.22,21.593],[28.036,21.61],[27.926,21.338],[27.876,21.092],[27.788,20.293],[27.699,19.819],[27.6,19.445],[27.61,19.198],[27.669,18.981],[27.755,18.917],[27.827,18.863],[28.527,19.02],[28.813,19.04],[29.178,19.03],[29.415,18.991],[29.622,18.912],[30.095,18.854]]]},"properties":{"id":"kerarish","name":"Kerarish","family":"Nilo-Saharan","glottocode":"kenu1236","language":"Kenuzi-Dongola","group":"Nubians","ea":"Cd1","lat":20.3515,"lon":28.9826}},
{"type":"Feature","geometry":{"type":"Polygon","coordinates":[[[26.451,3.393],[26.379,3.208],[26.693,2.961],[26.868,2.763],[27.033,2.859],[27.468,3.04],[27.582,3.201],[27.577,3.434],[27.435,3.576],[27.378,3.723],[27.486,3.797],[27.645,3.785],[27.94,3.848],[28.042,3.795],[28.405,3.802],[28.643,3.768],[28.683,3.627],[28.501,3.49],[28.496,3.354],[28.666,3.246],[28.933,3.269],[29.295,3.559],[29.387,3.75],[29.568,3.99],[29.564,3.991],[29.206,4.105],[29.051,4.308],[29.1,4.443],[29.479,4.632],[29.421,4.905],[29.196,5.322],[29.058,5.708],[28.882,5.898],[28.526,6.157],[28.008,6.297],[27.898,6.235],[27.792,5.921],[27.734,5.839],[27.516,5.708],[27.434,5.602],[27.212,5.543],[26.975,5.345],[26.728,5.055],[26.694,4.765],[26.54,4.771],[26.24,4.557],[26.094,4.533],[25.495,4.736],[25.383,5.002],[25.393,5.142],[25.601,5.529],[25.936,5.605],[25.947,6.21],[25.382,6.203],[25.156,6.142],[24.766,5.969],[24.558,5.83],[24.289,5.57],[24.107,5.293],[23.831,5.043],[23.721,4.865],[23.415,4.672],[23.156,4.583],[23.108,3.94],[23.082,3.775],[23.533,3.871],[23.862,3.91],[24.089,3.888],[24.146,3.768],[24.043,3.689],[23.828,3.655],[23.714,3.57],[23.731,3.434],[23.924,3.405],[24.06,3.462],[24.225,3.349],[24.22,3.143],[24.527,2.902],[24.654,2.927],[24.858,3.057],[25.006,3.505],[25.272,3.641],[25.692,3.602],[25.97,3.721],[26.322,3.8],[26.341,3.865],[26.551,4.024],[26.835,4.029],[27.181,4.097],[27.249,3.978],[27.141,3.638],[27.141,3.473],[27.033,3.303],[26.806,3.298],[26.451,3.393]]]},"properties":{"id":"azande","name":"Azande","family":"Niger-Congo","glottocode":"zand1248","language":"Zande","group":"Azande","ea":"Ai3","lat":4.575548,"lon":26.4514}},
{"type":"Feature","geometry":{"type":"Polygon","coordinates":[[[18.768,-10.32],[18.985,-10.03],[19.128,-9.791],[19.192,-9.583],[19.108,-9.202],[18.914,-8.755],[18.571,-8.302],[18.342,-8.096],[18.137,-8.218],[17.883,-8.28],[17.89,-8.383],[17.795,-8.685],[17.511,-8.944],[17.398,-9.022],[17.265,-9.088],[17.156,-9.218],[17.079,-9.404],[17.052,-9.486],[17.014,-9.6],[17.01,-9.604],[17.582,-9.896],[17.866,-10.038],[18.238,-10.169],[18.768,-10.32]]]},"properties":{"id":"mbangala","name":"Mbangala","family":"Niger-Congo","glottocode":"chok1245","language":"Chokwe","group":"Lunda","ea":"Ac12","lat":-9.29804,"lon":18.2288}},
{"type":"Feature","geometry":{"type":"Polygon","coordinates":[[[31.057,-15.99],[30.907,-15.945],[30.36,-15.668],[30.28,-15.603],[30.083,-15.693],[29.578,-15.836],[29.482,-15.82],[29.006,-16.181],[28.796,-16.543],[28.333,-16.98],[28.073,-17.333],[28.001,-17.521],[28.15,-17.961],[28.352,-18.23],[28.781,-18.373],[29.134,-18.626],[29.252,-18.777],[29.377,-19.179],[29.68,-19.128],[29.666,-18.733],[29.565,-18.203],[29.624,-18.051],[29.75,-17.959],[29.867,-17.774],[29.994,-17.421],[30.078,-17.37],[30.431,-17.294],[30.692,-17.118],[30.818,-16.815],[31.048,-16.591],[31.075,-16.408],[31.041,-16.248],[31.057,-15.99]]]},"properties":{"id":"korekore","name":"Korekore","family":"Niger-Congo","glottocode":"nort2795","language":"Zimbabwean Ndebele","group":"Nguni","ea":"Ab9","lat":-17.115,"lon":29.5116}},
{"type":"Feature","geometry":{"type":"Polygon","coordinates":[[[8.647,23.93],[9.353,23.997],[9.6,23.927],[10.004,23.73],[10.645,23.365],[11.395,22.971],[11.395,22.918],[12.061,23.547],[12.683,24.296],[13.066,24.696],[12.86,25.391],[12.673,26.634],[12.673,26.785],[11.913,26.881],[11.312,26.92],[10.858,26.999],[10.503,27.131],[10.158,27.466],[10.099,27.693],[9.97,28.009],[9.714,28.961],[9.665,29.197],[9.674,29.914],[9.329,29.908],[9.053,30.065],[8.964,30.312],[8.954,30.465],[8.501,30.273],[7.512,29.927],[7.207,29.829],[6.733,29.779],[6.23,29.622],[5.826,29.464],[5.234,29.188],[4.642,28.823],[4.197,28.563],[4.184,28.035],[4.857,27.685],[5.092,27.516],[5.317,27.281],[5.451,26.989],[5.418,26.675],[5.418,26.147],[5.474,25.968],[5.631,25.754],[5.855,25.609],[6.72,25.294],[7.168,25.081],[7.471,24.812],[7.696,24.554],[8.01,24.374],[8.324,24.262],[8.582,24.037],[8.647,23.93]]]},"properties":{"id":"azjer","name":"Azjer","family":"Afro-Asiatic","glottocode":"ghat1242","language":"Ghat","group":"Tuareg","ea":"Cc11","lat":26.6951,"lon":8.744504}},
{"type":"Feature","geometry":{"type":"Polygon","coordinates":[[[26.322,3.8],[25.97,3.721],[25.692,3.602],[25.272,3.641],[25.006,3.505],[24.858,3.057],[24.654,2.927],[24.527,2.902],[24.534,2.666],[24.619,2.546],[24.925,2.354],[24.982,2.24],[24.908,1.951],[24.772,1.832],[24.511,1.678],[24.258,1.64],[24.178,1.492],[24.018,1.333],[24.328,1.195],[24.714,1.239],[24.835,1.463],[25.13,1.571],[25.312,1.543],[25.678,1.217],[26.107,1.617],[25.874,1.792],[25.828,1.912],[25.834,2.388],[25.811,2.694],[25.845,2.955],[25.998,3.154],[26.231,3.239],[26.379,3.208],[26.451,3.393],[26.322,3.8]]]},"properties":{"id":"babwa","name":"Babwa","family":"Niger-Congo","glottocode":"bwaa1238","language":"Bwa","group":"Babwa-Bira","ea":"Ae7","lat":2.490658,"lon":25.3408}},
{"type":"Feature","geometry":{"type":"Polygon","coordinates":[[[12.17,9.669],[12.131,9.67],[11.824,9.642],[11.67,9.544],[11.699,9.334],[11.878,9.298],[12.223,9.292],[12.329,9.434],[12.17,9.669]]]},"properties":{"id":"bachama","name":"Bachama","family":"Niger-Congo","glottocode":"momj1237","language":"Mom Jango","group":"Chamba-Yungur","ea":"Ah32","lat":9.470139,"lon":11.9918}},
{"type":"Feature","geometry":{"type":"Polygon","coordinates":[[[-14.348,10.754],[-14.484,10.921],[-14.555,10.921],[-14.609,10.86],[-14.659,10.797],[-14.663,10.782],[-14.708,10.757],[-14.664,10.477],[-14.463,10.337],[-14.221,10.102],[-13.787,9.842],[-13.708,10.01],[-13.936,10.225],[-14.069,10.372],[-14.144,10.462],[-14.163,10.486],[-14.201,10.54],[-14.243,10.599],[-14.33,10.706],[-14.34,10.732],[-14.348,10.754]]]},"properties":{"id":"baga","name":"Baga","family":"Niger-Congo","glottocode":"mbul1258","language":"Mbulungish","group":"Guinea","ea":"Ag14","lat":10.3823,"lon":-14.2526}},
{"type":"Feature","geometry":{"type":"Polygon","coordinates":[[[17.341,11.658],[17.271,11.852],[17.166,11.975],[17.015,12.036],[16.778,11.982],[16.198,11.951],[15.773,11.982],[15.479,11.964],[15.516,11.862],[15.551,11.458],[15.902,10.841],[16.4,10.454],[16.564,10.402],[16.79,10.403],[17.031,10.514],[17.194,10.707],[16.981,11.057],[16.901,11.112],[16.809,11.34],[16.913,11.544],[17.037,11.599],[17.341,11.658]]]},"properties":{"id":"bagirmi","name":"Bagirmi","family":"Nilo-Saharan","glottocode":"bagi1246","language":"Bagirmi","group":"Bagirmi-Sara","ea":"Ai21","lat":11.3021,"lon":16.4052}},
{"type":"Feature","geometry":{"type":"Polygon","coordinates":[[[42.483,-0.454],[42.563,-0.314],[42.662,-0.218],[42.714,-0.182],[42.752,-0.144],[42.76,-0.139],[42.775,-0.125],[42.779,-0.123],[42.788,-0.114],[42.672,-0.009],[42.157,-0.379],[42.057,-0.561],[42.02,-0.617],[42.011,-0.63],[41.931,-0.75],[41.911,-0.779],[41.747,-0.998],[41.565,-1.189],[41.437,-1.34],[41.41,-1.371],[41.385,-1.391],[41.228,-1.508],[41.046,-1.645],[40.956,-1.742],[40.937,-1.763],[40.91,-1.881],[41.019,-2.046],[41.17,-1.997],[41.414,-1.853],[41.644,-1.571],[41.984,-0.997],[42.159,-0.815],[42.326,-0.591],[42.483,-0.454]]]},"properties":{"id":"bajun","name":"Bajun","family":"Niger-Congo","glottocode":"baju1245","language":"Bajuni","group":"Swahili","ea":"Ad1","lat":-1.13974,"lon":41.7521}},
{"type":"Feature","geometry":{"type":"Polygon","coordinates":[[[37.229,6.012],[37.16,6.046],[36.607,6.081],[36.449,6.142],[36.347,6.265],[36.219,6.56],[36.051,6.486],[35.977,6.058],[36.097,5.958],[36.104,5.835],[36.007,5.506],[36.11,5.365],[36.404,5.33],[36.848,5.357],[36.937,5.385],[37.094,5.835],[37.229,6.012]]]},"properties":{"id":"bako","name":"Bako","family":"Afro-Asiatic","glottocode":"aari1239","language":"Aari","group":"Cushites, Western","ea":"Ca23","lat":5.81759,"lon":36.4929}},
{"type":"Feature","geometry":{"type":"Polygon","coordinates":[[[0.436,8.378],[0.451,8.49],[0.128,8.619],[-0.052,8.656],[-0.202,8.629],[-0.251,8.485],[-0.246,8.175],[-0.251,7.912],[-0.182,7.81],[0.109,7.584],[0.243,7.381],[0.243,7.282],[0.438,7.295],[0.382,7.501],[0.433,7.755],[0.396,7.852],[0.46,8.067],[0.436,8.378]]]},"properties":{"id":"krachi","name":"Krachi","family":"Niger-Congo","glottocode":"dagb1246","language":"Dagbani","group":"Mole","ea":"Ag44","lat":8.069766,"lon":0.119419}},
{"type":"Feature","geometry":{"type":"Polygon","coordinates":[[[-7.154,6.027],[-7.481,6.015],[-7.469,5.569],[-7.4,5.373],[-7.125,5.284],[-7.071,5.082],[-7.125,4.892],[-7.243,4.773],[-7.487,4.637],[-7.442,4.348],[-7.184,4.52],[-7.066,4.531],[-6.912,4.656],[-6.737,4.684],[-6.414,4.82],[-6.406,4.945],[-6.293,5.1],[-6.436,5.367],[-6.518,5.621],[-6.632,5.759],[-7.018,5.984],[-7.154,6.027]]]},"properties":{"id":"bakwe","name":"Bakwe","family":"Niger-Congo","glottocode":"bakw1243","language":"Bakwé","group":"Kru","ea":"Af46","lat":5.278991,"lon":-6.94432}},
{"type":"Feature","geometry":{"type":"Polygon","coordinates":[[[31.389,15.193],[31.242,15.354],[31.015,15.315],[30.63,15.315],[30.374,15.364],[30.226,15.344],[30.068,15.108],[29.95,14.999],[29.545,14.841],[29.348,14.841],[28.904,14.94],[28.805,14.782],[28.815,14.636],[29.188,14.408],[29.502,14.387],[29.85,14.531],[30.294,14.62],[30.506,14.722],[30.697,14.9],[30.923,14.995],[31.291,15.036],[31.389,15.193]]]},"properties":{"id":"anag","name":"Anag","family":"Afro-Asiatic","glottocode":"nort3133","language":"North Kordofan Arabic","group":"Arabs, Bedoin","ea":"Cc6","lat":14.8828,"lon":30.0714}},
{"type":"Feature","geometry":{"type":"Polygon","coordinates":[[[10.071,33.95],[9.629,34.008],[9.313,34.012],[9.304,33.808],[9.219,33.631],[9.471,33.75],[9.669,33.75],[9.797,33.583],[9.688,33.346],[9.53,33.326],[9.241,33.361],[9.126,33.226],[8.882,33.147],[8.895,32.733],[8.974,32.28],[9.083,32.073],[9.369,31.836],[9.566,31.764],[10.146,32.021],[10.193,32.24],[10.42,32.694],[10.647,32.96],[11.114,33.392],[11.11,33.545],[10.988,33.636],[10.904,33.531],[10.689,33.494],[10.725,33.676],[10.473,33.639],[10.166,33.829],[10.071,33.95]]]},"properties":{"id":"arad","name":"Arad","family":"Afro-Asiatic","glottocode":"sout3114","language":"South-Western Tunisian","group":"Arabs, Bedoin","ea":"Cd13","lat":32.9112,"lon":9.828907}},
{"type":"Feature","geometry":{"type":"MultiPolygon","coordinates":[[[[-15.432,12.609],[-15.627,12.531],[-15.778,12.586],[-15.832,12.551],[-15.863,12.576],[-15.887,12.579],[-15.905,12.575],[-15.917,12.577],[-15.92,12.577],[-15.887,12.517],[-15.857,12.496],[-15.84,12.484],[-15.82,12.397],[-15.827,12.369],[-15.83,12.357],[-15.789,12.305],[-15.78,12.294],[-15.758,12.28],[-15.7,12.241],[-15.559,12.053],[-15.499,11.993],[-15.46,11.935],[-15.208,11.902],[-15.08,11.985],[-14.994,11.962],[-14.931,11.978],[-14.923,11.98],[-14.924,11.986],[-14.93,12.067],[-14.97,12.147],[-15.03,12.221],[-15.044,12.237],[-15.117,12.328],[-15.204,12.415],[-15.247,12.457],[-15.311,12.522],[-15.432,12.609]]],[[[-15.556,12.628],[-15.539,12.659],[-15.56,12.723],[-15.679,12.776],[-15.82,12.79],[-15.894,12.769],[-15.946,12.76],[-15.947,12.758],[-15.953,12.758],[-15.929,12.612],[-15.926,12.611],[-15.923,12.608],[-15.914,12.595],[-15.897,12.594],[-15.794,12.615],[-15.669,12.607],[-15.556,12.628]]]]},"properties":{"id":"balante","name":"Balante","family":"Niger-Congo","glottocode":"bala1301","language":"Balanta-Kentohe","group":"Guinea","ea":"Ag15","lat":12.3249,"lon":-15.4516}},
{"type":"Feature","geometry":{"type":"Polygon","coordinates":[[[32.133,5.369],[31.853,5.371],[31.576,5.461],[31.526,5.23],[31.328,4.527],[31.268,4.131],[31.69,4.11],[31.897,4.148],[32.073,4.667],[32.107,4.786],[32.154,5.322],[32.133,5.369]]]},"properties":{"id":"bari","name":"Bari","family":"Nilo-Saharan","glottocode":"ligo1238","language":"Ligo","group":"Bari-Lotuko","ea":"Aj8","lat":4.743603,"lon":31.7264}},
{"type":"Feature","geometry":{"type":"Polygon","coordinates":[[[8.104,8.016],[8.279,7.75],[8.453,7.975],[8.644,8.074],[9.072,8.069],[9.111,8.338],[8.92,8.332],[8.656,8.375],[8.56,8.429],[8.333,8.407],[8.104,8.016]]]},"properties":{"id":"arago","name":"Arago","family":"Niger-Congo","glottocode":"tivv1240","language":"Tiv","group":"Tiv-Jukun","ea":"Ah3","lat":8.162073,"lon":8.560751}},
{"type":"Feature","geometry":{"type":"Polygon","coordinates":[[[-4.974,14.512],[-5.132,15.052],[-5.227,15.128],[-5.461,14.983],[-5.67,14.724],[-5.853,14.559],[-5.961,14.534],[-6.037,14.648],[-5.935,15.09],[-5.98,15.388],[-6.037,15.451],[-6.298,15.441],[-6.416,14.906],[-6.504,14.719],[-6.67,14.66],[-7.112,14.66],[-7.317,14.857],[-7.523,14.758],[-7.739,14.709],[-7.933,14.567],[-7.755,14.5],[-7.613,14.348],[-7.537,14.121],[-7.651,13.974],[-8.491,13.912],[-8.487,13.492],[-8.534,13.079],[-8.729,12.6],[-8.824,12.498],[-8.634,12.378],[-8.336,12.384],[-8.191,12.353],[-8.001,12.213],[-7.988,11.897],[-7.925,11.461],[-7.862,11.397],[-7.647,11.385],[-7.533,11.619],[-7.375,11.575],[-7.229,11.296],[-7.153,10.974],[-6.964,10.803],[-6.78,10.581],[-6.581,10.276],[-6.275,10.373],[-6.119,10.482],[-6.078,10.658],[-6.205,10.747],[-6.439,10.784],[-6.452,10.93],[-6.338,11.056],[-6.066,11.158],[-5.939,11.594],[-5.933,11.771],[-6.104,11.986],[-6.116,12.145],[-6.009,12.258],[-5.806,12.322],[-5.718,12.404],[-5.686,12.752],[-5.642,12.866],[-5.471,13.011],[-5.313,13.062],[-4.604,13.144],[-4.396,13.411],[-4.33,13.679],[-4.434,13.698],[-4.459,13.837],[-4.282,13.995],[-4.243,14.208],[-4.386,14.312],[-4.854,14.085],[-5.195,14.015],[-5.638,13.857],[-5.872,13.851],[-5.935,13.914],[-5.828,14.104],[-5.442,14.268],[-4.974,14.512]]]},"properties":{"id":"bambara","name":"Bambara","family":"Niger-Congo","glottocode":"bamb1269","language":"Bambara","group":"Mande, Nuclear","ea":"Ag1","lat":13.076,"lon":-6.66268}},
{"type":"Feature","geometry":{"type":"Polygon","coordinates":[[[10.906,5.075],[10.846,5.1],[10.786,5.447],[10.67,5.715],[10.326,5.698],[9.931,5.523],[9.902,5.458],[10.081,5.311],[10.126,5.195],[10.203,5.139],[10.269,4.958],[10.321,4.658],[10.601,4.846],[10.86,4.892],[10.906,5.075]]]},"properties":{"id":"bamileke","name":"Bamileke","family":"Niger-Congo","glottocode":"fefe1239","language":"Fe'fe'","group":"Cameroon Highlands","ea":"Ae5","lat":5.261546,"lon":10.4537}},
{"type":"Feature","geometry":{"type":"Polygon","coordinates":[[[32.206,-13.843],[32.863,-13.904],[32.958,-13.885],[33.008,-13.715],[32.958,-13.513],[32.825,-13.261],[32.761,-13.223],[31.763,-13.327],[31.638,-13.447],[31.607,-13.509],[31.81,-13.664],[32.206,-13.843]]]},"properties":{"id":"mpezeni","name":"Mpezeni","family":"Niger-Congo","glottocode":"ngon1269","language":"Tanzania-Mozambique Ngoni","group":"Nguni","ea":"Ac9","lat":-13.5624,"lon":32.3865}},
{"type":"Feature","geometry":{"type":"Polygon","coordinates":[[[25.947,6.21],[26.058,6.233],[26.164,6.344],[26.212,6.494],[26.227,6.741],[26.208,7.094],[26.169,7.292],[25.998,7.805],[25.834,7.792],[25.595,7.833],[25.219,7.936],[24.55,8.004],[24.147,8.141],[24.004,8.236],[23.73,8.56],[23.315,8.56],[22.53,8.635],[21.635,8.668],[21.165,8.498],[20.774,8.454],[20.389,8.127],[19.867,7.912],[19.56,7.698],[19.167,7.333],[19.06,7.291],[18.345,7.269],[18.087,7.276],[17.416,7.226],[17.197,7.122],[17.166,7.031],[17.395,6.936],[17.721,6.82],[17.84,6.661],[18.056,6.638],[18.493,6.797],[18.918,6.837],[19.185,7.007],[19.338,6.944],[19.378,6.814],[19.565,6.638],[19.644,6.49],[19.559,6.309],[19.168,6.161],[18.998,6.059],[18.663,6.042],[18.515,5.991],[18.532,5.838],[18.697,5.719],[18.93,5.469],[18.958,5.344],[18.861,5.106],[18.578,4.993],[18.385,4.874],[18.328,4.737],[18.338,4.421],[18.545,4.413],[18.684,4.455],[18.927,4.634],[19.194,5.195],[19.307,5.286],[19.625,5.399],[19.744,5.399],[20.697,5.104],[21.307,4.815],[21.886,4.604],[22.195,4.769],[22.779,4.996],[23.398,5.149],[23.681,5.109],[23.831,5.043],[24.107,5.293],[24.289,5.57],[24.558,5.83],[24.766,5.969],[25.156,6.142],[25.382,6.203],[25.947,6.21]]]},"properties":{"id":"banda","name":"Banda","family":"Niger-Congo","glottocode":"west2458","language":"West Central Banda","group":"Banda-Baya","ea":"Ai1","lat":6.717449,"lon":22.1551}},
{"type":"Feature","geometry":{"type":"Polygon","coordinates":[[[9.931,5.523],[9.768,5.673],[9.694,5.846],[9.58,6.478],[9.406,6.42],[9.291,6.1],[9.164,5.854],[9.16,5.327],[9.423,5.265],[9.902,5.458],[9.931,5.523]]]},"properties":{"id":"anyang","name":"Anyang","family":"Niger-Congo","glottocode":"tivv1240","language":"Tiv","group":"Tiv-Jukun","ea":"Ah3","lat":5.770053,"lon":9.47273}},
{"type":"Feature","geometry":{"type":"Polygon","coordinates":[[[7.502,8.015],[7.223,8.161],[6.971,8.117],[6.874,7.863],[7.168,7.785],[7.273,7.674],[7.475,7.742],[7.559,7.826],[7.502,8.015]]]},"properties":{"id":"basa","name":"Basa","family":"Niger-Congo","glottocode":"basa1282","language":"Basa (Nigeria)","group":"Niger, Middle","ea":"Ah11","lat":7.93205,"lon":7.225309}},
{"type":"Feature","geometry":{"type":"Polygon","coordinates":[[[-15.92,12.577],[-16.035,12.63],[-16.193,12.576],[-16.222,12.6],[-16.249,12.585],[-16.292,12.589],[-16.306,12.596],[-16.311,12.594],[-16.314,12.588],[-16.304,12.538],[-16.295,12.497],[-16.288,12.468],[-16.275,12.417],[-16.272,12.377],[-16.268,12.33],[-16.257,12.26],[-16.112,12.342],[-15.88,12.33],[-15.833,12.343],[-15.831,12.352],[-15.83,12.357],[-15.827,12.369],[-15.82,12.397],[-15.84,12.484],[-15.857,12.496],[-15.887,12.517],[-15.92,12.577]]]},"properties":{"id":"banyun","name":"Banyun","family":"Niger-Congo","glottocode":"bain1259","language":"Bainounk-Gujaher","group":"Guinea","ea":"Ag16","lat":12.4566,"lon":-16.0763}},
{"type":"Feature","geometry":{"type":"Polygon","coordinates":[[[32.913,24.059],[32.797,24.05],[32.796,24.05],[32.579,24.069],[32.576,24.07],[32.362,24.089],[32.086,24.139],[31.642,24.277],[31.643,24.285],[31.644,24.29],[31.514,24.145],[31.297,23.79],[30.873,23.169],[30.537,22.567],[30.283,21.995],[30.182,21.348],[30.064,20.194],[30.015,19.888],[30.054,19.395],[30.025,19.168],[30.095,18.854],[30.182,18.369],[30.311,18.162],[30.626,17.985],[31.038,17.927],[31.021,18.113],[31.08,18.34],[31.188,18.429],[31.652,18.557],[31.943,18.759],[32.165,19.03],[32.564,19.383],[32.368,20.02],[32.131,21.134],[32.062,21.825],[31.974,22.002],[31.974,22.229],[32.122,22.584],[32.299,22.781],[32.723,23.176],[32.901,23.649],[32.913,24.059]]]},"properties":{"id":"barabra","name":"Barabra","family":"Nilo-Saharan","glottocode":"kenu1236","language":"Kenuzi-Dongola","group":"Nubians","ea":"Cd1","lat":21.037,"lon":31.3082}},
{"type":"Feature","geometry":{"type":"Polygon","coordinates":[[[37.114,15.82],[37.114,15.81],[37.093,15.795],[37.046,15.762],[37.071,15.484],[37.12,15.441],[37.406,15.421],[37.7,15.462],[37.809,15.615],[37.761,15.658],[37.709,15.728],[37.702,15.737],[37.695,15.75],[37.653,15.826],[37.613,15.906],[37.475,15.869],[37.298,15.825],[37.278,15.82],[37.114,15.82]]]},"properties":{"id":"barea","name":"Barea","family":"Nilo-Saharan","glottocode":"nara1262","language":"Nara","group":"Barea-Kunama","ea":"Ca32","lat":15.6354,"lon":37.4096}},
{"type":"Feature","geometry":{"type":"Polygon","coordinates":[[[1.005,9.492],[0.789,9.437],[0.614,9.464],[0.511,9.183],[0.516,8.97],[0.715,8.85],[0.876,8.97],[1.057,9.16],[1.144,9.394],[1.005,9.492]]]},"properties":{"id":"basari","name":"Basari","family":"Niger-Congo","glottocode":"ntch1242","language":"Ntcham","group":"Borgu-Mango","ea":"Ag48","lat":9.196526,"lon":0.790779}},
{"type":"Feature","geometry":{"type":"Polygon","coordinates":[[[29.133,-1.758],[28.571,-1.686],[28.407,-1.703],[28.317,-2.03],[28.418,-2.295],[28.544,-2.491],[28.569,-3.02],[28.613,-3.146],[28.764,-3.222],[29.099,-3.298],[29.181,-3.28],[29.281,-3.241],[29.265,-2.697],[29.123,-2.47],[29.047,-2.079],[29.133,-1.758]]]},"properties":{"id":"bashi","name":"Bashi","family":"Niger-Congo","glottocode":"shii1238","language":"Shi","group":"West Lacustrine Bantu","ea":"Ae13","lat":-2.47415,"lon":28.8244}},
{"type":"Feature","geometry":{"type":"Polygon","coordinates":[[[12.939,10.196],[12.718,10.115],[12.661,9.559],[12.959,9.268],[13.443,9.483],[13.38,9.956],[13.121,10.137],[12.939,10.196]]]},"properties":{"id":"bata","name":"Bata","family":"Afro-Asiatic","glottocode":"bata1314","language":"Bata","group":"Mandara Highlands","ea":"Ah34","lat":9.734638,"lon":13.0346}},
{"type":"Feature","geometry":{"type":"Polygon","coordinates":[[[-4.345,5.605],[-4.197,5.704],[-4.417,5.961],[-4.673,6.018],[-4.913,5.942],[-4.933,5.646],[-4.345,5.605]]]},"properties":{"id":"ari","name":"Ari","family":"Niger-Congo","glottocode":"baou1238","language":"Baoulé","group":"Akan","ea":"Af9","lat":5.795314,"lon":-4.59346}},
{"type":"Feature","geometry":{"type":"Polygon","coordinates":[[[8.628,6.387],[8.445,6.318],[8.324,6.13],[8.121,6.069],[8.071,5.986],[8.579,5.89],[8.692,6.149],[8.707,6.313],[8.628,6.387]]]},"properties":{"id":"mbembe","name":"Mbembe","family":"Niger-Congo","glottocode":"ejag1239","language":"Ejagham","group":"Cross River","ea":"Af18","lat":6.110755,"lon":8.464257}},
{"type":"Feature","geometry":{"type":"Polygon","coordinates":[[[-3.467,7.791],[-3.764,7.772],[-3.859,7.635],[-4.049,7.517],[-4.197,7.505],[-4.435,7.576],[-4.5,7.718],[-4.489,7.861],[-4.595,7.98],[-4.85,8.104],[-5.224,8.17],[-5.44,8.162],[-5.658,7.926],[-5.794,7.54],[-5.705,7.214],[-5.581,7.041],[-5.266,6.863],[-5.147,6.655],[-5.107,6.37],[-4.993,6.222],[-4.913,5.942],[-4.673,6.018],[-4.666,6.299],[-4.637,6.442],[-4.512,6.685],[-4.274,6.97],[-3.995,7.154],[-3.675,7.036],[-3.52,7.172],[-3.467,7.791]]]},"properties":{"id":"baule","name":"Baule","family":"Niger-Congo","glottocode":"baou1238","language":"Baoulé","group":"Akan","ea":"Af9","lat":7.285249,"lon":-4.79086}},
{"type":"Feature","geometry":{"type":"Polygon","coordinates":[[[13.721,4.815],[13.748,4.799],[14.158,4.912],[14.407,4.937],[14.656,4.888],[14.795,4.73],[14.862,4.463],[14.977,4.318],[15.305,4.263],[15.424,4.176],[15.693,4.202],[16.087,4.354],[16.445,4.627],[16.815,4.451],[16.997,4.221],[16.958,3.81],[17.223,3.786],[17.285,3.82],[17.291,4.105],[17.479,4.209],[17.773,4.275],[17.878,4.401],[17.875,5.241],[17.688,5.706],[17.487,6.065],[17.181,6.343],[17.198,6.507],[17.395,6.936],[17.166,7.031],[16.948,6.888],[16.614,6.524],[16.455,6.479],[16.285,6.502],[16.143,6.598],[16.018,6.837],[15.734,6.95],[14.889,6.995],[14.726,6.992],[14.68,6.881],[14.431,6.697],[14.181,6.646],[13.897,6.737],[13.58,6.691],[13.126,6.487],[13.12,6.323],[13.636,6.203],[13.778,6.13],[13.869,5.999],[13.96,5.605],[13.914,5.43],[13.794,5.355],[13.788,5.149],[13.721,4.815]]]},"properties":{"id":"baya","name":"Baya","family":"Niger-Congo","glottocode":"nort2775","language":"Northwest Gbaya","group":"Banda-Baya","ea":"Ai7","lat":5.583011,"lon":15.7826}},
{"type":"Feature","geometry":{"type":"Polygon","coordinates":[[[0.98,8.29],[1.204,8.243],[1.488,8.469],[1.366,8.587],[0.987,8.647],[0.697,8.644],[0.451,8.49],[0.436,8.378],[0.904,8.342],[0.98,8.29]]]},"properties":{"id":"atyuti","name":"Atyuti","family":"Niger-Congo","glottocode":"egba1238","language":"Egba","group":"Yoruba","ea":"Af32","lat":8.469651,"lon":0.963845}},
{"type":"Feature","geometry":{"type":"Polygon","coordinates":[[[32.573,-10.476],[32.437,-10.046],[32.134,-9.592],[32.126,-9.483],[31.818,-9.585],[31.364,-9.636],[31.231,-9.541],[31.017,-9.617],[30.771,-9.598],[30.651,-9.73],[30.67,-10.046],[30.613,-10.128],[30.399,-10.134],[30.109,-9.938],[30.006,-9.934],[29.906,-10.57],[29.92,-10.956],[30.218,-10.805],[30.546,-10.849],[30.881,-11.039],[31,-11.146],[31.044,-11.278],[30.981,-11.795],[31.038,-12.161],[31.246,-12.419],[31.36,-12.464],[31.486,-12.407],[31.549,-12.293],[31.744,-11.764],[31.946,-11.574],[31.984,-11.48],[32.009,-11.102],[32.085,-11.013],[32.271,-10.995],[32.573,-10.476]]]},"properties":{"id":"bemba","name":"Bemba","family":"Niger-Congo","glottocode":"town1238","language":"Town Bemba","group":"Bemba-Lamba","ea":"Ac3","lat":-10.6705,"lon":31.3367}},
{"type":"Feature","geometry":{"type":"Polygon","coordinates":[[[35.965,-9.09],[35.795,-9.049],[35.713,-8.933],[35.679,-8.582],[35.378,-8.613],[35.088,-8.682],[34.732,-8.62],[34.646,-8.758],[34.499,-8.818],[34.898,-9.483],[35.251,-9.808],[35.472,-9.839],[35.731,-9.801],[35.934,-9.685],[35.934,-9.256],[35.965,-9.09]]]},"properties":{"id":"bena","name":"Bena","family":"Niger-Congo","glottocode":"bena1262","language":"Bena (Tanzania)","group":"Rufiji","ea":"Ad11","lat":-9.18798,"lon":35.3109}},
{"type":"Feature","geometry":{"type":"Polygon","coordinates":[[[34.499,-8.818],[34.094,-8.826],[34.056,-8.832],[34.188,-9.242],[34.293,-9.356],[34.526,-9.52],[34.659,-9.69],[34.798,-10.055],[34.877,-10.404],[34.88,-10.415],[35.148,-10.407],[35.132,-10.242],[35.195,-9.921],[35.251,-9.808],[34.898,-9.483],[34.499,-8.818]]]},"properties":{"id":"kinga","name":"Kinga","family":"Niger-Congo","glottocode":"sang1330","language":"Sangu (Tanzania)","group":"Rufiji","ea":"Ad23","lat":-9.54974,"lon":34.7042}},
{"type":"Feature","geometry":{"type":"Polygon","coordinates":[[[-2.036,10.252],[-2.087,10.147],[-2.302,10.147],[-2.43,10.238],[-2.572,10.437],[-2.631,10.301],[-2.637,10.08],[-2.575,9.689],[-2.037,9.755],[-1.778,9.838],[-1.608,9.954],[-1.644,10.014],[-2.036,10.252]]]},"properties":{"id":"waba","name":"Waba","family":"Niger-Congo","glottocode":"sout2789","language":"Central Dagaare","group":"Grusi","ea":"Ag39","lat":9.982902,"lon":-2.21733}},
{"type":"Feature","geometry":{"type":"Polygon","coordinates":[[[31.157,-5.646],[31.064,-5.174],[30.844,-5.25],[30.338,-5.365],[29.993,-5.527],[29.884,-5.661],[29.945,-5.921],[29.727,-6.055],[29.717,-6.263],[29.95,-6.5],[30.155,-6.467],[30.577,-6.989],[30.836,-6.941],[31.081,-6.706],[31.228,-6.63],[31.221,-6.339],[31.063,-5.797],[31.157,-5.646]]]},"properties":{"id":"bende","name":"Bende","family":"Niger-Congo","glottocode":"bend1258","language":"Bende","group":"Nyamwezi","ea":"Ad18","lat":-6.07018,"lon":30.5589}},
{"type":"Feature","geometry":{"type":"Polygon","coordinates":[[[-6.088,31.653],[-5.711,31.803],[-5.503,31.857],[-5.172,31.946],[-4.418,32.036],[-3.853,32.045],[-3.385,32.045],[-2.706,32.066],[-2.667,32.395],[-2.892,32.584],[-3.134,32.674],[-3.556,32.772],[-3.621,32.826],[-3.924,32.984],[-4.301,33.015],[-4.508,33.096],[-4.642,33.23],[-4.75,33.473],[-4.759,33.764],[-5.343,33.772],[-5.549,33.844],[-5.872,34.059],[-6.043,34.122],[-6.402,34.068],[-6.591,33.969],[-6.905,33.655],[-7.013,33.484],[-6.977,33.368],[-6.492,32.838],[-6.384,32.658],[-6.411,32.506],[-6.777,32.005],[-6.648,31.947],[-6.309,31.661],[-6.088,31.653]]]},"properties":{"id":"beraber","name":"Beraber","family":"Afro-Asiatic","glottocode":"cent2194","language":"Central Moroccan Berber","group":"Berbers, Moroccan","ea":"Cd7","lat":32.7843,"lon":-5.21513}},
{"type":"Feature","geometry":{"type":"Polygon","coordinates":[[[11.661,11.014],[11.744,11.528],[11.618,11.68],[10.96,11.275],[10.839,11.034],[10.876,10.749],[10.944,10.645],[11.183,10.485],[11.488,10.8],[11.661,11.014]]]},"properties":{"id":"bolewa","name":"Bolewa","family":"Afro-Asiatic","glottocode":"nucl1695","language":"Bole","group":"Bolewa-Tera","ea":"Cb7","lat":11.0818,"lon":11.2904}},
{"type":"Feature","geometry":{"type":"Polygon","coordinates":[[[-2.777,17.688],[-2.852,17.874],[-2.901,18.15],[-2.832,18.871],[-2.694,19.65],[-2.615,20.34],[-2.477,21.749],[-2.349,22.311],[-2.237,23.335],[-2.512,23.335],[-3.073,23.369],[-3.737,23.245],[-4.557,22.998],[-4.871,22.807],[-5.23,22.538],[-5.477,22.28],[-5.645,22.056],[-5.881,21.64],[-6.453,20.956],[-6.801,20.597],[-7.396,20.114],[-7.777,19.912],[-8.205,19.78],[-8.156,19.489],[-7.999,19.104],[-7.821,18.897],[-7.535,18.66],[-7.289,18.522],[-6.953,18.276],[-6.342,17.645],[-6.056,17.368],[-5.562,16.629],[-5.296,16.52],[-5,16.481],[-4.704,16.52],[-4.557,16.491],[-4.29,16.632],[-4.193,16.878],[-3.917,17.115],[-3.69,17.164],[-3.306,17.115],[-3.128,17.164],[-2.931,17.401],[-2.777,17.688]]]},"properties":{"id":"berabish","name":"Berabish","family":"Afro-Asiatic","glottocode":"hass1238","language":"Hassaniyya","group":"Arabs, Bedoin","ea":"Cc7","lat":19.8857,"lon":-4.72439}},
{"type":"Feature","geometry":{"type":"Polygon","coordinates":[[[16.676,-22.849],[16.362,-22.385],[15.763,-21.933],[15.51,-21.56],[15.424,-21.354],[15.404,-20.955],[15.437,-20.822],[15.57,-20.629],[15.577,-20.489],[15.437,-20.336],[15.031,-20.309],[14.878,-20.336],[14.552,-20.555],[14.479,-20.702],[14.539,-20.968],[14.705,-21.088],[14.805,-21.347],[14.871,-21.78],[14.945,-22.086],[15.406,-22.688],[15.626,-22.88],[15.71,-23.04],[16.08,-23.326],[16.265,-23.309],[16.408,-23.217],[16.643,-22.956],[16.676,-22.849]]]},"properties":{"id":"bergdama","name":"Bergdama","family":"Khoisan","glottocode":"dama1270","language":"Damara","group":"Hottentot","ea":"Aa4","lat":-21.8411,"lon":15.4867}},
{"type":"Feature","geometry":{"type":"Polygon","coordinates":[[[-5.657,29.665],[-5.203,29.031],[-5.028,29.206],[-4.526,29.556],[-4.211,29.726],[-3.429,30.069],[-3.529,30.444],[-3.776,30.752],[-4.095,30.696],[-4.517,30.768],[-4.651,30.902],[-4.759,31.181],[-4.957,31.369],[-5.271,31.495],[-5.397,31.594],[-5.503,31.857],[-5.711,31.803],[-6.088,31.653],[-6.03,31.538],[-6.246,31.035],[-6.253,30.863],[-6.023,30.561],[-5.844,30.382],[-5.686,30.137],[-5.621,29.879],[-5.657,29.665]]]},"properties":{"id":"atta","name":"Atta","family":"Afro-Asiatic","glottocode":"hass1238","language":"Hassaniyya","group":"Berbers, Moroccan","ea":"Cd9","lat":30.4556,"lon":-5.01499}},
{"type":"Feature","geometry":{"type":"Polygon","coordinates":[[[39.721,-9.752],[39.6,-9.728],[39.474,-9.846],[39.331,-10.291],[39.255,-10.384],[39.211,-10.432],[39.162,-10.485],[39.061,-10.56],[38.986,-10.624],[39.011,-10.639],[39.011,-10.757],[38.991,-10.775],[38.944,-10.816],[38.876,-10.909],[38.867,-10.925],[38.834,-10.984],[38.792,-11.06],[38.752,-11.18],[38.75,-11.186],[38.784,-11.262],[38.82,-11.305],[38.826,-11.312],[38.853,-11.321],[38.902,-11.337],[39.003,-11.337],[39.146,-11.405],[39.179,-11.489],[39.224,-11.545],[39.246,-11.573],[39.827,-11.977],[39.936,-12.024],[39.961,-12.036],[40.23,-12.086],[40.382,-12.128],[40.496,-12.14],[40.537,-12.003],[40.446,-11.737],[40.466,-11.434],[40.388,-11.318],[40.506,-11.203],[40.562,-11.066],[40.504,-10.941],[40.569,-10.597],[40.232,-10.205],[39.996,-10.125],[39.89,-10.022],[39.746,-9.994],[39.806,-9.862],[39.721,-9.752]]]},"properties":{"id":"makonde","name":"Makonde","family":"Niger-Congo","glottocode":"mako1251","language":"Makonde","group":"Yao-Makonde","ea":"Ac41","lat":-10.9992,"lon":39.7835}},
{"type":"Feature","geometry":{"type":"Polygon","coordinates":[[[-6.518,5.621],[-6.234,5.622],[-6.151,5.723],[-5.961,5.8],[-5.783,5.984],[-5.705,6.127],[-5.889,6.293],[-6.005,6.552],[-6.145,6.608],[-6.198,6.721],[-6.305,7.19],[-6.412,7.279],[-6.893,7.237],[-7.026,7.179],[-6.988,6.317],[-7.154,6.027],[-7.018,5.984],[-6.632,5.759],[-6.518,5.621]]]},"properties":{"id":"bete","name":"Bete","family":"Niger-Congo","glottocode":"dalo1238","language":"Daloa Bété","group":"Kru","ea":"Af7","lat":6.409401,"lon":-6.48613}},
{"type":"Feature","geometry":{"type":"Polygon","coordinates":[[[46.922,-22.288],[47.107,-21.957],[47.172,-21.689],[47.209,-21.143],[47.181,-20.755],[47.237,-20.617],[47.523,-20.237],[47.515,-20.162],[47.135,-20.348],[46.922,-20.385],[46.756,-20.311],[46.349,-20.256],[46.118,-20.265],[45.902,-20.199],[45.891,-20.225],[45.85,-20.321],[45.848,-20.334],[45.813,-20.552],[45.785,-20.801],[45.765,-20.923],[45.748,-21.023],[45.619,-21.365],[45.563,-21.578],[45.505,-21.769],[45.841,-21.981],[46.22,-22.037],[46.423,-22.295],[46.608,-22.323],[46.922,-22.288]]]},"properties":{"id":"betsileo","name":"Betsileo","family":"Austronesian","glottocode":null,"language":"Malagasy","group":"Yao-Makonde","ea":"Ac42","lat":-21.2201,"lon":46.4712}},
{"type":"Feature","geometry":{"type":"Polygon","coordinates":[[[-14.931,11.978],[-14.994,11.962],[-15.027,11.948],[-15.042,11.889],[-15.093,11.932],[-15.203,11.866],[-15.438,11.88],[-15.547,11.683],[-15.372,11.591],[-15.471,11.49],[-15.411,11.195],[-15.358,11.144],[-15.137,11.262],[-14.95,11.289],[-14.891,11.263],[-14.856,11.248],[-14.769,11.208],[-14.658,11.103],[-14.618,11.148],[-14.606,11.226],[-14.692,11.309],[-14.717,11.338],[-14.768,11.397],[-14.832,11.489],[-14.878,11.73],[-14.886,11.898],[-14.924,11.986],[-14.923,11.98],[-14.931,11.978]]]},"properties":{"id":"biafada","name":"Biafada","family":"Niger-Congo","glottocode":"biaf1240","language":"Biafada","group":"Guinea","ea":"Ag17","lat":11.5296,"lon":-15.1172}},
{"type":"Feature","geometry":{"type":"MultiPolygon","coordinates":[[[[-16.073,11.196],[-16.243,11.087],[-16.082,11.026],[-16.073,11.196]]],[[[-15.932,11.576],[-16.08,11.464],[-16.035,11.417],[-15.91,11.47],[-15.932,11.576]]]]},"properties":{"id":"bijogo","name":"Bijogo","family":"Niger-Congo","glottocode":"bidy1244","language":"Kanyaki-Kagbaaga-Kajoko Bidyogo","group":"Guinea","ea":"Ag18","lat":11.3159,"lon":-16.0038}},
{"type":"Feature","geometry":{"type":"Polygon","coordinates":[[[29.897,1.23],[29.923,1.307],[30.139,1.5],[30.301,1.833],[29.943,1.801],[29.838,1.685],[29.639,1.833],[29.566,1.827],[29.418,1.68],[29.339,1.521],[28.76,1.526],[28.613,1.599],[28.5,1.524],[28.341,1.331],[28.262,1.059],[28.124,0.84],[28.12,0.528],[28.177,-0.102],[28.217,-0.307],[28.516,-0.252],[28.681,-0.1],[28.8,0.337],[28.925,0.485],[29.072,0.525],[29.078,0.661],[29.186,0.791],[29.458,0.859],[29.6,1.097],[29.897,1.23]]]},"properties":{"id":"bira","name":"Bira","family":"Niger-Congo","glottocode":"bila1255","language":"Bila","group":"Babwa-Bira","ea":"Ae30","lat":0.933543,"lon":28.9322}},
{"type":"Feature","geometry":{"type":"Polygon","coordinates":[[[9.449,9.636],[9.346,9.821],[9.043,9.87],[8.977,9.976],[8.771,9.886],[8.695,9.597],[8.847,9.439],[8.955,9.416],[9.388,9.562],[9.449,9.636]]]},"properties":{"id":"birom","name":"Birom","family":"Niger-Congo","glottocode":"bero1242","language":"Berom","group":"Jos Plateau","ea":"Ah17","lat":9.675184,"lon":9.037975}},
{"type":"Feature","geometry":{"type":"Polygon","coordinates":[[[32.761,-13.223],[32.476,-12.867],[32.28,-12.76],[32.236,-12.552],[32.343,-12.186],[32.339,-12.1],[32.35,-11.656],[32.293,-11.455],[32.249,-11.12],[32.271,-10.995],[32.085,-11.013],[32.009,-11.102],[31.984,-11.48],[31.946,-11.574],[31.744,-11.764],[31.549,-12.293],[31.486,-12.407],[31.36,-12.464],[31.246,-12.419],[31.038,-12.161],[30.981,-11.795],[31.044,-11.278],[31,-11.146],[30.881,-11.039],[30.546,-10.849],[30.218,-10.805],[29.92,-10.956],[29.956,-11.156],[30.53,-11.188],[30.681,-11.314],[30.643,-11.61],[30.568,-11.73],[30.372,-11.812],[30.24,-11.932],[30.152,-12.102],[30.16,-12.201],[30.272,-12.356],[30.487,-12.46],[30.599,-12.58],[30.754,-12.848],[31.289,-13.141],[31.638,-13.447],[31.763,-13.327],[32.761,-13.223]]]},"properties":{"id":"bisa","name":"Bisa","family":"Niger-Congo","glottocode":"chew1246","language":"Chewa","group":"Maravi","ea":"Ac10","lat":-12.2351,"lon":31.3892}},
{"type":"Feature","geometry":{"type":"Polygon","coordinates":[[[33.371,19.819],[33.514,19.729],[33.662,19.492],[33.769,19.352],[33.82,19.285],[33.948,19.048],[34.032,18.805],[34.067,18.703],[34.1,18.506],[34.126,18.358],[34.135,18.22],[34.155,17.894],[34.076,17.48],[33.985,17.283],[33.938,17.184],[33.918,17.059],[33.909,17.006],[33.927,16.994],[34.904,16.353],[34.905,16.352],[34.915,16.345],[34.994,16.561],[35.023,16.641],[35.043,16.927],[35.025,17.11],[35.004,17.332],[35.015,17.465],[35.033,17.667],[35.033,18.081],[35.027,18.088],[35.021,18.095],[34.974,18.15],[34.856,18.259],[34.846,18.377],[34.905,18.486],[34.974,18.555],[35.023,18.604],[35.142,18.723],[35.252,18.919],[35.28,18.969],[35.359,19.216],[35.576,20.034],[35.62,20.289],[35.645,20.429],[35.704,20.705],[35.716,20.895],[35.724,21.021],[35.75,21.099],[35.793,21.228],[35.837,21.296],[35.872,21.349],[35.98,21.448],[36.128,21.517],[36.185,21.46],[36.187,21.458],[36.296,21.329],[36.365,21.26],[36.71,21.112],[37.117,21.072],[37.149,21.169],[36.998,21.436],[36.874,21.787],[36.89,22.049],[36.466,22.318],[36.225,22.638],[35.977,22.687],[35.773,22.88],[35.544,22.643],[34.548,21.854],[34.144,21.548],[33.897,21.41],[33.67,21.262],[33.512,21.134],[33.446,21.054],[33.374,20.966],[33.334,20.731],[33.325,20.68],[33.335,20.256],[33.356,20.106],[33.394,19.832],[33.371,19.819]]]},"properties":{"id":"bisharin","name":"Bisharin","family":"Afro-Asiatic","glottocode":"bish1251","language":"Bisharin","group":"Beja","ea":"Ca5","lat":20.1415,"lon":34.8877}},
{"type":"Feature","geometry":{"type":"Polygon","coordinates":[[[35.609,-0.313],[35.529,-0.171],[35.5,0],[35.233,-0.045],[34.969,-0.034],[34.986,-0.415],[34.917,-0.707],[34.978,-0.928],[35.094,-0.928],[35.315,-0.827],[35.479,-0.631],[35.609,-0.313]]]},"properties":{"id":"kipsigi","name":"Kipsigi","family":"Nilo-Saharan","glottocode":"luok1236","language":"Luo (Kenya and Tanzania)","group":"Nilotes, Southern","ea":"Aj6","lat":-0.438581,"lon":35.2305}},
{"type":"Feature","geometry":{"type":"Polygon","coordinates":[[[-4.604,13.144],[-4.349,12.652],[-4.189,12.601],[-4.105,12.508],[-4.071,12.272],[-3.911,12.011],[-3.945,11.606],[-3.822,11.209],[-3.675,11.062],[-3.443,11.258],[-3.235,11.319],[-3.143,11.361],[-2.77,11.208],[-2.745,11.545],[-2.789,11.608],[-2.773,11.88],[-2.879,11.936],[-3.048,11.975],[-3.2,12.152],[-3.346,12.424],[-3.39,12.576],[-3.472,13.145],[-3.472,13.29],[-3.839,13.847],[-4.098,13.74],[-4.33,13.679],[-4.396,13.411],[-4.604,13.144]]]},"properties":{"id":"bobo","name":"Bobo","family":"Niger-Congo","glottocode":"nort2819","language":"Northern Bobo Madaré","group":"Habe","ea":"Ag30","lat":12.4369,"lon":-3.69546}},
{"type":"Feature","geometry":{"type":"Polygon","coordinates":[[[38.766,15.684],[38.758,15.688],[38.728,15.845],[38.669,15.914],[38.55,15.974],[38.462,15.993],[38.373,15.974],[38.245,15.885],[38.195,15.796],[38.123,15.696],[38.195,15.617],[38.324,15.548],[38.472,15.528],[38.629,15.577],[38.708,15.626],[38.766,15.684]]]},"properties":{"id":"bogo","name":"Bogo","family":"Afro-Asiatic","glottocode":"bili1260","language":"Bilin","group":"Beja","ea":"Ca37","lat":15.7513,"lon":38.4571}},
{"type":"Feature","geometry":{"type":"Polygon","coordinates":[[[9.406,6.42],[9.096,6.584],[8.792,6.369],[8.831,6.174],[8.938,5.895],[9.164,5.854],[9.291,6.1],[9.406,6.42]]]},"properties":{"id":"boki","name":"Boki","family":"Niger-Congo","glottocode":"tivv1240","language":"Tiv","group":"Tiv-Jukun","ea":"Ah3","lat":6.225716,"lon":9.086886}},
{"type":"Feature","geometry":{"type":"Polygon","coordinates":[[[24.632,-13.171],[24.535,-13.02],[24.342,-12.869],[24.165,-12.877],[24.081,-12.953],[23.955,-13.273],[23.905,-13.542],[23.744,-13.768],[23.755,-13.971],[24.031,-14.32],[24.224,-14.395],[24.519,-14.286],[24.721,-14.068],[24.67,-13.819],[24.384,-13.626],[24.409,-13.441],[24.485,-13.399],[24.632,-13.171]]]},"properties":{"id":"lukokwe","name":"Lukokwe","family":"Niger-Congo","glottocode":"lund1266","language":"Lunda","group":"Lunda","ea":"Ac6","lat":-13.6841,"lon":24.2345}},
{"type":"Feature","geometry":{"type":"Polygon","coordinates":[[[29.058,5.708],[29.298,6.321],[29.383,6.889],[29.067,7.198],[28.999,7.355],[28.965,7.731],[28.809,7.835],[28.697,7.73],[28.52,7.737],[28.287,7.798],[28.036,7.725],[28.028,7.509],[28.151,7.393],[28.281,7.134],[28.267,6.922],[28.069,6.642],[28.008,6.297],[28.526,6.157],[28.882,5.898],[29.058,5.708]]]},"properties":{"id":"bongo","name":"Bongo","family":"Nilo-Saharan","glottocode":"bong1285","language":"Bongo","group":"Moru-Madi","ea":"Ai35","lat":6.839045,"lon":28.69}},
{"type":"Feature","geometry":{"type":"Polygon","coordinates":[[[9.841,9.468],[10.107,9.421],[10.203,9.322],[10.316,9.365],[10.433,9.55],[10.415,9.777],[10.267,10.115],[10.258,10.106],[10.033,9.863],[9.837,9.811],[9.841,9.468]]]},"properties":{"id":"borrom","name":"Borrom","family":"Afro-Asiatic","glottocode":"bogh1241","language":"Boghom","group":"Jos Plateau","ea":"Ah18","lat":9.673055,"lon":10.1512}},
{"type":"Feature","geometry":{"type":"Polygon","coordinates":[[[-4.243,14.208],[-4.016,14.283],[-3.915,14.622],[-3.877,14.842],[-4.069,14.907],[-4.322,14.863],[-4.923,14.559],[-4.974,14.512],[-5.442,14.268],[-5.828,14.104],[-5.935,13.914],[-5.872,13.851],[-5.638,13.857],[-5.195,14.015],[-4.854,14.085],[-4.386,14.312],[-4.243,14.208]]]},"properties":{"id":"bozo","name":"Bozo","family":"Niger-Congo","glottocode":"tiey1235","language":"Tiéyaxo Bozo","group":"Niger, Fisherman","ea":"Ag7","lat":14.3674,"lon":-4.77327}},
{"type":"Feature","geometry":{"type":"Polygon","coordinates":[[[10.764,-1.548],[10.76,-1.553],[10.629,-1.577],[10.574,-1.586],[10.377,-1.619],[10.148,-1.597],[10.11,-1.627],[10.049,-1.674],[10.002,-1.678],[9.955,-1.682],[9.957,-1.687],[9.526,-1.983],[9.529,-1.987],[9.533,-1.997],[9.548,-1.996],[9.566,-2.032],[9.529,-2.045],[9.461,-1.988],[9.478,-1.93],[9.385,-1.91],[9.381,-2.016],[9.575,-2.214],[9.615,-2.377],[10.069,-2.804],[10.239,-2.918],[10.604,-3.279],[10.655,-3.434],[10.801,-3.531],[10.883,-3.607],[10.908,-3.624],[10.911,-3.628],[10.917,-3.632],[10.932,-3.623],[11.077,-3.532],[11.317,-3.456],[11.404,-3.443],[11.46,-3.434],[11.613,-3.456],[11.795,-3.51],[11.796,-3.51],[11.795,-3.51],[11.798,-3.511],[12.102,-3.185],[12.103,-3.184],[12.105,-3.183],[12.085,-3.13],[11.995,-2.898],[11.928,-2.687],[11.919,-2.658],[11.883,-2.592],[11.831,-2.494],[11.822,-2.444],[11.788,-2.264],[11.788,-2.045],[11.886,-1.783],[11.907,-1.616],[11.908,-1.608],[11.864,-1.619],[11.634,-1.674],[11.252,-1.805],[11.022,-1.827],[10.995,-1.803],[10.858,-1.685],[10.797,-1.596],[10.764,-1.548]]]},"properties":{"id":"lumbo","name":"Lumbo","family":"Niger-Congo","glottocode":"fang1246","language":"Fang (Equatorial Guinea)","group":"Fang-Dzem","ea":"Ae3","lat":-2.50535,"lon":10.8976}},
{"type":"Feature","geometry":{"type":"Polygon","coordinates":[[[8.735,3.755],[8.626,3.661],[8.554,3.454],[8.429,3.319],[8.482,3.248],[8.691,3.196],[8.779,3.385],[8.951,3.625],[8.914,3.751],[8.735,3.755]]]},"properties":{"id":"bubi","name":"Bubi","family":"Niger-Congo","glottocode":"bube1242","language":"Bube","group":"Biafra Coast","ea":"Ae44","lat":3.485362,"lon":8.696292}},
{"type":"Feature","geometry":{"type":"Polygon","coordinates":[[[34.188,-9.242],[34.047,-9.488],[34.33,-9.74],[34.535,-10.046],[34.569,-10.446],[34.877,-10.404],[34.798,-10.055],[34.659,-9.69],[34.526,-9.52],[34.293,-9.356],[34.188,-9.242]]]},"properties":{"id":"kisi","name":"Kisi","family":"Niger-Congo","glottocode":"nyak1261","language":"Nyakyusa","group":"Ngonde","ea":"Ad6","lat":-9.839,"lon":34.5078}},
{"type":"Feature","geometry":{"type":"Polygon","coordinates":[[[-0.89,10.532],[-1.011,10.75],[-1.21,10.702],[-1.468,10.53],[-1.371,10.161],[-1.215,10.17],[-1.091,10.35],[-0.89,10.532]]]},"properties":{"id":"builsa","name":"Builsa","family":"Niger-Congo","glottocode":"buli1254","language":"Buli (Ghana)","group":"Grusi","ea":"Ag38","lat":10.4745,"lon":-1.20059}},
{"type":"Feature","geometry":{"type":"Polygon","coordinates":[[[24.258,1.64],[24.332,1.792],[24.258,1.991],[23.934,2.116],[23.776,2.263],[23.532,2.604],[23.483,2.711],[23.367,2.729],[23.214,2.882],[23.089,3.16],[23.022,3.533],[22.868,3.517],[22.397,3.296],[22.142,3.228],[21.58,3.188],[21.387,3.086],[21.333,2.933],[21.479,2.688],[21.517,2.422],[21.757,2.433],[22.307,2.405],[23,2.2],[23.058,2.135],[23.43,1.988],[23.753,1.681],[23.861,1.494],[24.018,1.333],[24.178,1.492],[24.258,1.64]]]},"properties":{"id":"budja","name":"Budja","family":"Niger-Congo","glottocode":"budz1238","language":"Budza","group":"Ngombe","ea":"Ae37","lat":2.590686,"lon":22.7989}},
{"type":"Feature","geometry":{"type":"Polygon","coordinates":[[[28.598,2.628],[28.34,2.673],[28.303,2.515],[28.155,2.361],[28.053,2.333],[27.835,2.378],[27.742,2.156],[27.493,1.997],[27.442,1.912],[27.474,1.733],[27.773,1.731],[28.204,1.793],[28.487,1.872],[28.647,2.298],[28.682,2.461],[28.598,2.628]]]},"properties":{"id":"budu","name":"Budu","family":"Niger-Congo","glottocode":"budu1250","language":"Budu","group":"Babwa-Bira","ea":"Ae31","lat":2.116386,"lon":28.1208}},
{"type":"Feature","geometry":{"type":"Polygon","coordinates":[[[20.104,-5.416],[20.059,-5.008],[20.156,-4.795],[20.085,-4.49],[20.032,-4.453],[19.891,-4.613],[19.865,-4.872],[19.729,-4.943],[19.619,-4.73],[19.315,-4.736],[19.198,-4.699],[19.033,-4.9],[19.101,-5.334],[19.173,-5.39],[19.49,-5.507],[19.684,-5.526],[20.104,-5.416]]]},"properties":{"id":"bunda","name":"Bunda","family":"Niger-Congo","glottocode":"mpuo1241","language":"Mbuun","group":"Kasai","ea":"Ac21","lat":-5.07835,"lon":19.6157}},
{"type":"Feature","geometry":{"type":"Polygon","coordinates":[[[15.117,13.414],[15.108,13.415],[15.105,13.416],[14.987,13.445],[14.842,13.543],[14.767,13.551],[14.523,13.549],[14.484,13.546],[14.455,13.537],[14.407,13.51],[14.371,13.501],[14.366,13.5],[14.276,13.501],[14.197,13.524],[14.099,13.646],[14.179,13.824],[14.227,14.079],[14.055,14.25],[14.04,14.259],[13.933,14.217],[13.871,14.169],[13.865,13.649],[13.761,13.533],[13.932,13.287],[13.985,13.405],[14.088,13.406],[14.224,13.284],[14.235,13.163],[14.442,13.25],[14.603,13.266],[14.873,13.196],[14.912,13.076],[15.165,13.063],[15.311,13.122],[15.222,13.349],[15.117,13.414]]]},"properties":{"id":"buduma","name":"Buduma","family":"Afro-Asiatic","glottocode":null,"language":"Buduma","group":"Bornu","ea":"Cb19","lat":13.5273,"lon":14.4237}},
{"type":"Feature","geometry":{"type":"Polygon","coordinates":[[[0.932,7.579],[0.705,7.57],[0.545,7.768],[0.433,7.755],[0.382,7.501],[0.438,7.295],[0.625,7.25],[0.919,7.288],[0.932,7.579]]]},"properties":{"id":"buem","name":"Buem","family":"Niger-Congo","glottocode":"siwu1238","language":"Siwu","group":"Ewe-Fon","ea":"Af37","lat":7.46989,"lon":0.636858}},
{"type":"Feature","geometry":{"type":"Polygon","coordinates":[[[47.26,-23.137],[46.959,-23.118],[46.83,-22.98],[46.858,-22.48],[46.922,-22.288],[46.608,-22.323],[46.423,-22.295],[46.22,-22.037],[45.841,-21.981],[45.505,-21.769],[45.417,-21.792],[45.332,-21.815],[45.166,-21.842],[44.962,-21.898],[44.842,-21.915],[44.768,-21.926],[44.306,-22.027],[44.084,-22.055],[44.022,-22.093],[43.946,-22.138],[43.853,-22.295],[43.842,-22.435],[43.835,-22.527],[43.844,-22.952],[43.89,-23.22],[43.907,-23.383],[43.909,-23.396],[43.983,-23.691],[43.984,-23.703],[43.995,-23.788],[44.297,-23.765],[44.704,-23.978],[45.192,-24.464],[45.554,-24.394],[45.905,-24.431],[46.34,-24.505],[46.765,-24.514],[46.855,-24.474],[47.006,-24.246],[47.181,-23.812],[47.301,-23.275],[47.26,-23.137]]]},"properties":{"id":"bara","name":"Bara","family":"Austronesian","glottocode":null,"language":"Malagasy","group":"Yao-Makonde","ea":"Ac42","lat":-23.1639,"lon":45.5315}},
{"type":"Feature","geometry":{"type":"Polygon","coordinates":[[[13.03,11.193],[12.843,11.203],[12.426,11.136],[12.226,11.131],[11.996,10.965],[12.068,10.832],[12.29,10.632],[12.334,10.541],[12.765,10.553],[12.943,10.601],[12.993,10.836],[13.03,11.193]]]},"properties":{"id":"bura","name":"Bura","family":"Afro-Asiatic","glottocode":"bura1292","language":"Bura-Pabir","group":"Mandara Highlands","ea":"Ah35","lat":10.882,"lon":12.5685}},
{"type":"Feature","geometry":{"type":"Polygon","coordinates":[[[29.098,-4.003],[28.961,-3.996],[28.646,-4.091],[28.149,-4.187],[27.566,-4.206],[27.394,-4.234],[27.411,-4.335],[27.342,-4.644],[27.26,-5.464],[27.191,-5.615],[27.02,-5.697],[26.887,-6.389],[26.887,-6.546],[27.013,-6.83],[27.423,-7.101],[27.845,-7.549],[28.122,-7.795],[28.348,-7.939],[28.64,-7.729],[28.745,-7.604],[28.869,-7.279],[29.087,-7.109],[29.005,-6.667],[28.948,-5.97],[28.986,-5.678],[29.09,-5.574],[29.31,-5.499],[29.146,-5.23],[29.093,-4.768],[29.179,-4.503],[29.256,-4.125],[29.104,-4.23],[29.098,-4.003]]]},"properties":{"id":"buye","name":"Buye","family":"Niger-Congo","glottocode":"buyu1239","language":"Buyu","group":"Bemba-Lamba","ea":"Ac31","lat":-5.8611,"lon":28.1405}},
{"type":"Feature","geometry":{"type":"Polygon","coordinates":[[[39.994,4.915],[39.819,4.554],[39.751,4.342],[39.697,4.028],[39.669,3.256],[39.621,3.065],[39.505,2.888],[39.314,2.689],[39.266,2.432],[39.485,1.79],[39.642,1.203],[39.669,0.95],[39.533,0.731],[38.973,0.451],[38.862,0.194],[38.844,-0.047],[39.328,-0.107],[39.656,-0.216],[39.874,-0.387],[40.093,-0.626],[40.25,-0.954],[40.298,-1.304],[40.594,-1.19],[41.068,-0.88],[41.542,-0.625],[41.833,-0.589],[41.96,-0.607],[42.011,-0.63],[42.02,-0.617],[42.057,-0.561],[42.157,-0.379],[42.672,-0.009],[42.695,0.089],[42.722,0.153],[42.929,0.336],[42.758,0.4],[42.558,0.955],[42.54,1.147],[42.667,1.276],[42.494,1.893],[42.503,2.293],[42.731,2.667],[42.813,3.017],[42.804,3.391],[42.767,3.555],[42.576,3.837],[42.43,3.955],[42.303,4.137],[42.426,4.301],[42.325,4.389],[42.115,4.835],[41.96,5.564],[41.889,5.777],[41.739,5.787],[41.165,5.623],[40.789,5.411],[40.359,5.07],[39.994,4.915]]]},"properties":{"id":"bararetta","name":"Bararetta","family":"Afro-Asiatic","glottocode":"bora1271","language":"Borana-Arsi-Guji Oromo","group":"Galla","ea":"Ca11","lat":2.174812,"lon":41.0368}},
{"type":"Feature","geometry":{"type":"Polygon","coordinates":[[[18.338,4.421],[17.878,4.401],[17.773,4.275],[17.825,4.081],[17.765,3.821],[17.957,3.622],[18.045,3.477],[18.212,3.465],[18.406,3.216],[18.455,3.052],[18.515,2.504],[18.576,2.48],[19.188,2.538],[19.406,2.587],[19.664,2.538],[19.902,2.339],[20.094,2.302],[20.255,2.429],[20.419,2.629],[20.402,2.85],[20.383,3.2],[20.437,3.485],[20.594,3.851],[20.546,4.28],[20.334,4.401],[19.97,4.425],[19.509,4.371],[19.273,4.431],[19.078,4.586],[18.927,4.634],[18.684,4.455],[18.545,4.413],[18.338,4.421]]]},"properties":{"id":"bwaka","name":"Bwaka","family":"Niger-Congo","glottocode":"ngba1284","language":"Ngbaka Ma'bo","group":"Banda-Baya","ea":"Ai23","lat":3.542775,"lon":19.2915}},
{"type":"Feature","geometry":{"type":"Polygon","coordinates":[[[8.954,30.465],[9.024,30.633],[9.418,30.879],[9.483,30.885],[9.566,31.764],[9.369,31.836],[9.083,32.073],[8.974,32.28],[8.895,32.733],[8.882,33.147],[8.613,33.403],[8.189,33.63],[7.755,33.788],[7.429,33.859],[7.361,33.507],[7.153,33.231],[6.986,33.162],[6.719,33.28],[6.601,33.467],[6.433,33.526],[6.206,33.465],[6.305,33.073],[6.197,32.777],[6.088,32.708],[5.861,32.678],[5.763,32.757],[5.608,33.032],[5.172,33.005],[5.054,32.597],[4.946,32.4],[4.788,32.252],[4.187,32.104],[3.871,32.075],[3.536,32.006],[2.445,32.025],[1.999,31.075],[1.784,30.635],[1.557,30.225],[1.806,29.944],[2.008,29.775],[2.839,29.248],[3.793,28.844],[4.096,28.676],[4.197,28.563],[4.642,28.823],[5.234,29.188],[5.826,29.464],[6.23,29.622],[6.733,29.779],[7.207,29.829],[7.512,29.927],[8.501,30.273],[8.954,30.465]]]},"properties":{"id":"chaamba","name":"Chaamba","family":"Afro-Asiatic","glottocode":"algi1247","language":"Algiers","group":"Arabs, Bedoin","ea":"Cc16","lat":31.1383,"lon":5.701549}},
{"type":"Feature","geometry":{"type":"Polygon","coordinates":[[[39.223,-14.425],[39.179,-14.572],[39.238,-14.9],[39.406,-15.295],[39.465,-15.497],[39.431,-15.909],[39.188,-16.246],[38.893,-16.523],[38.842,-16.539],[38.784,-16.557],[38.532,-16.759],[38.313,-16.86],[38.094,-16.893],[37.968,-16.986],[37.909,-17.078],[37.825,-17.176],[37.837,-17.174],[37.874,-17.285],[37.901,-17.365],[37.912,-17.361],[37.932,-17.353],[37.961,-17.345],[38.111,-17.311],[38.331,-17.199],[38.71,-17.064],[39.102,-16.98],[39.185,-16.838],[39.699,-16.537],[39.818,-16.413],[39.783,-16.299],[39.964,-16.241],[40.095,-16.087],[40.126,-15.94],[40.578,-15.499],[40.684,-15.26],[40.608,-15.115],[40.743,-14.983],[40.723,-14.893],[40.839,-14.804],[40.826,-14.432],[40.599,-14.246],[40.65,-14.017],[40.593,-13.858],[40.54,-13.499],[40.588,-13.385],[40.559,-13.09],[40.593,-12.964],[40.413,-12.939],[40.646,-12.773],[40.571,-12.698],[40.513,-12.43],[40.488,-12.25],[40.524,-12.189],[40.502,-12.153],[40.497,-12.144],[40.496,-12.14],[40.382,-12.128],[40.23,-12.086],[39.961,-12.036],[39.936,-12.024],[39.827,-11.977],[39.246,-11.573],[39.224,-11.545],[39.179,-11.489],[39.146,-11.405],[39.003,-11.337],[38.902,-11.337],[38.853,-11.321],[38.826,-11.312],[38.82,-11.305],[38.784,-11.262],[38.75,-11.186],[38.752,-11.18],[38.792,-11.06],[38.834,-10.984],[38.867,-10.925],[38.876,-10.909],[38.944,-10.816],[38.991,-10.775],[39.011,-10.757],[39.011,-10.639],[38.986,-10.624],[38.944,-10.597],[38.649,-10.681],[38.468,-10.658],[38.479,-10.494],[38.468,-10.658],[38.414,-10.681],[38.204,-10.85],[38.119,-10.883],[38.12,-10.885],[38.145,-11.052],[38.178,-11.22],[38.296,-11.447],[38.389,-11.867],[38.389,-12.052],[38.313,-12.221],[38.187,-12.347],[38.019,-12.406],[37.919,-12.432],[37.825,-12.456],[37.648,-12.515],[37.211,-12.717],[37.043,-12.834],[36.824,-13.011],[36.629,-13.231],[36.622,-13.238],[36.337,-13.684],[36.274,-13.797],[36.21,-13.911],[36.135,-14.062],[36.059,-14.273],[36.03,-14.344],[36,-14.416],[36.315,-14.579],[36.316,-14.579],[36.412,-14.572],[36.564,-14.572],[36.74,-14.53],[36.934,-14.48],[37.039,-14.455],[37.077,-14.446],[37.43,-14.126],[37.522,-13.992],[37.716,-13.933],[37.86,-13.941],[37.867,-13.941],[38.086,-13.924],[38.389,-13.866],[38.54,-13.891],[38.851,-13.891],[38.91,-13.883],[38.977,-13.874],[39.204,-13.731],[39.331,-13.706],[39.371,-13.766],[39.398,-13.807],[39.322,-14.202],[39.278,-14.299],[39.23,-14.404],[39.223,-14.425]]]},"properties":{"id":"makua","name":"Makua","family":"Niger-Congo","glottocode":"makh1264","language":"Makhuwa","group":"Yao-Makonde","ea":"Ac42","lat":-13.6852,"lon":38.9138}},
{"type":"Feature","geometry":{"type":"Polygon","coordinates":[[[12.284,8.829],[11.921,8.8],[11.669,8.726],[11.505,8.632],[11.276,8.314],[11.171,8.074],[11.362,7.969],[11.725,7.888],[12.088,8.055],[12.155,8.123],[12.167,8.308],[12.364,8.517],[12.636,8.549],[12.705,8.666],[12.469,8.787],[12.284,8.829]]]},"properties":{"id":"chamba","name":"Chamba","family":"Niger-Congo","glottocode":"samb1305","language":"Samba Leko","group":"Chamba-Yungur","ea":"Ah28","lat":8.389425,"lon":11.8606}},
{"type":"Feature","geometry":{"type":"Polygon","coordinates":[[[32.206,-13.843],[32.158,-14.21],[32.202,-14.639],[32.208,-15.118],[32.259,-15.301],[32.372,-15.478],[32.713,-15.717],[33.173,-15.843],[33.545,-16.07],[33.747,-16.136],[33.914,-15.921],[34.321,-15.806],[34.412,-15.741],[34.744,-15.373],[34.771,-15.122],[34.486,-14.785],[34.132,-14.664],[34.094,-14.544],[34.252,-14.182],[34.117,-14.009],[33.876,-13.941],[33.815,-13.692],[33.838,-13.534],[33.996,-13.481],[34.192,-13.572],[34.393,-13.518],[34.309,-13.34],[34.352,-13.26],[34.341,-13.004],[34.193,-12.651],[34.168,-12.394],[34.052,-12.32],[33.903,-12.325],[33.821,-12.526],[33.721,-12.652],[33.531,-12.684],[33.292,-12.356],[33.115,-12.274],[33.04,-12.179],[32.977,-11.921],[32.768,-12.141],[32.592,-12.204],[32.339,-12.1],[32.343,-12.186],[32.236,-12.552],[32.28,-12.76],[32.476,-12.867],[32.761,-13.223],[32.825,-13.261],[32.958,-13.513],[33.008,-13.715],[32.958,-13.885],[32.863,-13.904],[32.206,-13.843]]]},"properties":{"id":"chewa","name":"Chewa","family":"Niger-Congo","glottocode":"chew1246","language":"Chewa","group":"Maravi","ea":"Ac10","lat":-14.2112,"lon":33.3511}},
{"type":"Feature","geometry":{"type":"Polygon","coordinates":[[[-8.491,13.912],[-8.804,13.884],[-9.169,13.746],[-9.595,13.708],[-9.478,13.502],[-9.246,13.44],[-9.17,13.34],[-9.184,13.169],[-9.345,12.956],[-9.355,12.78],[-9.137,12.524],[-8.824,12.498],[-8.729,12.6],[-8.534,13.079],[-8.487,13.492],[-8.491,13.912]]]},"properties":{"id":"kita","name":"Kita","family":"Niger-Congo","glottocode":"bamb1269","language":"Bambara","group":"Mande, Nuclear","ea":"Ag1","lat":13.2433,"lon":-8.92973}},
{"type":"Feature","geometry":{"type":"Polygon","coordinates":[[[30.358,-1.215],[30.153,-0.914],[29.813,-0.761],[29.671,-0.765],[29.592,-0.902],[29.635,-1.18],[29.819,-1.356],[30.034,-1.436],[30.307,-1.407],[30.358,-1.215]]]},"properties":{"id":"chiga","name":"Chiga","family":"Niger-Congo","glottocode":"chig1238","language":"Chiga","group":"West Lacustrine Bantu","ea":"Ad13","lat":-1.11146,"lon":29.9643}},
{"type":"Feature","geometry":{"type":"Polygon","coordinates":[[[18.768,-10.32],[18.982,-10.88],[18.861,-11.229],[18.785,-11.35],[18.272,-11.769],[18.315,-11.907],[18.293,-12.224],[18.216,-12.487],[18.085,-12.793],[18.009,-12.793],[17.905,-12.987],[18.009,-13.132],[18.03,-13.307],[18.129,-13.667],[18.118,-13.853],[18.192,-14.135],[18.576,-14.076],[18.692,-13.906],[18.679,-13.822],[18.754,-13.494],[18.847,-13.233],[18.889,-12.989],[18.99,-12.762],[19.309,-12.409],[19.452,-12.3],[19.646,-12.225],[19.817,-11.942],[20.381,-11.538],[20.877,-11.395],[21.39,-11.168],[21.55,-11.051],[22.139,-10.809],[22.433,-10.689],[22.601,-10.588],[22.837,-10.353],[22.912,-10.193],[23.19,-9.949],[23.543,-9.848],[24.027,-9.891],[24.081,-9.656],[24.081,-9.337],[24.014,-9.211],[23.812,-9],[23.581,-8.95],[23.501,-9.152],[23.307,-9.328],[22.895,-9.505],[22.349,-9.606],[22.181,-9.597],[22.054,-9.522],[21.937,-9.37],[21.827,-9.11],[21.676,-8.588],[21.583,-7.991],[21.523,-7.716],[21.314,-7.167],[21.239,-6.763],[21.185,-6.71],[21.062,-6.587],[20.807,-6.501],[20.536,-6.51],[20.257,-6.432],[19.798,-6.419],[19.507,-6.529],[19.342,-6.697],[19.367,-6.777],[19.218,-7.01],[18.972,-7.243],[18.524,-7.523],[18.332,-8.008],[18.342,-8.096],[18.571,-8.302],[18.914,-8.755],[19.108,-9.202],[19.192,-9.583],[19.128,-9.791],[18.985,-10.03],[18.768,-10.32]]]},"properties":{"id":"chokwe","name":"Chokwe","family":"Niger-Congo","glottocode":"chok1245","language":"Chokwe","group":"Lunda","ea":"Ac12","lat":-9.65783,"lon":20.3189}},
{"type":"Feature","geometry":{"type":"Polygon","coordinates":[[[34.422,-18.874],[34.35,-18.853],[34.052,-18.732],[34.048,-18.721],[34.034,-18.682],[34.048,-18.721],[34.039,-18.727],[33.977,-18.883],[33.963,-18.92],[33.921,-19.08],[33.77,-19.366],[33.66,-19.433],[33.611,-19.467],[33.551,-19.509],[33.464,-19.528],[33.4,-19.542],[33.206,-19.551],[33.063,-19.534],[33.022,-19.527],[32.92,-19.509],[32.601,-19.576],[32.475,-19.669],[32.365,-19.761],[32.322,-19.801],[32.231,-19.887],[32.179,-19.986],[32.157,-20.028],[32.163,-20.148],[32.155,-20.316],[32.163,-20.476],[32.162,-20.53],[32.157,-20.681],[32.158,-20.681],[32.293,-20.891],[32.503,-21.102],[32.814,-21.295],[32.957,-21.421],[33.109,-21.463],[33.26,-21.472],[34.034,-21.287],[34.082,-21.268],[34.185,-21.228],[34.808,-21.236],[35.073,-21.303],[35.049,-21.166],[35.121,-20.969],[34.95,-20.694],[34.858,-20.672],[34.672,-20.448],[34.776,-20.13],[34.777,-19.826],[34.899,-19.857],[35.308,-19.55],[35.275,-19.502],[35.199,-19.391],[35.141,-19.223],[35.126,-19.189],[35.107,-19.147],[35.014,-19.038],[35.002,-19.038],[34.914,-19.038],[34.72,-18.945],[34.493,-18.895],[34.422,-18.874]]]},"properties":{"id":"ndau","name":"Ndau","family":"Niger-Congo","glottocode":"ndau1241","language":"Ndau","group":"Shona-Thonga","ea":"Ab17","lat":-20.2459,"lon":33.7208}},
{"type":"Feature","geometry":{"type":"Polygon","coordinates":[[[33.525,-25.199],[33.714,-25.112],[34.789,-24.757],[35.079,-24.616],[35.39,-24.266],[35.495,-24.111],[35.411,-23.715],[35.412,-23.527],[35.421,-23.489],[35.44,-23.434],[35.454,-23.381],[35.46,-23.366],[35.413,-23.36],[35.402,-23.363],[35.295,-23.393],[35.169,-23.452],[35.098,-23.537],[35.077,-23.562],[35.048,-23.639],[35.018,-23.721],[34.925,-23.89],[34.875,-24.033],[34.819,-24.144],[34.816,-24.15],[34.808,-24.158],[34.707,-24.251],[34.454,-24.419],[34.034,-24.546],[33.586,-24.65],[33.511,-25.052],[33.525,-25.199]]]},"properties":{"id":"chopi","name":"Chopi","family":"Niger-Congo","glottocode":"tson1249","language":"Tsonga","group":"Shona-Thonga","ea":"Ab4","lat":-24.401,"lon":34.6445}},
{"type":"Feature","geometry":{"type":"Polygon","coordinates":[[[42.517,9.261],[42.415,9.43],[42.149,9.475],[42.03,9.373],[41.99,9.181],[42.081,9],[42.171,8.96],[42.427,9.032],[42.517,9.261]]]},"properties":{"id":"harari","name":"Harari","family":"Afro-Asiatic","glottocode":"bora1271","language":"Borana-Arsi-Guji Oromo","group":"Galla","ea":"Ca11","lat":9.223595,"lon":42.25}},
{"type":"Feature","geometry":{"type":"Polygon","coordinates":[[[-2.036,10.252],[-2.031,10.388],[-2.273,11.02],[-2.479,11.044],[-2.77,11.208],[-3.143,11.361],[-3.235,11.319],[-3.234,11.017],[-3.067,10.946],[-2.751,10.75],[-2.568,10.598],[-2.572,10.437],[-2.43,10.238],[-2.302,10.147],[-2.087,10.147],[-2.036,10.252]]]},"properties":{"id":"dagari","name":"Dagari","family":"Niger-Congo","glottocode":"sout2789","language":"Central Dagaare","group":"Grusi","ea":"Ag39","lat":10.7717,"lon":-2.56012}},
{"type":"Feature","geometry":{"type":"Polygon","coordinates":[[[8.233,14.646],[8.893,14.152],[9.108,13.9],[9.397,13.714],[9.575,13.47],[9.577,13.259],[9.672,13.118],[9.924,13.029],[10.007,13.043],[10.078,13.125],[10.128,13.351],[10.291,13.529],[10.654,13.811],[10.692,13.929],[10.692,14.224],[10.625,14.33],[10.198,14.682],[9.56,14.613],[9.444,14.683],[9.148,15.038],[9,15.146],[8.714,15.176],[8.497,15.117],[8.359,14.929],[8.233,14.646]]]},"properties":{"id":"beriberi","name":"Beriberi","family":"Afro-Asiatic","glottocode":"taya1257","language":"Tayart Tamajeq","group":"Tuareg","ea":"Cc10","lat":14.2058,"lon":9.562895}},
{"type":"Feature","geometry":{"type":"Polygon","coordinates":[[[0.451,8.49],[0.697,8.644],[0.715,8.85],[0.516,8.97],[0.511,9.183],[0.614,9.464],[0.18,9.844],[0.048,10.008],[0.012,10.22],[-0.104,10.255],[-0.389,10.23],[-0.718,10.135],[-1.078,10.082],[-1.133,9.736],[-1.127,9.591],[-1.025,9.407],[-0.374,9.363],[-0.203,9.218],[-0.159,9.009],[-0.26,8.832],[-0.202,8.629],[-0.052,8.656],[0.128,8.619],[0.451,8.49]]]},"properties":{"id":"dagomba","name":"Dagomba","family":"Niger-Congo","glottocode":"dagb1246","language":"Dagbani","group":"Mole","ea":"Ag44","lat":9.463308,"lon":-0.163764}},
{"type":"Feature","geometry":{"type":"Polygon","coordinates":[[[-15.247,12.457],[-15.204,12.415],[-15.117,12.328],[-15.044,12.237],[-15.03,12.221],[-14.97,12.147],[-14.93,12.067],[-14.924,11.986],[-14.886,11.898],[-14.878,11.73],[-14.641,11.777],[-14.38,12.105],[-14.152,12.453],[-14.045,12.506],[-13.545,12.512],[-13.276,12.729],[-12.955,12.736],[-12.493,12.589],[-12.412,12.471],[-11.957,12.413],[-11.849,12.551],[-11.631,12.652],[-11.397,12.626],[-10.945,12.426],[-10.443,12.342],[-10.251,12.426],[-10.159,12.585],[-9.975,12.643],[-9.849,12.501],[-9.808,12.3],[-9.716,12.225],[-9.423,12.15],[-9.373,12.041],[-9.214,11.899],[-9.247,11.648],[-9.373,11.531],[-9.607,11.405],[-9.707,11.305],[-9.757,10.887],[-9.95,10.853],[-10.151,10.995],[-10.167,11.154],[-10.017,11.204],[-9.883,11.405],[-9.975,11.521],[-10.345,11.449],[-10.659,11.436],[-11.067,11.463],[-11.215,11.242],[-11.148,11.081],[-10.947,10.974],[-10.893,10.834],[-10.92,10.666],[-10.88,10.556],[-10.741,10.533],[-10.67,10.373],[-10.654,9.941],[-10.361,9.785],[-10.195,9.773],[-9.696,9.832],[-9.464,9.755],[-9.051,9.095],[-8.726,9.212],[-8.518,9.454],[-8.205,9.53],[-7.974,9.476],[-7.952,9.267],[-7.76,8.949],[-7.502,8.603],[-7.31,8.279],[-7.242,8.092],[-6.987,7.759],[-6.887,7.754],[-6.489,7.825],[-6.198,7.903],[-6.121,7.986],[-6.032,8.211],[-5.717,8.36],[-5.606,8.376],[-5.593,8.532],[-5.759,8.811],[-6.02,8.942],[-6.489,8.948],[-6.697,8.847],[-6.917,8.556],[-7.095,8.532],[-7.184,8.728],[-7.136,9.043],[-7.285,9.345],[-7.332,9.506],[-7.267,9.696],[-7.267,10.016],[-7.184,10.153],[-6.976,10.23],[-6.899,10.082],[-6.869,9.809],[-6.673,9.749],[-6.703,10.07],[-6.581,10.276],[-6.78,10.581],[-6.964,10.803],[-7.153,10.974],[-7.229,11.296],[-7.375,11.575],[-7.533,11.619],[-7.647,11.385],[-7.862,11.397],[-7.925,11.461],[-7.988,11.897],[-8.001,12.213],[-8.191,12.353],[-8.336,12.384],[-8.634,12.378],[-8.824,12.498],[-9.137,12.524],[-9.355,12.78],[-9.345,12.956],[-9.184,13.169],[-9.17,13.34],[-9.246,13.44],[-9.478,13.502],[-9.595,13.708],[-9.941,13.93],[-10.327,13.893],[-10.565,13.921],[-10.826,13.717],[-11.2,13.646],[-11.409,13.67],[-11.514,13.893],[-11.589,14.211],[-11.691,14.337],[-11.983,14.445],[-12.052,14.513],[-12.701,14.678],[-12.936,14.574],[-13.242,14.574],[-13.268,14.651],[-13.915,14.504],[-14.179,14.406],[-14.346,14.19],[-14.561,14.053],[-14.846,14.004],[-14.977,14.053],[-14.977,14.052],[-15.117,13.932],[-15.352,13.744],[-15.402,13.727],[-15.445,13.711],[-15.546,13.651],[-15.847,13.591],[-16.041,13.484],[-16.125,13.448],[-16.119,13.444],[-16.112,13.438],[-16.103,13.432],[-16.091,13.431],[-16.162,13.425],[-16.225,13.329],[-16.215,13.186],[-16.094,13.153],[-15.974,13.133],[-15.927,13.12],[-15.9,13.113],[-15.833,12.952],[-15.887,12.872],[-15.942,12.767],[-15.946,12.76],[-15.894,12.769],[-15.82,12.79],[-15.679,12.776],[-15.56,12.723],[-15.564,12.732],[-15.565,12.737],[-15.552,12.779],[-15.532,12.781],[-15.541,12.713],[-15.311,12.522],[-15.247,12.457]]]},"properties":{"id":"malinke","name":"Malinke","family":"Niger-Congo","glottocode":"kita1249","language":"Kita Maninkakan","group":"Mande, Nuclear","ea":"Ag9","lat":11.8663,"lon":-10.65}},
{"type":"Feature","geometry":{"type":"Polygon","coordinates":[[[11.505,8.632],[11.38,8.763],[11.298,8.672],[11.227,8.523],[11.036,8.363],[10.839,8.3],[10.87,8.019],[11.171,8.074],[11.276,8.314],[11.505,8.632]]]},"properties":{"id":"daka","name":"Daka","family":"Niger-Congo","glottocode":"samb1311","language":"Sama Mum","group":"Chamba-Yungur","ea":"Ah29","lat":8.339056,"lon":11.1512}},
{"type":"Feature","geometry":{"type":"Polygon","coordinates":[[[-7.242,8.092],[-7.612,7.825],[-7.683,7.843],[-7.819,8.015],[-8.011,8.012],[-8.266,7.727],[-8.223,7.451],[-8.116,7.22],[-7.718,7.119],[-7.505,7.188],[-7.41,7.404],[-7.321,7.505],[-7.041,7.579],[-6.987,7.759],[-7.242,8.092]]]},"properties":{"id":"dan","name":"Dan","family":"Niger-Congo","glottocode":"dann1241","language":"Dan","group":"Mande, Southern","ea":"Af50","lat":7.611124,"lon":-7.67537}},
{"type":"Feature","geometry":{"type":"Polygon","coordinates":[[[38.99,7.21],[38.474,7.129],[38.236,6.906],[38.191,6.512],[38.239,6.361],[38.423,6.129],[38.551,6.04],[39.107,6.06],[39.031,6.314],[38.99,7.21]]]},"properties":{"id":"darasa","name":"Darasa","family":"Afro-Asiatic","glottocode":"gede1246","language":"Gedeo","group":"Sidamo","ea":"Ca15","lat":6.59997,"lon":38.6576}},
{"type":"Feature","geometry":{"type":"Polygon","coordinates":[[[35.01,11.256],[34.836,11.28],[34.433,11.466],[34.346,10.898],[34.353,10.522],[34.331,10.344],[34.481,10.057],[34.754,9.84],[35.019,9.794],[35.232,9.907],[35.424,10.235],[35.515,10.31],[35.485,10.469],[35.01,11.256]]]},"properties":{"id":"berta","name":"Berta","family":"Nilo-Saharan","glottocode":"maba1273","language":"Mabaan","group":"Fung","ea":"Ai45","lat":10.5656,"lon":34.8489}},
{"type":"Feature","geometry":{"type":"Polygon","coordinates":[[[15.589,17.395],[15.218,17.335],[15.01,17.254],[14.559,17.162],[14.423,17.162],[14.425,17.139],[13.338,16.769],[12.888,16.665],[12.645,16.642],[11.558,16.723],[11.235,16.734],[10.93,16.821],[10.615,16.458],[10.458,16.054],[10.3,15.501],[10.201,14.88],[10.198,14.682],[10.625,14.33],[10.692,14.224],[11.126,14.195],[11.437,13.928],[11.801,13.861],[12.127,13.713],[12.314,13.572],[12.408,13.654],[12.601,13.705],[12.727,13.691],[12.842,13.599],[12.996,13.67],[12.937,13.758],[12.835,14.18],[12.815,14.384],[12.89,14.596],[13.026,14.711],[13.441,14.827],[13.809,14.814],[13.986,14.745],[14.306,14.48],[14.463,14.289],[14.695,14.085],[14.913,14.037],[15.233,14.105],[15.328,14.194],[15.342,14.274],[14.926,14.333],[14.824,14.353],[14.736,14.401],[14.62,14.626],[14.776,14.83],[15.199,14.844],[15.73,14.81],[15.819,14.701],[15.791,14.462],[15.716,14.337],[15.882,14.042],[15.887,14.033],[15.975,14.128],[16.146,14.38],[16.282,14.701],[16.418,15.109],[16.452,15.326],[16.27,15.493],[16.015,15.978],[15.969,16.325],[15.796,17.03],[15.589,17.395]]]},"properties":{"id":"daza","name":"Daza","family":"Nilo-Saharan","glottocode":"daza1242","language":"Dazaga","group":"Teda","ea":"Cc14","lat":15.5476,"lon":13.2601}},
{"type":"Feature","geometry":{"type":"Polygon","coordinates":[[[12.17,9.669],[12.342,9.8],[12.4,10.254],[12.322,10.287],[12.131,10.181],[12.131,9.67],[12.17,9.669]]]},"properties":{"id":"dera","name":"Dera","family":"Afro-Asiatic","glottocode":"tera1251","language":"Tera","group":"Bolewa-Tera","ea":"Cb6","lat":9.99478,"lon":12.2507}},
{"type":"Feature","geometry":{"type":"Polygon","coordinates":[[[-3.675,11.062],[-3.715,10.792],[-3.551,10.77],[-3.264,10.878],[-3.234,11.017],[-3.235,11.319],[-3.443,11.258],[-3.675,11.062]]]},"properties":{"id":"dian","name":"Dian","family":"Niger-Congo","glottocode":"nort2819","language":"Northern Bobo Madaré","group":"Habe","ea":"Ag30","lat":11.0288,"lon":-3.43986}},
{"type":"Feature","geometry":{"type":"Polygon","coordinates":[[[33.456,3.864],[33.62,3.977],[33.809,4.001],[33.942,3.913],[34.201,4.106],[34.092,4.304],[34.106,4.43],[34.263,4.583],[34.155,4.725],[33.802,4.812],[33.618,4.817],[33.384,4.931],[33.294,4.828],[33.364,4.493],[33.227,4.076],[33.259,3.885],[33.456,3.864]]]},"properties":{"id":"didinga","name":"Didinga","family":"Nilo-Saharan","glottocode":"didi1258","language":"Didinga","group":"Beir-Didinga","ea":"Aj19","lat":4.374772,"lon":33.7035}},
{"type":"Feature","geometry":{"type":"Polygon","coordinates":[[[39.309,-4.187],[38.915,-3.771],[38.729,-4.073],[38.781,-4.362],[38.689,-4.956],[38.994,-4.989],[39.037,-4.841],[39.128,-4.577],[39.309,-4.187]]]},"properties":{"id":"digo","name":"Digo","family":"Niger-Congo","glottocode":"digo1243","language":"Digo","group":"Nyika","ea":"Ad30","lat":-4.39497,"lon":38.9579}},
{"type":"Feature","geometry":{"type":"Polygon","coordinates":[[[31.345,12.557],[31.036,12.985],[30.817,13.054],[30.626,12.972],[30.326,12.746],[29.888,12.35],[29.774,12.293],[29.767,11.997],[29.972,11.808],[30.054,11.435],[30.279,11.542],[30.347,11.767],[30.423,11.87],[30.675,12.013],[30.931,12.052],[31.345,12.557]]]},"properties":{"id":"dilling","name":"Dilling","family":"Nilo-Saharan","glottocode":"dill1242","language":"Dilling","group":"Nubians","ea":"Ai8","lat":12.3357,"lon":30.522}},
{"type":"Feature","geometry":{"type":"Polygon","coordinates":[[[19.136,12.094],[19.239,12.062],[19.683,12.096],[19.983,12.219],[20.161,12.396],[20.254,12.816],[20.079,12.952],[19.785,12.979],[19.279,12.8],[19.084,12.531],[19.136,12.094]]]},"properties":{"id":"mubi","name":"Mubi","family":"Afro-Asiatic","glottocode":null,"language":"Mubi","group":"Teda","ea":"Cc2","lat":12.5199,"lon":19.6556}},
{"type":"Feature","geometry":{"type":"Polygon","coordinates":[[[29.383,6.889],[29.757,6.867],[29.873,6.798],[30.112,6.532],[30.112,6.436],[30.27,6.279],[30.571,6.233],[30.611,6.293],[30.816,6.348],[31,6.314],[31.19,6.225],[31.641,6.061],[31.894,6.02],[32.207,5.913],[32.338,6.389],[32.461,6.936],[32.516,7.03],[32.368,7.165],[32.101,7.472],[31.931,7.629],[31.575,7.848],[31.275,7.902],[30.845,7.779],[30.435,7.759],[30.278,7.827],[30.039,8.162],[29.943,8.367],[29.731,8.913],[29.704,9.118],[29.779,9.439],[29.875,9.569],[30.1,9.705],[30.66,9.705],[31.041,9.681],[31.097,9.982],[31.003,10.058],[30.853,10.065],[30.696,10.147],[30.658,10.275],[30.204,10.304],[29.826,10.387],[29.625,10.202],[29.352,10.113],[28.798,10.236],[28.163,10.298],[27.344,10.298],[27.119,10.351],[26.668,10.146],[26.693,9.832],[26.57,9.429],[26.57,9.313],[26.407,9.019],[26.773,8.619],[27.073,8.216],[27.179,8.143],[27.278,8.168],[27.469,8.359],[27.804,8.325],[28.125,8.407],[28.282,8.407],[28.501,8.25],[28.809,7.835],[28.965,7.731],[28.999,7.355],[29.067,7.198],[29.383,6.889]]]},"properties":{"id":"dinka","name":"Dinka","family":"Nilo-Saharan","glottocode":"sout2832","language":"Southwestern Dinka","group":"Nilotes, Northern","ea":"Aj11","lat":8.408005,"lon":29.4044}},
{"type":"Feature","geometry":{"type":"MultiPolygon","coordinates":[[[[-15.929,12.612],[-15.953,12.758],[-15.947,12.758],[-15.946,12.76],[-15.942,12.767],[-15.887,12.872],[-15.833,12.952],[-15.9,13.113],[-15.927,13.12],[-15.974,13.133],[-16.094,13.153],[-16.215,13.186],[-16.35,13.276],[-16.547,13.289],[-16.66,13.469],[-16.819,13.369],[-16.753,13.071],[-16.796,12.83],[-16.75,12.564],[-16.571,12.671],[-16.419,12.576],[-16.319,12.611],[-16.151,12.61],[-16.011,12.687],[-15.929,12.612]]],[[[-16.272,12.377],[-16.275,12.417],[-16.288,12.468],[-16.295,12.497],[-16.304,12.538],[-16.314,12.588],[-16.531,12.551],[-16.758,12.539],[-16.801,12.44],[-16.716,12.322],[-16.573,12.277],[-16.453,12.172],[-16.257,12.26],[-16.268,12.33],[-16.272,12.377]]]]},"properties":{"id":"diola","name":"Diola","family":"Niger-Congo","glottocode":"ejam1238","language":"Ejamat","group":"Guinea","ea":"Ag19","lat":12.8393,"lon":-16.409}},
{"type":"Feature","geometry":{"type":"Polygon","coordinates":[[[27.702,14.358],[27.09,15.057],[26.689,14.874],[26.238,14.922],[26.033,15.052],[25.786,14.805],[25.575,14.675],[25.691,14.012],[25.53,13.695],[25.677,13.555],[25.943,13.227],[26.382,12.893],[26.92,13.09],[27.364,13.432],[27.696,13.652],[27.702,14.358]]]},"properties":{"id":"berti","name":"Berti","family":"Nilo-Saharan","glottocode":null,"language":"Berti","group":"Arabs, Bedoin","ea":"Cc6","lat":14.0269,"lon":26.6076}},
{"type":"Feature","geometry":{"type":"Polygon","coordinates":[[[23.581,-8.95],[23.619,-8.552],[23.602,-8.283],[23.4,-7.93],[23.137,-7.698],[22.879,-7.77],[22.408,-7.694],[22.324,-7.635],[21.819,-7.652],[21.523,-7.716],[21.583,-7.991],[21.676,-8.588],[21.827,-9.11],[21.937,-9.37],[22.054,-9.522],[22.181,-9.597],[22.349,-9.606],[22.895,-9.505],[23.307,-9.328],[23.501,-9.152],[23.581,-8.95]]]},"properties":{"id":"lunda","name":"Lunda","family":"Niger-Congo","glottocode":"chok1245","language":"Chokwe","group":"Lunda","ea":"Ac12","lat":-8.56856,"lon":22.5847}},
{"type":"Feature","geometry":{"type":"Polygon","coordinates":[[[-4.109,9.309],[-4.268,9.446],[-4.524,9.072],[-4.542,8.93],[-4.34,8.734],[-3.918,8.562],[-3.781,8.781],[-3.799,9.001],[-3.882,9.114],[-4.109,9.309]]]},"properties":{"id":"diula","name":"Diula","family":"Niger-Congo","glottocode":"dyul1238","language":"Dyula","group":"Marka","ea":"Ag27","lat":8.971516,"lon":-4.15205}},
{"type":"Feature","geometry":{"type":"Polygon","coordinates":[[[-3.472,13.29],[-3.343,13.326],[-3.194,13.772],[-3.055,13.898],[-2.783,13.917],[-2.711,13.881],[-2.606,13.951],[-2.245,14.046],[-2.177,14.222],[-2.296,14.356],[-2.574,14.432],[-2.713,14.609],[-2.593,14.957],[-2.574,15.185],[-2.7,15.305],[-3.112,15.21],[-3.365,15.223],[-3.586,15.374],[-3.668,15.374],[-3.795,14.957],[-3.877,14.842],[-3.915,14.622],[-4.016,14.283],[-3.896,14.204],[-3.839,14.014],[-3.839,13.847],[-3.472,13.29]]]},"properties":{"id":"dogon","name":"Dogon","family":"Niger-Congo","glottocode":"bank1259","language":"Bankan Tey Dogon","group":"Habe","ea":"Ag3","lat":14.4398,"lon":-3.21671}},
{"type":"Feature","geometry":{"type":"Polygon","coordinates":[[[35.609,-0.313],[35.964,-0.285],[36.155,-0.205],[36.165,0.125],[36.119,0.202],[35.961,0.247],[35.581,0.178],[35.5,0],[35.529,-0.171],[35.609,-0.313]]]},"properties":{"id":"dorobo","name":"Dorobo","family":"Nilo-Saharan","glottocode":"okie1245","language":"Okiek","group":"Dorobo","ea":"Aa2","lat":-0.0362,"lon":35.841}},
{"type":"Feature","geometry":{"type":"Polygon","coordinates":[[[28.438,-25.289],[27.957,-25.44],[27.704,-25.596],[27.612,-25.945],[27.645,-26.088],[27.83,-26.315],[28.152,-26.483],[28.276,-26.483],[28.789,-26.357],[28.941,-26.265],[29.016,-26.138],[29.042,-25.945],[28.974,-25.735],[28.697,-25.407],[28.438,-25.289]]]},"properties":{"id":"manala","name":"Manala","family":"Niger-Congo","glottocode":"tswe1238","language":"Tswene","group":"Sotho","ea":"Ab15","lat":-25.9066,"lon":28.3263}},
{"type":"Feature","geometry":{"type":"Polygon","coordinates":[[[-3.715,10.792],[-3.948,10.729],[-4.144,10.741],[-4.132,10.551],[-4.043,10.331],[-4.126,10.212],[-3.916,9.963],[-3.663,10.106],[-3.556,10.212],[-3.532,10.331],[-3.551,10.77],[-3.715,10.792]]]},"properties":{"id":"dorosie","name":"Dorosie","family":"Niger-Congo","glottocode":"dogo1295","language":"Dogosé","group":"Lobi","ea":"Ag34","lat":10.4174,"lon":-3.82634}},
{"type":"Feature","geometry":{"type":"Polygon","coordinates":[[[50.231,-14.75],[50.173,-14.129],[50.147,-14.123],[50.073,-14.104],[49.937,-14.044],[49.883,-14.032],[49.8,-14.013],[49.619,-13.998],[49.377,-14.225],[49.132,-14.181],[49.131,-14.181],[49.132,-14.181],[49.376,-14.225],[49.376,-14.786],[49.368,-14.827],[49.316,-15.089],[49.285,-15.467],[49.316,-15.74],[49.225,-16.013],[49.163,-16.25],[49.119,-16.422],[49.072,-16.542],[49.016,-16.686],[49.013,-16.694],[48.986,-16.838],[48.922,-17.179],[48.801,-17.542],[48.73,-17.777],[48.664,-17.997],[48.52,-18.441],[48.511,-18.469],[48.483,-18.557],[48.393,-19.042],[48.377,-19.133],[48.301,-19.663],[48.257,-19.849],[48.225,-19.981],[48.165,-20.284],[48.111,-20.63],[48.104,-20.678],[48.097,-20.857],[48.089,-21.041],[48.426,-21.089],[48.521,-20.698],[48.636,-20.337],[48.759,-20.091],[48.876,-19.628],[49.002,-19.334],[49.066,-19.088],[49.367,-18.392],[49.414,-18.073],[49.51,-17.678],[49.429,-17.297],[49.617,-16.894],[49.798,-16.853],[49.724,-16.706],[49.846,-16.566],[49.836,-16.197],[49.68,-16.039],[49.729,-15.926],[49.641,-15.538],[49.751,-15.436],[49.909,-15.434],[49.904,-15.561],[50.034,-15.867],[50.184,-15.976],[50.3,-15.874],[50.434,-15.58],[50.501,-15.323],[50.484,-15.204],[50.351,-15.047],[50.231,-14.75]]]},"properties":{"id":"betsimisaraka","name":"Betsimisaraka","family":"Austronesian","glottocode":null,"language":"Malagasy","group":"Yao-Makonde","ea":"Ac42","lat":-17.2077,"lon":49.2462}},
{"type":"Feature","geometry":{"type":"Polygon","coordinates":[[[39.309,-4.187],[39.319,-4.158],[39.465,-3.971],[39.504,-3.854],[39.082,-3.493],[38.915,-3.771],[39.309,-4.187]]]},"properties":{"id":"duruma","name":"Duruma","family":"Niger-Congo","glottocode":"tait1250","language":"Taita","group":"Kenya Highlands","ea":"Ad37","lat":-3.83717,"lon":39.2116}},
{"type":"Feature","geometry":{"type":"Polygon","coordinates":[[[13.748,4.093],[13.71,3.991],[13.34,3.706],[13.037,3.585],[12.867,3.585],[12.695,3.516],[12.706,3.41],[12.968,3.038],[13.121,2.864],[13.274,2.623],[13.438,2.109],[13.482,1.748],[13.548,1.409],[13.569,1.098],[13.896,1.178],[14.739,1.475],[15.128,1.651],[15.176,1.716],[15.154,1.819],[15.257,2.098],[15.401,2.297],[15.362,2.79],[15.336,2.887],[15.045,3.251],[14.809,3.846],[14.493,3.943],[14.25,3.979],[14.02,4.058],[13.748,4.093]]]},"properties":{"id":"dzem","name":"Dzem","family":"Niger-Congo","glottocode":"njye1238","language":"Njyem","group":"Fang-Dzem","ea":"Ae40","lat":2.675011,"lon":14.1686}},
{"type":"Feature","geometry":{"type":"Polygon","coordinates":[[[10.906,5.075],[11.091,5.127],[11.104,5.244],[11.296,5.474],[11.326,5.535],[11.331,6.177],[11.383,6.331],[11.38,6.337],[11.174,6.274],[11.174,6.214],[10.939,5.995],[10.804,5.807],[10.67,5.715],[10.786,5.447],[10.846,5.1],[10.906,5.075]]]},"properties":{"id":"mum","name":"Mum","family":"Niger-Congo","glottocode":"tige1238","language":"Tige","group":"Cameroon Highlands","ea":"Ae58","lat":5.674299,"lon":11.0545}},
{"type":"Feature","geometry":{"type":"Polygon","coordinates":[[[10.179,3.11],[10.183,3.111],[10.164,3.282],[10.16,3.481],[10.164,3.786],[10.257,4.169],[10.252,4.19],[10.238,4.248],[10.192,4.28],[10.099,4.333],[10.09,4.303],[10.025,4.229],[9.896,4.169],[9.844,4.168],[9.737,4.165],[9.752,4.141],[9.756,4.129],[9.75,4.115],[9.695,4.075],[9.612,3.956],[9.582,3.783],[9.667,3.524],[9.812,3.397],[9.909,3.241],[9.943,3.139],[9.966,3.087],[9.967,3.082],[9.967,3.076],[10.147,3.105],[10.178,3.11],[10.179,3.11]]]},"properties":{"id":"duala","name":"Duala","family":"Niger-Congo","glottocode":"dual1243","language":"Duala","group":"Biafra Coast","ea":"Ae12","lat":3.732898,"lon":9.953489}},
{"type":"Feature","geometry":{"type":"Polygon","coordinates":[[[-4.109,9.309],[-3.861,9.533],[-3.916,9.963],[-4.126,10.212],[-4.407,10.147],[-4.369,9.957],[-4.438,9.75],[-4.268,9.446],[-4.109,9.309]]]},"properties":{"id":"komono","name":"Komono","family":"Niger-Congo","glottocode":"ceba1235","language":"Senari","group":"Senufo","ea":"Ag32","lat":9.77618,"lon":-4.14357}},
{"type":"Feature","geometry":{"type":"Polygon","coordinates":[[[14.296,11.591],[14.191,11.661],[14.063,11.839],[13.885,11.85],[13.74,11.65],[13.814,11.423],[13.913,11.383],[14.068,11.213],[14.218,11.205],[14.336,11.109],[14.676,11.108],[14.689,11.154],[14.661,11.383],[14.474,11.449],[14.296,11.591]]]},"properties":{"id":"mandara","name":"Mandara","family":"Afro-Asiatic","glottocode":null,"language":"Wandala","group":"Bornu","ea":"Cb19","lat":11.4462,"lon":14.1912}},
{"type":"Feature","geometry":{"type":"Polygon","coordinates":[[[20.032,-4.453],[20.122,-4.184],[20.174,-4.155],[20.18,-4.055],[19.943,-4.002],[19.584,-4.01],[19.351,-3.951],[18.879,-3.79],[18.836,-3.742],[18.518,-3.689],[18.59,-3.861],[18.785,-4.023],[19.095,-4.463],[19.198,-4.699],[19.315,-4.736],[19.619,-4.73],[19.729,-4.943],[19.865,-4.872],[19.891,-4.613],[20.032,-4.453]]]},"properties":{"id":"dzing","name":"Dzing","family":"Niger-Congo","glottocode":"ding1239","language":"Ding","group":"Kasai","ea":"Ac22","lat":-4.27197,"lon":19.4305}},
{"type":"Feature","geometry":{"type":"Polygon","coordinates":[[[24.075,-18.238],[23.718,-17.899],[23.513,-18.045],[23.277,-18.323],[23.059,-18.626],[22.876,-18.739],[22.89,-18.937],[22.754,-19.313],[23.025,-19.551],[23.185,-19.618],[23.807,-19.685],[23.991,-19.462],[24.093,-18.525],[24.075,-18.238]]]},"properties":{"id":"koba","name":"Koba","family":"Khoisan","glottocode":"naro1249","language":"Naro","group":"Bushmen","ea":"Aa7","lat":-18.8954,"lon":23.517}},
{"type":"Feature","geometry":{"type":"Polygon","coordinates":[[[6.816,6.586],[6.768,6.815],[6.399,6.715],[6.024,6.678],[5.881,6.741],[5.71,6.66],[5.502,6.78],[5.285,6.72],[5.151,6.563],[4.98,6.022],[4.929,5.95],[5.094,5.807],[5.29,5.902],[5.4,5.934],[5.714,5.939],[5.724,5.939],[5.844,5.934],[6.306,5.818],[6.362,5.964],[6.368,6.192],[6.54,6.444],[6.816,6.586]]]},"properties":{"id":"edo","name":"Edo","family":"Niger-Congo","glottocode":"bini1246","language":"Bini","group":"Ibo-Edo","ea":"Af24","lat":6.321272,"lon":5.803692}},
{"type":"Feature","geometry":{"type":"Polygon","coordinates":[[[16.452,15.326],[16.418,15.109],[16.282,14.701],[16.146,14.38],[15.975,14.128],[15.887,14.033],[15.882,14.042],[15.81,13.725],[15.756,13.364],[15.681,13.112],[15.618,13.049],[15.729,12.935],[16.022,12.806],[16.165,12.826],[16.941,13.207],[17.077,13.238],[17.363,13.255],[17.649,13.33],[17.915,13.46],[18.201,13.746],[18.545,13.862],[18.665,14.256],[18.85,14.598],[18.937,14.68],[18.931,14.915],[18.979,15.257],[19.068,15.563],[18.951,15.608],[18.142,15.805],[17.876,15.805],[17.322,15.666],[16.593,15.435],[16.452,15.326]]]},"properties":{"id":"kreda","name":"Kreda","family":"Nilo-Saharan","glottocode":"teda1241","language":"Tedaga","group":"Teda","ea":"Cc2","lat":14.4103,"lon":17.3523}},
{"type":"Feature","geometry":{"type":"Polygon","coordinates":[[[1.361,7.995],[1.694,8.028],[1.976,7.964],[2.364,8.217],[2.577,8.222],[2.743,7.676],[2.752,7.237],[2.73,6.977],[2.84,6.886],[2.863,6.766],[2.983,6.632],[3.116,6.377],[3.295,6.386],[3.367,6.632],[3.64,6.734],[3.727,6.822],[3.829,7.039],[3.727,7.297],[3.321,7.413],[3.219,7.626],[3.196,7.778],[3.007,7.995],[2.923,8.217],[2.914,8.411],[3.003,8.807],[2.775,8.873],[2.517,8.989],[2.35,8.979],[2.013,8.979],[1.855,8.916],[1.745,8.813],[1.488,8.469],[1.204,8.243],[1.247,8.039],[1.361,7.995]]]},"properties":{"id":"egba","name":"Egba","family":"Niger-Congo","glottocode":"egba1238","language":"Egba","group":"Yoruba","ea":"Af32","lat":7.887887,"lon":2.62273}},
{"type":"Feature","geometry":{"type":"Polygon","coordinates":[[[32.756,25.735],[32.767,25.825],[32.836,26.013],[32.94,26.213],[32.717,26.573],[32.5,26.681],[32.359,26.646],[32.342,26.642],[32.056,26.681],[31.8,26.8],[31.563,27.125],[31.396,27.313],[31.149,27.658],[31.021,27.944],[30.991,28.279],[31.07,28.565],[31.198,28.881],[31.292,29.236],[31.346,29.443],[31.366,29.729],[31.368,29.743],[31.425,30.055],[31.519,30.23],[31.573,30.331],[31.679,30.46],[31.751,30.548],[31.912,30.677],[31.948,30.706],[32.288,31.132],[32.084,31.078],[31.806,31.282],[31.856,31.418],[31.756,31.479],[31.513,31.451],[31.108,31.601],[30.997,31.446],[30.744,31.409],[30.597,31.472],[30.354,31.448],[30.215,31.213],[30.064,31.329],[29.82,31.14],[29.525,30.961],[29.276,30.86],[29.383,30.645],[29.778,30.241],[30.026,30.038],[30.103,29.975],[30.015,29.856],[29.916,29.666],[29.887,29.61],[29.868,29.542],[29.827,29.393],[29.778,28.969],[29.783,28.739],[29.788,28.545],[30.064,27.538],[30.32,26.966],[30.577,26.246],[30.567,26.241],[30.643,26.187],[30.666,26.17],[30.735,26.062],[31.129,25.874],[31.176,25.841],[31.267,25.776],[31.386,25.588],[31.476,25.468],[31.534,25.391],[31.672,24.908],[31.677,24.766],[31.682,24.661],[31.662,24.444],[31.644,24.29],[31.643,24.285],[31.642,24.277],[32.086,24.139],[32.362,24.089],[32.576,24.07],[32.579,24.069],[32.796,24.05],[32.797,24.05],[32.913,24.059],[32.917,24.059],[32.924,24.06],[33.023,24.316],[33.049,24.524],[33.072,24.711],[32.993,25.046],[32.836,25.322],[32.798,25.421],[32.737,25.579],[32.756,25.735]]]},"properties":{"id":"egyptians","name":"Egyptians","family":"Afro-Asiatic","glottocode":"egyp1253","language":"Egyptian Arabic","group":"Arabs, Littoral North Africa","ea":"Cd2","lat":28.0153,"lon":31.1738}},
{"type":"Feature","geometry":{"type":"Polygon","coordinates":[[[5.881,6.741],[5.931,6.96],[6.135,7.311],[6.258,7.396],[6.219,7.622],[5.931,7.797],[5.742,8.014],[5.421,8.302],[5.213,8.079],[5.072,7.704],[5.063,7.376],[4.91,7.187],[4.54,6.92],[4.531,6.775],[4.647,6.493],[4.629,6.216],[4.929,5.95],[4.98,6.022],[5.151,6.563],[5.285,6.72],[5.502,6.78],[5.71,6.66],[5.881,6.741]]]},"properties":{"id":"ekiti","name":"Ekiti","family":"Niger-Congo","glottocode":"ekit1244","language":"Ekiti","group":"Yoruba","ea":"Af33","lat":7.190923,"lon":5.362746}},
{"type":"Feature","geometry":{"type":"Polygon","coordinates":[[[9.164,5.854],[8.938,5.895],[8.831,6.174],[8.792,6.369],[8.707,6.313],[8.692,6.149],[8.579,5.89],[8.585,5.763],[8.342,5.408],[8.593,5.241],[8.817,5.148],[8.977,5.158],[9.16,5.327],[9.164,5.854]]]},"properties":{"id":"ekoi","name":"Ekoi","family":"Niger-Congo","glottocode":"ejag1239","language":"Ejagham","group":"Cross River","ea":"Af18","lat":5.615234,"lon":8.805373}},
{"type":"Feature","geometry":{"type":"Polygon","coordinates":[[[19.943,-4.002],[19.982,-3.566],[20.014,-2.835],[19.975,-2.686],[19.801,-2.46],[19.749,-2.272],[19.749,-2.071],[19.846,-1.793],[19.929,-1.735],[19.804,-1.509],[19.549,-1.543],[19.459,-1.446],[19.355,-0.974],[19.129,-0.767],[18.812,-0.741],[18.443,-0.553],[18.184,-0.508],[17.884,-0.311],[17.866,-0.321],[17.543,-0.793],[17.492,-0.903],[17.149,-1.188],[17.057,-1.37],[17.077,-1.679],[17.052,-2.126],[17.55,-2.103],[17.854,-2.019],[18.178,-2.129],[18.339,-2.323],[18.443,-2.517],[18.928,-2.75],[18.993,-2.97],[18.967,-3.475],[18.836,-3.742],[18.879,-3.79],[19.351,-3.951],[19.584,-4.01],[19.943,-4.002]]]},"properties":{"id":"ekonda","name":"Ekonda","family":"Niger-Congo","glottocode":"ekon1238","language":"Ekonda Mongo","group":"Mongo","ea":"Ae20","lat":-2.00106,"lon":18.7259}},
{"type":"Feature","geometry":{"type":"Polygon","coordinates":[[[13.443,9.483],[13.701,9.519],[13.957,9.858],[13.99,9.995],[13.913,10.092],[13.38,9.956],[13.443,9.483]]]},"properties":{"id":"fali","name":"Fali","family":"Niger-Congo","glottocode":"sout2782","language":"South Fali","group":"Adamawa","ea":"Ai12","lat":9.795764,"lon":13.6657}},
{"type":"Feature","geometry":{"type":"Polygon","coordinates":[[[41.086,9.756],[41.142,9.725],[41.206,9.687],[41.226,9.674],[41.407,9.578],[41.583,9.578],[41.719,9.595],[41.802,9.611],[41.866,9.623],[41.995,9.672],[42.002,9.674],[42.285,9.788],[42.333,9.797],[42.432,9.816],[42.579,9.816],[42.698,9.765],[42.811,9.686],[43.111,9.669],[43.137,9.656],[43.218,9.618],[43.335,9.598],[43.422,9.584],[43.455,9.586],[43.495,9.588],[43.507,9.589],[43.518,9.589],[43.699,9.782],[43.846,9.884],[44.022,9.98],[44.122,10.051],[44.141,10.065],[44.418,10.348],[43.814,10.814],[43.665,10.976],[43.459,11.35],[43.173,11.531],[43.152,11.61],[43.114,11.486],[43.088,11.399],[42.989,11.241],[42.594,11.113],[42.484,11.066],[42.387,11.024],[42.003,10.866],[41.726,10.699],[41.668,10.649],[41.539,10.541],[41.392,10.38],[41.342,10.324],[41.251,10.153],[41.174,10.008],[41.149,9.931],[41.095,9.762],[41.086,9.756]]]},"properties":{"id":"esa","name":"Esa","family":"Afro-Asiatic","glottocode":"nort3051","language":"Northern Somali","group":"Afar-Somali","ea":"Ca10","lat":10.3627,"lon":42.7643}},
{"type":"Feature","geometry":{"type":"Polygon","coordinates":[[[1.243,7.256],[1.221,7.181],[1.266,6.807],[1.349,6.678],[1.585,6.447],[2.101,6.581],[2.161,6.521],[2.167,6.306],[2.486,6.341],[2.568,6.517],[2.563,6.752],[2.623,6.956],[2.73,6.977],[2.752,7.237],[2.743,7.676],[2.577,8.222],[2.364,8.217],[1.976,7.964],[1.902,7.773],[1.754,7.538],[1.606,7.362],[1.491,7.293],[1.243,7.256]]]},"properties":{"id":"fon","name":"Fon","family":"Niger-Congo","glottocode":"fonn1241","language":"Fon","group":"Ewe-Fon","ea":"Af1","lat":7.209065,"lon":2.103097}},
{"type":"Feature","geometry":{"type":"Polygon","coordinates":[[[0.782,5.755],[0.992,5.821],[1.032,5.967],[1.18,6.094],[1.591,6.206],[1.585,6.447],[1.349,6.678],[1.266,6.807],[1.221,7.181],[1.243,7.256],[1.21,7.267],[0.919,7.288],[0.625,7.25],[0.438,7.295],[0.243,7.282],[0.233,7.279],[0.326,6.768],[0.216,6.623],[0.196,6.504],[0.444,6.221],[0.683,6.03],[0.782,5.755]],[[0.695,6.69],[0.616,6.653],[0.539,6.787],[0.718,6.772],[0.695,6.69]]]},"properties":{"id":"ewe","name":"Ewe","family":"Niger-Congo","glottocode":"aguu1242","language":"Agu (Ewe)","group":"Ewe-Fon","ea":"Af36","lat":6.61175,"lon":0.853875}},
{"type":"Feature","geometry":{"type":"Polygon","coordinates":[[[12.939,10.196],[12.915,10.414],[12.943,10.601],[12.765,10.553],[12.334,10.541],[12.322,10.287],[12.4,10.254],[12.718,10.115],[12.939,10.196]]]},"properties":{"id":"kona","name":"Kona","family":"Afro-Asiatic","glottocode":"hwan1240","language":"Hwana","group":"Mandara Highlands","ea":"Ah37","lat":10.3703,"lon":12.6476}},
{"type":"Feature","geometry":{"type":"Polygon","coordinates":[[[31.576,5.461],[31.361,5.562],[31.016,5.671],[30.94,5.438],[30.947,5.131],[30.886,5.049],[30.53,4.954],[30.562,4.707],[30.727,4.67],[30.748,4.52],[30.596,4.404],[30.57,4.213],[30.405,3.96],[30.515,3.864],[30.673,3.885],[30.823,4.001],[30.85,3.756],[31.11,3.714],[31.266,3.731],[31.268,4.131],[31.328,4.527],[31.526,5.23],[31.576,5.461]]]},"properties":{"id":"fajulu","name":"Fajulu","family":"Nilo-Saharan","glottocode":"poju1239","language":"Pöjulu","group":"Bari-Lotuko","ea":"Aj13","lat":4.656895,"lon":31.0289}},
{"type":"Feature","geometry":{"type":"Polygon","coordinates":[[[1.48,9.943],[1.623,10.091],[1.553,10.198],[1.408,10.23],[1.25,10.192],[1.211,10.059],[1.313,9.926],[1.48,9.943]]]},"properties":{"id":"naudeba","name":"Naudeba","family":"Niger-Congo","glottocode":"dita1238","language":"Ditammari","group":"Borgu-Mango","ea":"Ag51","lat":10.0784,"lon":1.408735}},
{"type":"Feature","geometry":{"type":"Polygon","coordinates":[[[12.962,5.058],[12.647,4.882],[12.493,4.759],[12.352,4.784],[12.137,4.907],[11.737,5.067],[11.582,5.043],[11.53,4.361],[11.369,4.118],[11.353,3.693],[11.312,3.554],[11.15,3.445],[11.066,3.258],[10.885,3.135],[10.581,3.094],[10.548,3.028],[10.663,2.708],[10.704,2.404],[10.491,2.141],[10.384,1.886],[10.384,1.73],[10.515,1.664],[10.655,1.672],[10.77,1.508],[10.721,1.41],[10.454,1.297],[10.277,1.089],[10.154,1.04],[10.072,0.917],[10.039,0.728],[10.096,0.218],[10.063,0.095],[9.801,-0.036],[9.645,-0.069],[9.343,-0.061],[9.31,-0.294],[9.858,-0.406],[9.905,-0.409],[10.203,-0.431],[10.313,-0.409],[10.417,-0.389],[10.491,-0.398],[10.523,-0.472],[10.548,-0.554],[10.553,-0.61],[10.556,-0.644],[10.507,-0.702],[10.408,-0.841],[10.146,-1.038],[10.068,-1.082],[10.014,-1.112],[9.907,-1.211],[9.903,-1.235],[9.875,-1.408],[9.916,-1.572],[9.925,-1.597],[9.955,-1.682],[10.002,-1.678],[10.049,-1.674],[10.11,-1.627],[10.148,-1.597],[10.377,-1.619],[10.574,-1.586],[10.629,-1.577],[10.76,-1.553],[10.764,-1.548],[10.866,-1.404],[10.825,-1.302],[10.847,-1.029],[10.902,-0.843],[10.946,-0.526],[11.044,-0.438],[11.602,-0.176],[11.766,-0.22],[11.887,-0.311],[12.269,-0.247],[12.29,-0.11],[12.422,0.021],[12.608,0.119],[12.99,0.218],[13.198,0.36],[13.307,0.491],[13.537,0.874],[13.569,1.098],[13.548,1.409],[13.482,1.748],[13.438,2.109],[13.274,2.623],[13.121,2.864],[12.968,3.038],[12.706,3.41],[12.695,3.516],[12.465,3.651],[12.487,3.749],[12.793,4.022],[12.99,4.143],[13.229,4.836],[12.962,5.058]]]},"properties":{"id":"fang","name":"Fang","family":"Niger-Congo","glottocode":"fang1246","language":"Fang (Equatorial Guinea)","group":"Fang-Dzem","ea":"Ae3","lat":1.73032,"lon":11.7481}},
{"type":"Feature","geometry":{"type":"Polygon","coordinates":[[[24.53,14.492],[24.184,14.661],[23.964,14.69],[23.952,14.614],[23.738,14.233],[23.651,13.896],[23.419,13.671],[23.147,13.569],[23.05,13.161],[22.968,13.025],[22.715,12.717],[22.52,12.368],[22.51,12.144],[22.595,11.654],[22.75,11.379],[22.865,11.245],[23.023,11.276],[23.228,11.413],[23.596,11.536],[23.924,11.741],[24.102,11.939],[24.311,12.05],[24.48,12.48],[24.603,12.61],[24.856,12.951],[25.036,13.08],[24.974,13.704],[24.58,13.698],[24.348,13.808],[24.368,14.04],[24.471,14.265],[24.53,14.492]]]},"properties":{"id":"fur","name":"Fur","family":"Nilo-Saharan","glottocode":"furr1244","language":"Fur","group":"Darfur","ea":"Cb17","lat":12.8453,"lon":23.7317}},
{"type":"Feature","geometry":{"type":"Polygon","coordinates":[[[35.965,-9.09],[36.082,-8.927],[36.057,-8.846],[36.119,-8.614],[36.275,-8.315],[36.153,-8.155],[35.983,-8.116],[35.781,-8.298],[35.679,-8.582],[35.713,-8.933],[35.795,-9.049],[35.965,-9.09]]]},"properties":{"id":"ndamba","name":"Ndamba","family":"Niger-Congo","glottocode":"hehe1240","language":"Hehe","group":"Rufiji","ea":"Ad8","lat":-8.57761,"lon":35.9402}},
{"type":"Feature","geometry":{"type":"Polygon","coordinates":[[[-1.005,5.669],[-1.351,5.479],[-1.535,5.282],[-1.516,5.036],[-1.251,5.094],[-1.062,5.197],[-0.791,5.211],[-0.69,5.308],[-0.493,5.368],[-0.397,5.474],[-0.42,5.826],[-0.633,5.815],[-1.005,5.669]]]},"properties":{"id":"fanti","name":"Fanti","family":"Niger-Congo","glottocode":"fant1241","language":"Fante","group":"Akan","ea":"Af42","lat":5.441208,"lon":-0.94084}},
{"type":"Feature","geometry":{"type":"Polygon","coordinates":[[[-10.492,8.381],[-10.497,8.568],[-10.325,8.906],[-10.385,9.06],[-10.486,9.09],[-10.587,9.019],[-10.889,9.084],[-10.961,9.06],[-11.215,8.817],[-11.192,8.71],[-11.192,8.645],[-11.194,8.634],[-11.204,8.577],[-11.185,8.577],[-11.133,8.544],[-11.072,8.489],[-10.925,8.422],[-10.745,8.422],[-10.607,8.323],[-10.492,8.381]]]},"properties":{"id":"kono","name":"Kono","family":"Niger-Congo","glottocode":"mend1266","language":"Mende (Sierra Leone)","group":"Mende-Temne","ea":"Af5","lat":8.740693,"lon":-10.762}},
{"type":"Feature","geometry":{"type":"Polygon","coordinates":[[[30.577,-6.989],[30.537,-7.166],[30.611,-7.361],[30.591,-7.526],[30.898,-8.018],[30.975,-8.273],[31.117,-8.381],[31.412,-8.206],[31.813,-8.302],[31.899,-8.254],[32.063,-7.939],[32.006,-7.806],[31.667,-7.513],[31.548,-7.488],[30.968,-7.141],[30.836,-6.941],[30.577,-6.989]]]},"properties":{"id":"fipa","name":"Fipa","family":"Niger-Congo","glottocode":"fipa1238","language":"Fipa","group":"Rukwa","ea":"Ad19","lat":-7.72591,"lon":31.241}},
{"type":"Feature","geometry":{"type":"Polygon","coordinates":[[[10.385,6.126],[10.031,6.363],[9.949,6.105],[10.144,5.977],[10.249,5.778],[10.314,5.802],[10.384,5.94],[10.385,6.126]]]},"properties":{"id":"fut","name":"Fut","family":"Niger-Congo","glottocode":"bafu1246","language":"Bafut","group":"Cameroon Highlands","ea":"Ae9","lat":6.077793,"lon":10.1926}},
{"type":"Feature","geometry":{"type":"Polygon","coordinates":[[[12.716,32.048],[12.497,32.159],[12.28,32.15],[11.728,32.061],[11.472,32.041],[10.87,32.051],[10.554,31.992],[10.401,31.876],[10.387,31.617],[10.673,31.41],[11.205,31.36],[11.511,31.39],[11.984,31.469],[12.349,31.617],[12.547,31.725],[12.716,32.048]]]},"properties":{"id":"nefusa","name":"Nefusa","family":"Afro-Asiatic","glottocode":"sout3114","language":"South-Western Tunisian","group":"Arabs, Bedoin","ea":"Cd13","lat":31.7648,"lon":11.503}},
{"type":"Feature","geometry":{"type":"Polygon","coordinates":[[[0.046,5.829],[-0.086,5.86],[-0.42,5.826],[-0.397,5.474],[0.059,5.657],[0.046,5.829]]]},"properties":{"id":"ga","name":"Ga","family":"Niger-Congo","glottocode":"gaaa1244","language":"Ga","group":"Akan","ea":"Af43","lat":5.700486,"lon":-0.193414}},
{"type":"Feature","geometry":{"type":"Polygon","coordinates":[[[-5.705,6.127],[-5.325,6.222],[-5.348,6.334],[-5.533,6.62],[-5.694,6.685],[-5.889,6.638],[-6.005,6.552],[-5.889,6.293],[-5.705,6.127]]]},"properties":{"id":"gagu","name":"Gagu","family":"Niger-Congo","glottocode":"gagu1242","language":"Gban","group":"Mande, Southern","ea":"Af51","lat":6.409547,"lon":-5.66026}},
{"type":"Feature","geometry":{"type":"Polygon","coordinates":[[[32.856,1.468],[32.353,1.645],[32.328,1.608],[32.298,1.563],[32.179,1.495],[32.127,1.46],[32.094,1.438],[31.969,1.388],[31.952,1.381],[31.946,1.38],[31.799,1.341],[31.623,1.302],[31.504,1.245],[31.418,1.202],[31.402,1.194],[31.311,1.109],[31.239,1.047],[31.2,1.014],[31.22,0.944],[31.209,0.661],[31.18,0.547],[30.874,0.264],[30.82,0.139],[30.953,-0.244],[31.158,-0.431],[31.05,-0.715],[31.213,-1.057],[31.408,-1.111],[31.513,-1.073],[31.736,-0.894],[31.699,-0.8],[31.841,-0.484],[32.006,-0.308],[31.924,-0.131],[32.08,-0.036],[32.192,-0.076],[32.581,0.097],[32.703,0.094],[32.856,0.177],[32.979,0.089],[33.133,0.214],[33.272,0.398],[33.272,0.691],[33.186,0.844],[32.966,1.054],[32.851,1.379],[32.856,1.468]]]},"properties":{"id":"ganda","name":"Ganda","family":"Niger-Congo","glottocode":"gand1255","language":"Ganda","group":"East Lacustrine Bantu","ea":"Ad7","lat":0.417896,"lon":31.9705}},
{"type":"Feature","geometry":{"type":"Polygon","coordinates":[[[-9.737,7.261],[-9.761,7.457],[-9.69,7.659],[-9.565,7.885],[-9.565,8.164],[-9.63,8.336],[-9.786,8.414],[-10.055,8.205],[-10.095,7.935],[-10.233,7.661],[-10.439,7.524],[-10.373,7.443],[-10.197,7.393],[-9.943,7.132],[-9.737,7.261]]]},"properties":{"id":"gbande","name":"Gbande","family":"Niger-Congo","glottocode":"band1352","language":"Bandi","group":"Mende-Temne","ea":"Af54","lat":7.774502,"lon":-9.90888}},
{"type":"Feature","geometry":{"type":"Polygon","coordinates":[[[10.321,4.658],[10.482,4.449],[10.638,4.4],[10.811,4.408],[10.97,4.512],[11.104,4.74],[11.091,5.127],[10.906,5.075],[10.86,4.892],[10.601,4.846],[10.321,4.658]]]},"properties":{"id":"nen","name":"Nen","family":"Niger-Congo","glottocode":"tune1261","language":"Tunen","group":"Middle Cameroon","ea":"Ae51","lat":4.703228,"lon":10.776}},
{"type":"Feature","geometry":{"type":"Polygon","coordinates":[[[11.67,9.544],[11.419,9.567],[10.99,9.544],[10.907,9.341],[11.073,9.218],[11.491,9.245],[11.699,9.334],[11.67,9.544]]]},"properties":{"id":"wurkum","name":"Wurkum","family":"Niger-Congo","glottocode":"nucl1240","language":"Mumuye","group":"Chamba-Yungur","ea":"Ah31","lat":9.392283,"lon":11.2967}},
{"type":"Feature","geometry":{"type":"Polygon","coordinates":[[[7.898,8.416],[7.58,8.554],[7.444,8.658],[7.371,8.855],[7.364,9.17],[7.327,9.267],[7.106,9.396],[7.142,9.612],[7.223,9.796],[7.42,9.943],[7.666,10.251],[7.954,10.392],[7.905,10.626],[7.786,10.871],[7.616,10.96],[7.305,11.012],[6.811,11.051],[6.768,10.915],[6.731,10.574],[6.746,10.115],[6.716,10.004],[6.568,9.863],[6.338,9.833],[6.044,9.887],[5.832,9.674],[5.841,9.522],[6.004,9.425],[6.449,9.314],[6.723,9.173],[6.894,8.951],[6.897,8.587],[7.248,8.363],[7.223,8.161],[7.502,8.015],[7.842,8.104],[7.898,8.416]]]},"properties":{"id":"gbari","name":"Gbari","family":"Niger-Congo","glottocode":"gbar1246","language":"Gbari","group":"Nupe-Idoma","ea":"Af28","lat":9.720767,"lon":7.071349}},
{"type":"Feature","geometry":{"type":"Polygon","coordinates":[[[37.193,7.804],[37.141,8.06],[37.127,8.463],[36.895,8.606],[36.387,8.66],[36.205,8.468],[36.15,8.298],[36.077,7.865],[36.205,7.751],[36.779,7.464],[37.1,7.23],[37.549,7.26],[37.549,7.378],[37.324,7.436],[37.194,7.613],[37.193,7.804]]]},"properties":{"id":"gibe","name":"Gibe","family":"Afro-Asiatic","glottocode":"west2721","language":"West Central Oromo","group":"Galla","ea":"Ca12","lat":7.982325,"lon":36.7335}},
{"type":"Feature","geometry":{"type":"Polygon","coordinates":[[[32.81,13.821],[32.219,13.828],[32.055,13.483],[31.803,13.272],[31.775,12.991],[31.795,12.786],[31.895,12.448],[31.993,12.274],[32.192,12.117],[32.396,12.138],[32.485,12.199],[32.642,12.493],[32.772,12.479],[32.909,12.114],[33.008,12.141],[33.069,12.295],[33.103,12.664],[33.103,13.006],[33.055,13.306],[32.81,13.821]]]},"properties":{"id":"gimma","name":"Gimma","family":"Afro-Asiatic","glottocode":"nort3133","language":"North Kordofan Arabic","group":"Arabs, Bedoin","ea":"Cc6","lat":12.9669,"lon":32.4653}},
{"type":"Feature","geometry":{"type":"Polygon","coordinates":[[[14.336,11.109],[14.19,10.89],[14.125,10.664],[14.144,10.502],[14.224,10.398],[14.408,10.297],[14.792,10.331],[14.884,10.771],[14.702,10.955],[14.676,11.108],[14.336,11.109]]]},"properties":{"id":"gisiga","name":"Gisiga","family":"Afro-Asiatic","glottocode":"sout3051","language":"South Giziga","group":"Logone","ea":"Ai17","lat":10.6862,"lon":14.4986}},
{"type":"Feature","geometry":{"type":"Polygon","coordinates":[[[5.925,15.019],[6.053,15.481],[6.181,16.332],[6.072,17.111],[6.023,17.732],[6.072,18.444],[6.171,19.007],[6.21,19.381],[6.275,19.666],[6.215,19.638],[5.429,19.683],[5.047,19.728],[4.666,19.728],[4.441,19.762],[4.171,19.68],[3.115,19.434],[2.76,19.365],[1.754,18.96],[1.122,18.673],[0.995,18.566],[0.413,18.23],[-0.248,18.013],[-0.672,17.856],[-0.764,17.853],[-0.763,17.17],[-0.467,17.101],[-0.132,16.795],[0.115,16.371],[0.707,15.631],[0.963,15.257],[1.318,14.98],[1.733,14.823],[1.904,14.809],[2.107,14.793],[2.512,14.714],[3.273,14.627],[3.735,14.485],[4.188,14.229],[4.329,14.105],[4.741,14.752],[5.066,15.117],[5.224,15.215],[5.382,15.205],[5.737,15.038],[5.925,15.019]]]},"properties":{"id":"aulliminden","name":"Aulliminden","family":"Afro-Asiatic","glottocode":"hogg1238","language":"Hoggar","group":"Tuareg","ea":"Cc9","lat":17.1084,"lon":3.253372}},
{"type":"Feature","geometry":{"type":"Polygon","coordinates":[[[34.493,1.67],[34.212,1.644],[34.041,1.467],[34.011,1.206],[34.115,0.917],[34.513,0.991],[34.42,1.332],[34.567,1.526],[34.493,1.67]]]},"properties":{"id":"gisu","name":"Gisu","family":"Niger-Congo","glottocode":"masa1299","language":"Masaaba","group":"East Nyanza","ea":"Ad9","lat":1.297898,"lon":34.2615}},
{"type":"Feature","geometry":{"type":"Polygon","coordinates":[[[22.908,-1.597],[23.175,-1.493],[23.226,-1.362],[23.204,-1.136],[23.119,-0.931],[23.158,-0.71],[23.363,-0.574],[23.55,-0.648],[23.799,-1.107],[24.1,-1.226],[24.476,-1.269],[24.653,-0.897],[24.526,-0.693],[24.452,-0.489],[24.577,-0.25],[24.934,-0.137],[25.025,-0.018],[25.165,0.299],[25.137,0.359],[24.82,0.586],[24.621,0.575],[24.559,0.496],[24.456,0.212],[24.342,0.17],[24.269,-0.077],[24.116,-0.253],[24.003,-0.316],[23.747,-0.236],[23.679,-0.066],[23.645,0.359],[23.696,0.989],[23.456,1.261],[22.987,1.216],[22.698,1.261],[22.518,1.338],[22.2,1.227],[21.751,0.836],[21.734,0.728],[21.831,0.643],[21.99,0.632],[22.347,0.479],[22.364,0.337],[22.296,0.24],[22.336,-0.007],[22.512,-0.29],[22.739,-0.909],[22.795,-1.306],[22.908,-1.597]]]},"properties":{"id":"ngandu","name":"Ngandu","family":"Niger-Congo","glottocode":"long1393","language":"Longo (Democratic Republic of Congo)","group":"Mongo","ea":"Ae24","lat":0.026797,"lon":23.3587}},
{"type":"Feature","geometry":{"type":"Polygon","coordinates":[[[36.783,-5.843],[36.694,-5.759],[36.514,-5.343],[36.061,-5.411],[35.994,-5.551],[35.736,-5.589],[35.213,-5.536],[35.011,-5.583],[34.503,-5.802],[34.565,-6.035],[34.595,-6.245],[34.758,-6.667],[34.758,-6.882],[34.953,-6.827],[35.091,-6.84],[35.457,-7.01],[35.886,-7.079],[36.279,-7.057],[36.266,-6.654],[36.342,-6.503],[36.546,-6.333],[36.731,-6.059],[36.783,-5.843]]]},"properties":{"id":"gogo","name":"Gogo","family":"Niger-Congo","glottocode":"gogo1263","language":"Gogo","group":"Rift","ea":"Ad24","lat":-6.19906,"lon":35.6511}},
{"type":"Feature","geometry":{"type":"Polygon","coordinates":[[[-10.439,7.524],[-10.646,7.629],[-10.795,7.479],[-11.144,7.387],[-11.311,7.236],[-11.075,7.111],[-10.696,6.857],[-10.557,6.82],[-10.354,6.624],[-10.133,6.664],[-10.116,6.776],[-9.943,7.132],[-10.197,7.393],[-10.373,7.443],[-10.439,7.524]]]},"properties":{"id":"gola","name":"Gola","family":"Niger-Congo","glottocode":"gola1255","language":"Gola","group":"Mende-Temne","ea":"Af55","lat":7.141137,"lon":-10.5386}},
{"type":"Feature","geometry":{"type":"Polygon","coordinates":[[[36.338,-4.272],[36.192,-3.944],[35.626,-4.065],[35.504,-4.423],[35.63,-4.561],[36.338,-4.272]]]},"properties":{"id":"goroa","name":"Goroa","family":"Afro-Asiatic","glottocode":"goro1270","language":"Gorowa","group":"Cushites, Southern","ea":"Ca9","lat":-4.23388,"lon":35.9071}},
{"type":"Feature","geometry":{"type":"Polygon","coordinates":[[[18.087,7.276],[18.099,7.448],[18.057,8.005],[18.069,8.177],[17.928,8.198],[17.37,8.098],[17.17,8.041],[16.816,7.853],[16.745,7.286],[17.102,7.176],[17.197,7.122],[17.416,7.226],[18.087,7.276]]]},"properties":{"id":"ngama","name":"Ngama","family":"Niger-Congo","glottocode":"west2458","language":"West Central Banda","group":"Banda-Baya","ea":"Ai1","lat":7.654117,"lon":17.4634}},
{"type":"Feature","geometry":{"type":"Polygon","coordinates":[[[13.38,9.956],[13.913,10.092],[13.99,9.995],[14.146,9.969],[14.235,10.025],[14.408,10.297],[14.224,10.398],[14.144,10.502],[13.685,10.347],[13.237,10.34],[13.121,10.137],[13.38,9.956]]]},"properties":{"id":"gude","name":"Gude","family":"Afro-Asiatic","glottocode":"gude1246","language":"Gude","group":"Mandara Highlands","ea":"Ah36","lat":10.2039,"lon":13.7817}},
{"type":"Feature","geometry":{"type":"Polygon","coordinates":[[[39.128,8.124],[38.624,8.388],[38.426,8.511],[38.211,8.718],[38.056,8.401],[37.986,8.339],[38.351,7.593],[38.474,7.129],[38.99,7.21],[39.143,7.729],[39.128,8.124]]]},"properties":{"id":"gurage","name":"Gurage","family":"Afro-Asiatic","glottocode":"seba1251","language":"Sebat Bet Gurage","group":"Sidamo","ea":"Ca8","lat":7.885637,"lon":38.6101}},
{"type":"Feature","geometry":{"type":"Polygon","coordinates":[[[1.23,13.194],[1.141,13.092],[0.963,13.13],[0.654,13.32],[0.508,13.32],[0.236,13.238],[-0.094,13.223],[-0.126,13.09],[0.115,12.717],[0.19,12.553],[0.26,12.1],[0.456,11.689],[0.519,11.366],[0.531,10.941],[0.861,10.757],[1.079,10.881],[1.351,10.938],[1.477,10.85],[1.956,10.744],[2.124,10.787],[2.251,10.965],[2.257,11.104],[2.162,11.382],[2.146,11.766],[2.196,12.105],[2.301,12.316],[2.448,12.49],[2.196,12.828],[1.851,13.2],[1.765,13.248],[1.467,13.156],[1.23,13.194]]]},"properties":{"id":"gurma","name":"Gurma","family":"Niger-Congo","glottocode":"gour1243","language":"Gourmanchéma","group":"Mole","ea":"Ag45","lat":12.0893,"lon":1.232243}},
{"type":"Feature","geometry":{"type":"Polygon","coordinates":[[[-5.44,8.162],[-5.606,8.376],[-5.717,8.36],[-6.032,8.211],[-6.121,7.986],[-6.198,7.903],[-6.489,7.825],[-6.887,7.754],[-6.987,7.759],[-7.041,7.579],[-6.952,7.522],[-6.893,7.237],[-6.412,7.279],[-6.305,7.19],[-6.198,6.721],[-6.145,6.608],[-6.005,6.552],[-5.889,6.638],[-5.694,6.685],[-5.533,6.62],[-5.348,6.334],[-5.107,6.37],[-5.147,6.655],[-5.266,6.863],[-5.581,7.041],[-5.705,7.214],[-5.794,7.54],[-5.658,7.926],[-5.44,8.162]]]},"properties":{"id":"guro","name":"Guro","family":"Niger-Congo","glottocode":"guro1248","language":"Guro","group":"Mande, Southern","ea":"Af52","lat":7.362573,"lon":-6.01669}},
{"type":"Feature","geometry":{"type":"Polygon","coordinates":[[[-2.706,32.066],[-2.594,31.881],[-2.432,31.737],[-2.001,31.558],[-1.571,31.488],[-1.459,31.983],[-1.156,32.526],[-1.27,33.016],[-1.333,33.159],[-1.585,33.492],[-1.701,33.824],[-1.748,34.08],[-2.078,34.077],[-2.294,34.032],[-2.609,34.059],[-2.71,33.942],[-3.052,33.763],[-3.182,33.734],[-3.411,33.188],[-3.621,32.826],[-3.556,32.772],[-3.134,32.674],[-2.892,32.584],[-2.667,32.395],[-2.706,32.066]]]},"properties":{"id":"gil","name":"Gil","family":"Afro-Asiatic","glottocode":"oran1236","language":"Oran","group":"Arabs, Bedoin","ea":"Cd14","lat":32.8822,"lon":-2.24095}},
{"type":"Feature","geometry":{"type":"Polygon","coordinates":[[[34.986,-0.415],[34.792,-0.423],[34.62,-0.528],[34.543,-0.671],[34.505,-0.968],[34.371,-1.207],[34.161,-1.245],[33.938,-1.187],[33.682,-1.467],[33.712,-1.649],[34.037,-1.659],[34.285,-1.63],[34.629,-1.496],[34.849,-1.343],[34.943,-1.337],[34.978,-0.928],[34.917,-0.707],[34.986,-0.415]]]},"properties":{"id":"gusii","name":"Gusii","family":"Niger-Congo","glottocode":"gusi1247","language":"Gusii","group":"East Nyanza","ea":"Ad12","lat":-1.16014,"lon":34.4787}},
{"type":"Feature","geometry":{"type":"Polygon","coordinates":[[[25.998,7.805],[26.039,8.011],[26.039,8.236],[25.991,8.441],[25.855,8.83],[25.855,9.005],[25.723,9.142],[25.327,9.299],[25.177,9.415],[25.129,9.518],[25.088,10.013],[24.3,9.846],[24.085,9.852],[23.93,9.25],[23.73,8.56],[24.004,8.236],[24.147,8.141],[24.55,8.004],[25.219,7.936],[25.595,7.833],[25.834,7.792],[25.998,7.805]]]},"properties":{"id":"kreish","name":"Kreish","family":"Niger-Congo","glottocode":"west2458","language":"West Central Banda","group":"Banda-Baya","ea":"Ai1","lat":8.802203,"lon":24.8702}},
{"type":"Feature","geometry":{"type":"Polygon","coordinates":[[[31.064,-5.174],[31.307,-4.866],[31.427,-4.582],[31.458,-4.289],[31.364,-4.147],[31.401,-3.686],[31.307,-3.385],[31.188,-3.315],[31.188,-3.076],[31.074,-2.864],[30.921,-3.019],[30.815,-3.526],[30.749,-3.688],[30.634,-3.831],[30.165,-4.128],[29.936,-4.338],[29.653,-4.405],[29.6,-4.895],[29.78,-5.009],[29.821,-5.153],[29.746,-5.462],[29.884,-5.661],[29.993,-5.527],[30.338,-5.365],[30.844,-5.25],[31.064,-5.174]]]},"properties":{"id":"ha","name":"Ha","family":"Niger-Congo","glottocode":"haaa1252","language":"Ha","group":"West Lacustrine Bantu","ea":"Ae14","lat":-4.45409,"lon":30.6285}},
{"type":"Feature","geometry":{"type":"Polygon","coordinates":[[[27.119,10.351],[27.173,10.878],[27.207,11.732],[27.187,11.938],[26.819,12.131],[26.394,12.252],[25.897,12.179],[25.624,12.172],[25.521,12.134],[24.979,11.92],[24.726,11.756],[24.59,11.769],[24.364,11.947],[24.311,12.05],[24.102,11.939],[23.924,11.741],[23.596,11.536],[23.228,11.413],[23.023,11.276],[22.865,11.245],[22.852,10.56],[23.474,10.406],[23.849,10.147],[24.085,9.852],[24.3,9.846],[25.088,10.013],[25.491,10.01],[25.88,10.092],[26.229,10.044],[26.668,10.146],[27.119,10.351]]]},"properties":{"id":"habbania","name":"Habbania","family":"Afro-Asiatic","glottocode":null,"language":"Sudanese Arabic","group":"Nilotes, Northern","ea":"Aj11","lat":11.0274,"lon":25.2344}},
{"type":"Feature","geometry":{"type":"Polygon","coordinates":[[[5.213,8.079],[5.021,8.019],[4.8,7.816],[4.628,7.588],[4.449,7.434],[4.425,7.048],[4.54,6.92],[4.91,7.187],[5.063,7.376],[5.072,7.704],[5.213,8.079]]]},"properties":{"id":"ife","name":"Ife","family":"Niger-Congo","glottocode":"ifee1241","language":"Ifè","group":"Yoruba","ea":"Af34","lat":7.458502,"lon":4.790035}},
{"type":"Feature","geometry":{"type":"Polygon","coordinates":[[[36.554,19.524],[36.532,19.482],[36.375,19.423],[36.266,19.396],[36.177,19.374],[35.958,19.18],[35.921,19.147],[35.813,18.981],[35.753,18.89],[35.556,18.634],[35.369,18.417],[35.258,18.297],[35.142,18.17],[35.025,18.097],[35.021,18.095],[35.027,18.088],[35.033,18.081],[35.033,17.667],[35.015,17.465],[35.004,17.332],[35.025,17.11],[35.043,16.927],[35.023,16.641],[34.994,16.561],[34.915,16.345],[34.905,16.352],[34.904,16.353],[34.915,16.275],[34.935,16.145],[34.944,15.8],[34.955,15.793],[35.662,15.339],[36.179,15.006],[36.187,15.001],[36.246,15.119],[36.394,15.258],[36.611,15.455],[37.046,15.762],[37.093,15.795],[37.114,15.81],[37.114,15.82],[37.114,16.54],[37.193,17.408],[37.272,17.95],[37.284,17.991],[37.371,18.295],[37.525,18.73],[37.433,18.858],[37.366,19.056],[37.29,19.475],[37.238,19.572],[37.257,19.834],[37.189,20.001],[37.045,19.965],[36.69,19.768],[36.611,19.64],[36.554,19.524]]]},"properties":{"id":"hadendowa","name":"Hadendowa","family":"Afro-Asiatic","glottocode":"bish1251","language":"Bisharin","group":"Beja","ea":"Ca5","lat":17.3962,"lon":36.2243}},
{"type":"Feature","geometry":{"type":"Polygon","coordinates":[[[30.006,-9.934],[29.893,-9.699],[29.71,-9.605],[29.435,-9.549],[29.244,-9.743],[29.263,-10.159],[29.218,-10.607],[29.13,-10.821],[28.991,-10.909],[28.689,-10.934],[28.563,-10.815],[28.582,-10.21],[28.276,-10.24],[28.163,-10.19],[27.922,-10.279],[27.923,-10.474],[28.018,-10.719],[28.056,-10.959],[28,-11.049],[28.07,-11.649],[28.173,-11.934],[28.302,-12.063],[28.492,-12.115],[29.044,-12.416],[29.268,-12.434],[29.6,-12.417],[29.771,-12.278],[29.882,-12.134],[29.855,-11.762],[29.805,-11.428],[29.83,-11.295],[29.956,-11.156],[29.92,-10.956],[29.906,-10.57],[30.006,-9.934]]]},"properties":{"id":"aushi","name":"Aushi","family":"Niger-Congo","glottocode":"lamb1271","language":"Lamba","group":"Bemba-Lamba","ea":"Ac5","lat":-11.1506,"lon":29.0745}},
{"type":"Feature","geometry":{"type":"Polygon","coordinates":[[[32.81,13.821],[32.816,14.034],[32.664,14.117],[32.496,14.295],[32.457,14.403],[32.506,14.532],[32.625,14.601],[32.792,14.778],[32.842,15.035],[32.792,15.133],[32.585,15.281],[32.103,15.289],[32.001,15.137],[31.827,15.021],[31.857,14.62],[31.905,14.422],[32.041,14.066],[32.219,13.828],[32.81,13.821]]]},"properties":{"id":"hasania","name":"Hasania","family":"Afro-Asiatic","glottocode":"nort3133","language":"North Kordofan Arabic","group":"Arabs, Bedoin","ea":"Cc6","lat":14.5969,"lon":32.3267}},
{"type":"Feature","geometry":{"type":"Polygon","coordinates":[[[39.355,-5.918],[39.192,-5.909],[39.18,-6.168],[39.256,-6.307],[39.516,-6.469],[39.575,-6.387],[39.528,-6.185],[39.418,-6.182],[39.355,-5.918]]]},"properties":{"id":"hadimu","name":"Hadimu","family":"Niger-Congo","glottocode":"pemb1239","language":"Pemba","group":"Swahili","ea":"Ad29","lat":-6.13522,"lon":39.3542}},
{"type":"Feature","geometry":{"type":"Polygon","coordinates":[[[10.96,11.275],[10.752,11.565],[10.561,11.679],[10.417,11.94],[10.344,12.19],[10.422,12.56],[10.021,12.649],[9.944,12.468],[9.876,12.157],[9.89,11.811],[10.009,11.579],[10.166,11.368],[10.31,11.198],[10.839,11.034],[10.96,11.275]]]},"properties":{"id":"auyokawa","name":"Auyokawa","family":"Afro-Asiatic","glottocode":"nucl1695","language":"Bole","group":"Bolewa-Tera","ea":"Cb7","lat":11.7893,"lon":10.3157}},
{"type":"Feature","geometry":{"type":"Polygon","coordinates":[[[10.071,33.95],[10.006,34.167],[10.117,34.317],[10.482,34.516],[10.448,34.712],[10.47,34.828],[10.497,34.969],[10.507,35.146],[10.408,35.29],[10.398,35.304],[10.122,35.521],[10.004,35.728],[9.895,36.034],[9.84,36.276],[9.807,36.261],[9.669,36.201],[9.627,36.117],[9.619,36.103],[9.613,36.099],[9.442,35.994],[8.949,35.817],[8.712,35.807],[8.298,35.906],[8.26,35.918],[8.15,35.955],[8.153,35.96],[8.051,35.923],[7.982,35.874],[7.854,35.598],[7.903,35.43],[8.061,35.282],[8.021,35.016],[7.479,34.848],[7.361,34.71],[7.285,34.381],[7.307,34.351],[8.438,34.398],[8.505,34.619],[8.593,34.688],[8.968,34.679],[9.205,34.6],[9.274,34.383],[9.205,34.254],[9.06,34.175],[9.313,34.012],[9.629,34.008],[10.071,33.95]]]},"properties":{"id":"hamama","name":"Hamama","family":"Afro-Asiatic","glottocode":"sout3114","language":"South-Western Tunisian","group":"Arabs, Bedoin","ea":"Cd13","lat":35.0517,"lon":9.108967}},
{"type":"Feature","geometry":{"type":"Polygon","coordinates":[[[-1.504,34.381],[-1.513,34.265],[-1.748,34.08],[-1.701,33.824],[-1.585,33.492],[-1.333,33.159],[-1.27,33.016],[-1.156,32.526],[-0.911,32.558],[-0.794,32.621],[-0.597,32.836],[-0.175,32.935],[-0.049,32.889],[0.24,32.996],[0.545,33.149],[0.805,33.409],[1.371,33.669],[2.107,33.903],[2.547,34.055],[2.737,34.218],[2.885,34.228],[3.102,34.159],[3.22,34.238],[3.437,34.27],[3.526,34.414],[3.9,34.769],[4.157,34.927],[4.433,34.976],[4.887,35.016],[5.032,34.943],[5.321,35.077],[5.449,35.087],[5.559,35.206],[5.577,35.235],[5.107,35.656],[4.601,35.639],[3.437,35.748],[2.845,35.787],[1.731,35.718],[0.892,35.521],[0.547,35.383],[0.251,35.215],[-0.074,34.83],[-0.351,34.604],[-0.568,34.485],[-1.504,34.381]]]},"properties":{"id":"hamyan","name":"Hamyan","family":"Afro-Asiatic","glottocode":"oran1236","language":"Oran","group":"Arabs, Bedoin","ea":"Cd14","lat":34.4824,"lon":1.410108}},
{"type":"Feature","geometry":{"type":"Polygon","coordinates":[[[24.194,23.091],[24.107,23.191],[23.959,24.177],[23.834,24.69],[23.627,25.144],[23.351,25.518],[23.075,25.696],[22.779,25.824],[22.463,25.903],[22.148,25.893],[21.331,25.755],[21.015,25.657],[20.739,25.479],[20.572,25.301],[20.217,24.746],[20.789,24.117],[21.055,23.781],[21.223,23.466],[21.38,23.042],[21.584,22.635],[21.587,22.627],[24.194,23.091]]]},"properties":{"id":"kufra","name":"Kufra","family":"Afro-Asiatic","glottocode":null,"language":"Libyan Arabic","group":"Teda","ea":"Cc2","lat":24.3229,"lon":22.2916}},
{"type":"Feature","geometry":{"type":"Polygon","coordinates":[[[31.213,-1.057],[30.931,-1.146],[30.678,-1.178],[30.705,-1.398],[30.806,-1.688],[30.915,-2.147],[31.121,-2.261],[31.399,-2.271],[31.532,-2.337],[31.688,-2.32],[31.649,-2.295],[31.708,-2.013],[31.683,-1.892],[31.741,-1.507],[31.845,-1.317],[31.859,-1.057],[31.736,-0.894],[31.513,-1.073],[31.408,-1.111],[31.213,-1.057]]]},"properties":{"id":"haya","name":"Haya","family":"Niger-Congo","glottocode":"haya1250","language":"Haya","group":"East Lacustrine Bantu","ea":"Ad42","lat":-1.61574,"lon":31.2963}},
{"type":"Feature","geometry":{"type":"Polygon","coordinates":[[[35.679,-8.582],[35.781,-8.298],[35.983,-8.116],[36.085,-7.977],[36.481,-7.875],[36.771,-7.666],[36.485,-7.378],[36.279,-7.057],[35.886,-7.079],[35.457,-7.01],[35.091,-6.84],[34.953,-6.827],[34.758,-6.882],[34.663,-6.947],[34.341,-7.382],[34.448,-7.716],[34.536,-7.798],[34.694,-8.051],[34.738,-8.385],[34.732,-8.62],[35.088,-8.682],[35.378,-8.613],[35.679,-8.582]]]},"properties":{"id":"hehe","name":"Hehe","family":"Niger-Congo","glottocode":"hehe1240","language":"Hehe","group":"Rufiji","ea":"Ad8","lat":-7.69466,"lon":35.4018}},
{"type":"Feature","geometry":{"type":"Polygon","coordinates":[[[29.133,-1.758],[29.223,-1.674],[29.382,-1.227],[29.229,-1.062],[29.11,-0.835],[29.07,-0.653],[28.962,-0.511],[28.775,-0.381],[28.65,-0.364],[28.516,-0.252],[28.217,-0.307],[28.103,-0.414],[27.944,-0.72],[27.905,-0.89],[27.91,-1.225],[27.95,-1.274],[28.134,-1.272],[28.355,-1.413],[28.407,-1.703],[28.571,-1.686],[29.133,-1.758]]]},"properties":{"id":"hunde","name":"Hunde","family":"Niger-Congo","glottocode":"hund1239","language":"Hunde","group":"West Lacustrine Bantu","ea":"Ae15","lat":-1.02756,"lon":28.6205}},
{"type":"Feature","geometry":{"type":"Polygon","coordinates":[[[18.665,11.621],[18.692,11.412],[18.78,11.148],[19.054,11.179],[19.321,11.029],[19.416,10.769],[19.389,10.568],[19.728,10.505],[19.977,10.754],[20.475,11.041],[20.625,11.226],[20.905,11.636],[20.97,11.689],[20.994,12.101],[21.11,12.45],[21.213,12.573],[21.705,12.75],[21.907,12.765],[21.917,13.111],[21.506,13.184],[21.261,13.163],[20.933,13.006],[20.379,12.836],[20.254,12.816],[20.161,12.396],[19.983,12.219],[19.683,12.096],[19.239,12.062],[19.136,12.094],[18.665,11.621]]]},"properties":{"id":"hemat","name":"Hemat","family":"Afro-Asiatic","glottocode":null,"language":"Sudanese Arabic","group":"Darfur","ea":"Cb17","lat":11.8581,"lon":20.178}},
{"type":"Feature","geometry":{"type":"Polygon","coordinates":[[[17.038,-18.854],[16.707,-18.904],[16.533,-18.894],[16.281,-18.937],[15.877,-18.948],[15.57,-18.883],[15.275,-18.915],[15.035,-18.894],[14.499,-18.751],[14.28,-18.566],[14.182,-18.412],[14.094,-18.117],[14.105,-17.899],[14.291,-17.319],[14.477,-17.199],[14.746,-16.973],[14.576,-16.685],[14.193,-16.39],[13.941,-16.335],[13.362,-16.171],[13.154,-16.204],[12.826,-16.204],[12.687,-16.172],[12.651,-16.379],[12.553,-16.63],[12.497,-16.758],[12.476,-16.805],[12.413,-16.837],[12.301,-16.893],[12.148,-16.98],[11.919,-17.035],[11.786,-17.074],[11.761,-17.081],[11.717,-17.484],[11.735,-17.81],[11.805,-18.082],[11.953,-18.266],[12.021,-18.471],[12.286,-18.696],[12.463,-18.933],[12.67,-19.295],[12.707,-19.418],[13.024,-19.975],[13.175,-20.181],[13.249,-20.461],[13.353,-20.647],[13.378,-20.804],[13.854,-21.491],[14.023,-21.833],[14.278,-22.11],[14.509,-22.548],[14.526,-22.911],[14.411,-22.967],[14.482,-23.234],[14.434,-23.411],[14.497,-23.6],[14.708,-23.54],[15.34,-22.813],[15.406,-22.688],[14.945,-22.086],[14.871,-21.78],[14.805,-21.347],[14.705,-21.088],[14.539,-20.968],[14.479,-20.702],[14.552,-20.555],[14.878,-20.336],[15.031,-20.309],[15.437,-20.336],[15.577,-20.489],[15.57,-20.629],[15.437,-20.822],[15.404,-20.955],[15.424,-21.354],[15.51,-21.56],[15.763,-21.933],[16.362,-22.385],[16.676,-22.849],[16.904,-22.889],[17.484,-22.914],[17.863,-22.897],[18.552,-22.956],[18.845,-22.827],[18.888,-22.799],[18.896,-22.683],[18.475,-21.27],[18.349,-20.891],[18.206,-20.21],[18.105,-19.916],[17.987,-19.672],[17.533,-19.302],[17.256,-18.987],[17.038,-18.854]]]},"properties":{"id":"herero","name":"Herero","family":"Niger-Congo","glottocode":"here1253","language":"Herero","group":"Southwestern Bantu","ea":"Ab1","lat":-19.9493,"lon":15.2223}},
{"type":"Feature","geometry":{"type":"Polygon","coordinates":[[[0.695,6.69],[0.718,6.772],[0.539,6.787],[0.616,6.653],[0.695,6.69]]]},"properties":{"id":"avatime","name":"Avatime","family":"Niger-Congo","glottocode":"aguu1242","language":"Agu (Ewe)","group":"Ewe-Fon","ea":"Af36","lat":6.732237,"lon":0.621621}},
{"type":"Feature","geometry":{"type":"Polygon","coordinates":[[[36.597,10.508],[36.882,10.384],[37.115,10.315],[37.19,10.81],[37.204,11.213],[37.163,11.37],[36.985,11.452],[36.773,11.295],[36.664,10.967],[36.597,10.508]]]},"properties":{"id":"awiya","name":"Awiya","family":"Afro-Asiatic","glottocode":"amha1245","language":"Amharic","group":"Ethiopia, Central","ea":"Ca7","lat":10.8776,"lon":36.9322}},
{"type":"Feature","geometry":{"type":"Polygon","coordinates":[[[8.565,5.019],[8.348,5.121],[8.221,5.178],[8.173,5.2],[8.126,5.224],[8.049,5.264],[7.766,5.213],[7.623,4.904],[7.47,4.779],[7.382,4.747],[7.382,4.572],[7.664,4.515],[8.277,4.542],[8.357,4.625],[8.343,4.806],[8.576,4.699],[8.52,4.51],[8.702,4.494],[8.701,4.636],[8.713,4.664],[8.764,4.784],[8.787,4.876],[8.727,4.978],[8.723,4.979],[8.678,4.99],[8.565,5.019]]]},"properties":{"id":"ibibio","name":"Ibibio","family":"Niger-Congo","glottocode":"ibib1240","language":"Ibibio","group":"Mende-Temne","ea":"Af20","lat":4.835755,"lon":8.062004}},
{"type":"Feature","geometry":{"type":"Polygon","coordinates":[[[8.445,6.318],[8.287,6.45],[8.102,6.493],[7.999,6.691],[7.906,6.838],[7.729,6.96],[7.315,6.807],[7.057,6.647],[6.816,6.586],[6.54,6.444],[6.368,6.192],[6.362,5.964],[6.306,5.818],[6.366,5.8],[6.578,5.579],[6.592,5.481],[6.501,5.33],[6.648,5.246],[6.648,5.177],[6.641,5.119],[6.634,5.066],[6.634,4.996],[6.681,4.953],[6.689,4.945],[6.782,4.89],[6.887,4.856],[7.013,4.816],[7.221,4.784],[7.311,4.766],[7.382,4.751],[7.382,4.747],[7.47,4.779],[7.623,4.904],[7.766,5.213],[8.049,5.264],[8.094,5.38],[8.15,5.436],[8.035,5.675],[8.071,5.986],[8.121,6.069],[8.324,6.13],[8.445,6.318]]]},"properties":{"id":"ibo","name":"Ibo","family":"Niger-Congo","glottocode":"nucl1417","language":"Igbo","group":"Ibo-Edo","ea":"Af10","lat":5.868965,"lon":7.320603}},
{"type":"Feature","geometry":{"type":"Polygon","coordinates":[[[7.842,8.104],[7.502,8.015],[7.559,7.826],[7.684,7.84],[7.764,7.717],[7.789,7.317],[7.729,6.96],[7.906,6.838],[7.999,6.691],[8.165,6.759],[8.182,6.875],[8.342,7.187],[8.279,7.75],[8.104,8.016],[8.053,7.969],[7.842,8.104]]]},"properties":{"id":"idoma","name":"Idoma","family":"Niger-Congo","glottocode":"idom1241","language":"Idoma","group":"Nupe-Idoma","ea":"Af29","lat":7.446294,"lon":7.993856}},
{"type":"Feature","geometry":{"type":"Polygon","coordinates":[[[29.564,3.991],[29.582,4.278],[29.622,4.387],[29.571,4.543],[29.479,4.632],[29.1,4.443],[29.051,4.308],[29.206,4.105],[29.564,3.991]]]},"properties":{"id":"babukur","name":"Babukur","family":"Niger-Congo","glottocode":"zand1248","language":"Zande","group":"Azande","ea":"Ai3","lat":4.311042,"lon":29.3658}},
{"type":"Feature","geometry":{"type":"Polygon","coordinates":[[[1.094,21.919],[1.143,21.14],[1.202,20.647],[1.182,19.562],[1.093,19.305],[1.084,18.97],[1.122,18.673],[1.754,18.96],[2.76,19.365],[3.115,19.434],[4.171,19.68],[4.441,19.762],[4.296,20.413],[4.071,21.041],[3.712,21.479],[3.308,21.827],[2.96,21.939],[2.017,21.984],[1.591,21.928],[1.094,21.919]]]},"properties":{"id":"ifora","name":"Ifora","family":"Afro-Asiatic","glottocode":"tadh1242","language":"Tadhaq","group":"Tuareg","ea":"Cc12","lat":20.5126,"lon":2.522645}},
{"type":"Feature","geometry":{"type":"Polygon","coordinates":[[[7.273,7.674],[6.891,7.311],[6.811,7.294],[6.817,7.053],[6.768,6.815],[6.816,6.586],[7.057,6.647],[7.315,6.807],[7.729,6.96],[7.789,7.317],[7.764,7.717],[7.684,7.84],[7.559,7.826],[7.475,7.742],[7.273,7.674]]]},"properties":{"id":"igala","name":"Igala","family":"Niger-Congo","glottocode":"igal1242","language":"Igala","group":"Nupe-Idoma","ea":"Af30","lat":7.206547,"lon":7.303982}},
{"type":"Feature","geometry":{"type":"Polygon","coordinates":[[[7.223,8.161],[7.248,8.363],[6.897,8.587],[6.722,8.381],[6.608,8.019],[6.51,7.883],[6.219,7.622],[6.258,7.396],[6.764,7.346],[6.874,7.863],[6.971,8.117],[7.223,8.161]]]},"properties":{"id":"igbira","name":"Igbira","family":"Niger-Congo","glottocode":"ebir1243","language":"Ebira","group":"Nupe-Idoma","ea":"Af13","lat":7.919197,"lon":6.726479}},
{"type":"Feature","geometry":{"type":"Polygon","coordinates":[[[29.003,26.294],[28.94,26.542],[28.88,27.154],[28.91,27.45],[29.078,27.824],[29.147,28.14],[29.038,28.377],[28.782,28.426],[28.634,28.318],[28.496,28.111],[28.377,27.775],[28.259,27.617],[27.628,27.548],[27.267,27.48],[27.194,27.22],[27.223,26.845],[27.273,26.697],[27.45,26.421],[27.756,26.107],[29.003,26.294]]]},"properties":{"id":"bahariya","name":"Bahariya","family":"Afro-Asiatic","glottocode":"said1239","language":"Saidi Arabic","group":"Arabs, Bedoin","ea":"Cd18","lat":27.0986,"lon":28.2299}},
{"type":"Feature","geometry":{"type":"Polygon","coordinates":[[[7.382,4.572],[7.382,4.747],[7.382,4.751],[7.311,4.766],[7.221,4.784],[7.013,4.816],[6.887,4.856],[6.782,4.89],[6.689,4.945],[6.681,4.953],[6.634,4.996],[6.634,5.066],[6.641,5.119],[6.648,5.177],[6.648,5.246],[6.5,5.329],[5.825,5.347],[5.386,5.104],[5.497,4.806],[5.594,4.641],[5.869,4.381],[6.093,4.276],[6.461,4.322],[6.794,4.337],[7.168,4.473],[7.17,4.604],[7.264,4.571],[7.293,4.601],[7.345,4.577],[7.364,4.576],[7.374,4.572],[7.382,4.572]]]},"properties":{"id":"ijaw","name":"Ijaw","family":"Niger-Congo","glottocode":"kala1381","language":"Kalabari","group":"Mende-Temne","ea":"Af21","lat":4.806955,"lon":6.278837}},
{"type":"Feature","geometry":{"type":"Polygon","coordinates":[[[15.902,10.841],[15.734,10.729],[16.016,10.053],[16.101,9.909],[16.417,9.978],[16.564,10.402],[16.4,10.454],[15.902,10.841]]]},"properties":{"id":"kun","name":"Kun","family":"Nilo-Saharan","glottocode":"bagi1246","language":"Bagirmi","group":"Bagirmi-Sara","ea":"Ai21","lat":10.3498,"lon":16.1473}},
{"type":"Feature","geometry":{"type":"Polygon","coordinates":[[[27.388,-14.88],[27.329,-15.238],[27.136,-15.23],[26.993,-15.104],[26.741,-15.196],[26.214,-15.008],[26.192,-15.087],[25.881,-15.289],[25.847,-15.381],[25.738,-16.062],[25.721,-16.311],[25.841,-16.365],[26.236,-16.407],[26.69,-16.357],[27.052,-16.357],[27.262,-16.306],[27.506,-16.121],[27.59,-15.987],[27.708,-15.675],[27.952,-15.448],[28.117,-15.389],[28.044,-15.137],[27.842,-14.986],[27.691,-14.994],[27.388,-14.88]]]},"properties":{"id":"ila","name":"Ila","family":"Niger-Congo","glottocode":"ilaa1246","language":"Ila","group":"Ila-Tonga","ea":"Ac1","lat":-15.6927,"lon":26.8013}},
{"type":"Feature","geometry":{"type":"Polygon","coordinates":[[[34.433,11.466],[34.093,11.659],[33.936,11.686],[33.54,11.666],[33.376,11.634],[33.253,11.283],[33.245,11.147],[33.54,11.153],[33.717,11.235],[33.861,11.215],[34.093,10.962],[34.346,10.898],[34.433,11.466]]]},"properties":{"id":"ingassana","name":"Ingassana","family":"Nilo-Saharan","glottocode":"gaam1241","language":"Gaam","group":"Fung","ea":"Ai4","lat":11.3533,"lon":33.8822}},
{"type":"Feature","geometry":{"type":"Polygon","coordinates":[[[35.626,-4.065],[35.648,-3.907],[35.78,-3.51],[35.864,-3.354],[35.957,-3.024],[35.805,-2.999],[35.534,-3.239],[35.217,-3.411],[35.162,-3.422],[34.987,-3.893],[35.023,-4.185],[34.964,-4.293],[35.1,-4.583],[35.504,-4.423],[35.626,-4.065]]]},"properties":{"id":"iraqw","name":"Iraqw","family":"Afro-Asiatic","glottocode":"iraq1241","language":"Iraqw","group":"Cushites, Southern","ea":"Ca4","lat":-3.81329,"lon":35.4081}},
{"type":"Feature","geometry":{"type":"Polygon","coordinates":[[[6.069,11.047],[6.019,11.488],[5.745,11.748],[5.493,11.807],[5.204,11.763],[4.915,11.666],[4.653,11.388],[5.018,11.14],[5.041,11.098],[5.293,11.17],[5.426,11.103],[5.574,10.955],[5.671,10.925],[5.972,10.961],[6.069,11.047]]]},"properties":{"id":"bakakari","name":"Bakakari","family":"Afro-Asiatic","glottocode":"arew1238","language":"Arewa","group":"Hausa","ea":"Cb25","lat":11.3822,"lon":5.453388}},
{"type":"Feature","geometry":{"type":"Polygon","coordinates":[[[5.724,5.939],[5.733,5.754],[5.821,5.468],[5.825,5.347],[6.501,5.33],[6.592,5.481],[6.578,5.579],[6.366,5.8],[6.306,5.818],[5.844,5.934],[5.724,5.939]]]},"properties":{"id":"isoko","name":"Isoko","family":"Niger-Congo","glottocode":"isok1239","language":"Isoko","group":"Ibo-Edo","ea":"Af25","lat":5.604462,"lon":6.130423}},
{"type":"Feature","geometry":{"type":"Polygon","coordinates":[[[32.573,-10.476],[32.9,-10.426],[32.966,-10.162],[32.872,-10.11],[32.828,-9.889],[32.866,-9.555],[32.886,-9.139],[32.722,-8.959],[32.577,-8.682],[32.386,-8.472],[32.191,-8.709],[32.071,-9.125],[32.126,-9.483],[32.134,-9.592],[32.437,-10.046],[32.573,-10.476]]]},"properties":{"id":"iwa","name":"Iwa","family":"Niger-Congo","glottocode":"nyam1275","language":"Nyamwanga","group":"Rukwa","ea":"Ad15","lat":-9.46866,"lon":32.5189}},
{"type":"Feature","geometry":{"type":"Polygon","coordinates":[[[37.549,7.378],[37.781,8.009],[37.801,8.164],[37.68,8.197],[37.475,8.176],[37.311,7.999],[37.193,7.804],[37.194,7.613],[37.324,7.436],[37.549,7.378]]]},"properties":{"id":"janjero","name":"Janjero","family":"Afro-Asiatic","glottocode":"west2721","language":"West Central Oromo","group":"Galla","ea":"Ca13","lat":7.809734,"lon":37.4879}},
{"type":"Feature","geometry":{"type":"Polygon","coordinates":[[[15.401,2.297],[15.621,2.274],[15.712,2.39],[15.737,2.578],[15.712,2.808],[15.652,2.887],[15.494,2.899],[15.362,2.79],[15.401,2.297]]]},"properties":{"id":"bangandu","name":"Bangandu","family":"Niger-Congo","glottocode":"njye1238","language":"Njyem","group":"Fang-Dzem","ea":"Ae40","lat":2.587505,"lon":15.5518}},
{"type":"Feature","geometry":{"type":"Polygon","coordinates":[[[9.106,8.646],[8.606,8.642],[8.56,8.429],[8.656,8.375],[8.92,8.332],[9.111,8.338],[9.106,8.646]]]},"properties":{"id":"gili","name":"Gili","family":"Afro-Asiatic","glottocode":"ngas1240","language":"Ngas","group":"Jos Plateau","ea":"Ah16","lat":8.496195,"lon":8.856082}},
{"type":"Feature","geometry":{"type":"Polygon","coordinates":[[[5.29,5.902],[5.092,5.775],[5.194,5.502],[5.357,5.36],[5.373,5.155],[5.476,5.157],[5.825,5.347],[5.821,5.468],[5.733,5.754],[5.724,5.939],[5.714,5.939],[5.4,5.934],[5.29,5.902]]]},"properties":{"id":"itsekiri","name":"Itsekiri","family":"Niger-Congo","glottocode":"isek1239","language":"Isekiri","group":"Mende-Temne","ea":"Af22","lat":5.591024,"lon":5.491615}},
{"type":"Feature","geometry":{"type":"Polygon","coordinates":[[[20.546,4.28],[20.706,4.546],[20.3,4.764],[20.158,4.872],[19.846,5.002],[19.546,5.025],[19.37,4.985],[19.103,4.668],[19.078,4.586],[19.273,4.431],[19.509,4.371],[19.97,4.425],[20.334,4.401],[20.546,4.28]]]},"properties":{"id":"gobu","name":"Gobu","family":"Niger-Congo","glottocode":"ngba1284","language":"Ngbaka Ma'bo","group":"Banda-Baya","ea":"Ai23","lat":4.652792,"lon":19.8335}},
{"type":"Feature","geometry":{"type":"Polygon","coordinates":[[[-4.929,35.333],[-5.257,35.581],[-5.345,35.912],[-5.733,35.813],[-5.908,35.011],[-5.98,34.598],[-5.953,34.436],[-5.827,34.346],[-5.459,34.337],[-5.046,34.221],[-4.59,33.932],[-4.41,34.074],[-4.463,34.409],[-4.624,34.714],[-4.894,34.885],[-5.037,35.082],[-4.929,35.333]]]},"properties":{"id":"jebala","name":"Jebala","family":"Afro-Asiatic","glottocode":"jebl1238","language":"Jebli","group":"Arabs, Littoral North Africa","ea":"Cd15","lat":34.8506,"lon":-5.28036}},
{"type":"Feature","geometry":{"type":"Polygon","coordinates":[[[11.171,8.074],[10.87,8.019],[10.816,7.76],[11.172,7.572],[11.509,7.472],[11.701,7.495],[11.725,7.888],[11.362,7.969],[11.171,8.074]]]},"properties":{"id":"jibu","name":"Jibu","family":"Niger-Congo","glottocode":"jibu1239","language":"Jibu","group":"Tiv-Jukun","ea":"Ah23","lat":7.776583,"lon":11.2955}},
{"type":"Feature","geometry":{"type":"Polygon","coordinates":[[[28.042,3.795],[28.031,3.746],[28.155,3.405],[28.161,3.197],[28.439,2.974],[28.661,2.876],[28.984,2.957],[29.182,3.054],[29.388,3.29],[29.295,3.559],[28.933,3.269],[28.666,3.246],[28.496,3.354],[28.501,3.49],[28.683,3.627],[28.643,3.768],[28.405,3.802],[28.042,3.795]]]},"properties":{"id":"bangba","name":"Bangba","family":"Niger-Congo","glottocode":"zand1248","language":"Zande","group":"Azande","ea":"Ai3","lat":3.320358,"lon":28.6337}},
{"type":"Feature","geometry":{"type":"Polygon","coordinates":[[[33.628,2.868],[34.129,2.869],[34.325,3.039],[34.694,3.229],[34.602,3.575],[34.476,3.897],[34.312,4.067],[34.201,4.106],[33.942,3.913],[33.896,3.672],[33.789,3.566],[33.606,3.527],[33.649,3.329],[33.628,2.868]]]},"properties":{"id":"jie","name":"Jie","family":"Nilo-Saharan","glottocode":"jiee1239","language":"Jie","group":"Karamojong","ea":"Aj21","lat":3.412881,"lon":34.1371}},
{"type":"Feature","geometry":{"type":"Polygon","coordinates":[[[9.382,7.917],[9.449,7.76],[9.634,7.773],[9.849,7.686],[9.93,7.508],[10.304,7.523],[10.587,7.649],[10.816,7.76],[10.87,8.019],[10.839,8.3],[10.765,8.375],[10.827,8.517],[11.073,8.713],[11.298,8.672],[11.38,8.763],[11.466,9.046],[11.491,9.245],[11.073,9.218],[10.907,9.341],[10.99,9.544],[11.06,9.753],[11.306,9.919],[11.436,10.14],[11.43,10.214],[11.183,10.292],[11.067,10.214],[10.814,9.931],[10.685,9.427],[10.661,8.959],[10.396,8.578],[10.181,8.406],[10.101,8.406],[9.917,8.191],[9.775,8.098],[9.425,8.049],[9.382,7.917]]]},"properties":{"id":"jukun","name":"Jukun","family":"Niger-Congo","glottocode":"juku1254","language":"Jukun Takum","group":"Tiv-Jukun","ea":"Ah2","lat":8.596942,"lon":10.587}},
{"type":"Feature","geometry":{"type":"Polygon","coordinates":[[[28.598,2.628],[28.661,2.876],[28.439,2.974],[28.161,3.197],[27.96,3.033],[28.34,2.673],[28.598,2.628]]]},"properties":{"id":"ngbele","name":"Ngbele","family":"Niger-Congo","glottocode":"nucl1417","language":"Igbo","group":"Ibo-Edo","ea":"Af10","lat":2.884491,"lon":28.3388}},
{"type":"Feature","geometry":{"type":"Polygon","coordinates":[[[25.355,-23.614],[24.667,-23.919],[24.69,-24.011],[24.699,-24.902],[24.675,-25.052],[24.892,-25.02],[25.884,-24.465],[26.095,-24.489],[26.347,-24.271],[26.523,-23.81],[26.212,-23.758],[25.598,-23.716],[25.355,-23.614]]]},"properties":{"id":"kwena","name":"Kwena","family":"Niger-Congo","glottocode":null,"language":"Tswana","group":"Bushmen","ea":"Aa7","lat":-24.2316,"lon":25.4419}},
{"type":"Feature","geometry":{"type":"Polygon","coordinates":[[[13.476,-2.982],[12.825,-3.083],[12.564,-3.149],[12.102,-3.185],[11.798,-3.511],[11.795,-3.51],[11.796,-3.51],[11.864,-3.618],[11.93,-3.739],[11.987,-3.799],[12.027,-3.842],[12.112,-3.964],[12.16,-4.028],[12.161,-4.03],[12.16,-4.028],[12.252,-4.012],[12.379,-4.012],[12.561,-3.939],[13.016,-4],[13.282,-4.086],[13.462,-3.823],[13.612,-3.534],[13.476,-2.982]]]},"properties":{"id":"kunyi","name":"Kunyi","family":"Niger-Congo","glottocode":"teke1278","language":"Teke-Eboo-Nzikou","group":"Lower Congo","ea":"Ac19","lat":-3.53615,"lon":12.7739}},
{"type":"Feature","geometry":{"type":"Polygon","coordinates":[[[28.809,7.835],[28.501,8.25],[28.282,8.407],[28.125,8.407],[27.804,8.325],[27.469,8.359],[27.278,8.168],[27.179,8.143],[27.236,7.99],[27.557,7.921],[27.864,7.99],[27.966,7.914],[28.036,7.725],[28.287,7.798],[28.52,7.737],[28.697,7.73],[28.809,7.835]]]},"properties":{"id":"jur","name":"Jur","family":"Nilo-Saharan","glottocode":"luwo1239","language":"Luwo","group":"Nilotes, Northern","ea":"Ai36","lat":8.078829,"lon":28.0426}},
{"type":"Feature","geometry":{"type":"Polygon","coordinates":[[[27.755,18.917],[27.661,18.284],[27.454,17.396],[27.139,16.863],[26.971,16.755],[26.872,16.752],[26.862,15.964],[27,15.857],[27.139,15.611],[27.217,15.344],[27.09,15.057],[27.702,14.358],[28.815,14.636],[28.805,14.782],[28.904,14.94],[29.348,14.841],[29.545,14.841],[29.95,14.999],[30.068,15.108],[30.226,15.344],[30.374,15.364],[30.63,15.315],[31.015,15.315],[31.242,15.354],[31.389,15.193],[31.827,15.021],[32.001,15.137],[32.103,15.289],[32.376,16.656],[32.385,16.826],[32.07,17.445],[31.824,17.771],[31.646,17.869],[31.038,17.927],[30.626,17.985],[30.311,18.162],[30.182,18.369],[30.095,18.854],[29.622,18.912],[29.415,18.991],[29.178,19.03],[28.813,19.04],[28.527,19.02],[27.827,18.863],[27.755,18.917]]]},"properties":{"id":"kababish","name":"Kababish","family":"Afro-Asiatic","glottocode":"nort3133","language":"North Kordofan Arabic","group":"Arabs, Bedoin","ea":"Cc6","lat":16.6841,"lon":29.4469}},
{"type":"Feature","geometry":{"type":"Polygon","coordinates":[[[0.789,10.109],[0.889,10.034],[1.041,9.641],[1.005,9.492],[1.144,9.394],[1.622,9.413],[1.667,9.492],[1.613,9.843],[1.48,9.943],[1.313,9.926],[1.211,10.059],[1.25,10.192],[1.192,10.261],[0.952,10.356],[0.807,10.353],[0.789,10.109]]]},"properties":{"id":"kabre","name":"Kabre","family":"Niger-Congo","glottocode":"kabi1261","language":"Kabiyé","group":"Borgu-Mango","ea":"Ag49","lat":9.819062,"lon":1.225422}},
{"type":"Feature","geometry":{"type":"Polygon","coordinates":[[[5.188,36.663],[5.102,36.775],[4.786,36.895],[4.422,36.909],[3.754,36.891],[3.498,36.773],[3.654,36.378],[3.831,36.191],[4.098,36.102],[4.354,36.082],[4.68,36.299],[5.045,36.417],[5.173,36.496],[5.188,36.663]]]},"properties":{"id":"kabyle","name":"Kabyle","family":"Afro-Asiatic","glottocode":"kaby1243","language":"Kabyle","group":"Berbers, Algerian","ea":"Cd4","lat":36.5495,"lon":4.307064}},
{"type":"Feature","geometry":{"type":"Polygon","coordinates":[[[34.788,6.896],[34.862,6.67],[34.982,6.641],[35.242,6.723],[35.7,6.805],[35.87,6.791],[36.201,6.69],[36.288,6.9],[36.004,7.115],[35.868,7.17],[35.219,7.259],[35.181,7.285],[34.966,7.273],[34.928,7.112],[34.788,6.896]]]},"properties":{"id":"gimira","name":"Gimira","family":"Nilo-Saharan","glottocode":"anua1242","language":"Anuak","group":"Fung","ea":"Ai44","lat":6.962975,"lon":35.4573}},
{"type":"Feature","geometry":{"type":"Polygon","coordinates":[[[7.142,9.612],[7.854,9.703],[8.218,10.139],[8.177,10.407],[7.954,10.392],[7.666,10.251],[7.42,9.943],[7.223,9.796],[7.142,9.612]]]},"properties":{"id":"kadara","name":"Kadara","family":"Niger-Congo","glottocode":"kada1284","language":"Kadara","group":"Jos Plateau","ea":"Ah19","lat":9.99369,"lon":7.748908}},
{"type":"Feature","geometry":{"type":"Polygon","coordinates":[[[8.218,10.139],[8.536,10.094],[8.773,10.355],[8.847,10.528],[8.754,10.528],[8.705,10.718],[8.564,10.724],[8.367,10.589],[8.177,10.407],[8.218,10.139]]]},"properties":{"id":"kurama-gure-ne","name":"Kurama, Gure (Ne)","family":"Niger-Congo","glottocode":"kura1249","language":"Kurama","group":"Jos Plateau","ea":"Ah21","lat":10.3917,"lon":8.499505}},
{"type":"Feature","geometry":{"type":"Polygon","coordinates":[[[36.077,7.865],[35.859,7.862],[35.668,7.766],[35.276,7.799],[35.181,7.285],[35.219,7.259],[35.868,7.17],[36.004,7.115],[36.288,6.9],[36.564,6.965],[36.933,6.986],[37.083,7.143],[37.1,7.23],[36.779,7.464],[36.205,7.751],[36.077,7.865]]]},"properties":{"id":"kafa","name":"Kafa","family":"Afro-Asiatic","glottocode":"kafa1242","language":"Kafa","group":"Cushites, Western","ea":"Ca30","lat":7.38554,"lon":36.1044}},
{"type":"Feature","geometry":{"type":"Polygon","coordinates":[[[-7.933,14.567],[-8.366,14.415],[-8.67,14.455],[-8.856,14.425],[-9.229,14.415],[-9.446,14.452],[-9.63,14.32],[-9.941,13.93],[-9.595,13.708],[-9.169,13.746],[-8.804,13.884],[-8.491,13.912],[-7.651,13.974],[-7.537,14.121],[-7.613,14.348],[-7.755,14.5],[-7.933,14.567]]]},"properties":{"id":"kagoro","name":"Kagoro","family":"Niger-Congo","glottocode":"kago1246","language":"Kagoro (Nigeria)","group":"Jos Plateau","ea":"Ah20","lat":14.139,"lon":-8.74348}},
{"type":"Feature","geometry":{"type":"Polygon","coordinates":[[[39.027,-2.72],[39.041,-2.39],[39.027,-2.062],[39.054,-1.803],[39,-1.407],[38.781,-0.45],[38.769,-0.333],[38.459,-0.394],[38.172,-0.388],[37.693,-0.704],[37.448,-0.879],[37.346,-1.009],[37.154,-1.385],[37.053,-1.878],[37.079,-2.047],[37.216,-2.177],[37.714,-2.43],[37.94,-2.614],[38,-2.734],[38.356,-2.804],[39.027,-2.72]]]},"properties":{"id":"kamba","name":"Kamba","family":"Niger-Congo","glottocode":"kamb1297","language":"Kamba (Kenya)","group":"Kenya Highlands","ea":"Ad34","lat":-1.61913,"lon":38.1666}},
{"type":"Feature","geometry":{"type":"Polygon","coordinates":[[[6.811,11.051],[6.33,11.027],[6.069,11.047],[5.972,10.961],[6.041,10.597],[5.997,10.233],[6.044,9.887],[6.338,9.833],[6.568,9.863],[6.716,10.004],[6.746,10.115],[6.731,10.574],[6.768,10.915],[6.811,11.051]]]},"properties":{"id":"kamuku","name":"Kamuku","family":"Niger-Congo","glottocode":"cind1241","language":"Yara","group":"Niger, Middle","ea":"Ah14","lat":10.4642,"lon":6.381204}},
{"type":"Feature","geometry":{"type":"Polygon","coordinates":[[[14.366,13.5],[14.371,13.501],[14.407,13.51],[14.455,13.537],[14.484,13.546],[14.523,13.549],[14.767,13.551],[14.842,13.543],[14.987,13.445],[15.105,13.416],[15.108,13.415],[15.117,13.414],[15.222,13.349],[15.285,13.228],[15.325,13.071],[15.453,13.062],[15.548,13.055],[15.618,13.049],[15.681,13.112],[15.756,13.364],[15.81,13.725],[15.882,14.042],[15.716,14.337],[15.594,14.289],[15.342,14.276],[15.342,14.274],[15.328,14.194],[15.233,14.105],[14.913,14.037],[14.695,14.085],[14.463,14.289],[14.306,14.48],[13.986,14.745],[13.809,14.814],[13.441,14.827],[13.026,14.711],[12.89,14.596],[12.815,14.384],[12.835,14.18],[12.937,13.758],[13.186,13.39],[13.383,13.422],[13.318,13.753],[13.063,14.021],[13.022,14.129],[13.284,14.304],[13.698,14.373],[13.926,14.235],[14.01,14.269],[14.043,14.258],[14.055,14.25],[14.227,14.079],[14.179,13.824],[14.099,13.646],[14.197,13.524],[14.276,13.501],[14.366,13.5]]]},"properties":{"id":"kanembu","name":"Kanembu","family":"Nilo-Saharan","glottocode":"cent2050","language":"Central Kanuri","group":"Bornu","ea":"Cb19","lat":13.9941,"lon":14.4347}},
{"type":"Feature","geometry":{"type":"Polygon","coordinates":[[[45.505,-21.769],[45.563,-21.578],[45.619,-21.365],[45.748,-21.023],[45.765,-20.923],[45.785,-20.801],[45.813,-20.552],[45.848,-20.334],[45.85,-20.321],[45.891,-20.225],[45.902,-20.199],[45.885,-20.122],[45.868,-20.048],[45.859,-19.706],[45.868,-19.478],[45.878,-19.234],[45.871,-18.995],[45.868,-18.892],[45.857,-18.679],[45.85,-18.559],[45.822,-18.199],[45.822,-17.792],[45.85,-17.524],[45.943,-17.28],[45.97,-17.21],[46.201,-16.96],[46.437,-16.813],[46.617,-16.701],[46.735,-16.615],[46.858,-16.526],[47.044,-16.5],[47.264,-16.47],[47.699,-16.442],[48.123,-16.334],[48.235,-15.938],[48.25,-15.892],[48.346,-15.586],[48.383,-15.441],[48.42,-15.29],[48.54,-15.013],[48.555,-14.958],[48.624,-14.708],[48.734,-14.505],[48.855,-14.375],[48.929,-14.264],[48.944,-14.255],[49.021,-14.209],[49.131,-14.181],[49.132,-14.181],[49.377,-14.225],[49.619,-13.998],[49.8,-14.013],[49.883,-14.032],[49.937,-14.044],[50.073,-14.104],[50.147,-14.123],[50.173,-14.129],[50.173,-14.117],[50.171,-14.098],[50.175,-14.049],[50.144,-13.989],[50.138,-13.762],[50.038,-13.513],[50.031,-13.38],[49.944,-13.224],[49.947,-13.074],[49.802,-12.8],[49.561,-12.632],[49.588,-12.479],[49.518,-12.346],[49.267,-12.279],[49.335,-12.164],[49.323,-12.013],[48.969,-12.358],[48.954,-12.474],[48.834,-12.523],[48.949,-12.877],[48.824,-13.12],[48.831,-13.268],[48.74,-13.427],[48.485,-13.432],[48.335,-13.565],[48.336,-13.773],[48.18,-13.754],[48.144,-13.596],[48.031,-13.515],[47.905,-13.596],[47.874,-13.788],[48.021,-13.956],[48.031,-14.271],[47.814,-14.214],[47.7,-14.408],[47.756,-14.604],[47.5,-15.03],[47.411,-14.983],[47.514,-14.811],[47.455,-14.665],[47.328,-14.792],[47.336,-14.879],[47.058,-15.185],[46.889,-15.226],[46.332,-15.634],[46.394,-15.955],[46.28,-15.933],[46.233,-15.714],[45.826,-15.815],[45.687,-15.779],[45.572,-15.949],[45.366,-15.988],[45.265,-15.928],[44.862,-16.226],[44.459,-16.184],[44.401,-16.374],[44.463,-16.478],[44.438,-16.692],[43.947,-17.451],[43.924,-17.601],[44.031,-17.757],[44.001,-17.949],[44.046,-18.241],[44.041,-18.423],[44.159,-18.582],[44.257,-18.821],[44.227,-19.062],[44.469,-19.438],[44.37,-19.772],[44.48,-19.981],[44.353,-20.137],[44.25,-20.388],[44.131,-20.491],[44.036,-20.724],[43.898,-20.879],[43.841,-21.157],[43.777,-21.265],[43.58,-21.281],[43.482,-21.373],[43.468,-21.646],[43.334,-21.759],[43.237,-22.069],[43.221,-22.251],[43.294,-22.628],[43.366,-22.862],[43.597,-23.099],[43.612,-23.302],[43.759,-23.464],[43.75,-23.573],[43.638,-23.648],[43.664,-24.023],[43.742,-24.024],[43.846,-23.905],[43.872,-23.876],[43.995,-23.788],[43.984,-23.703],[43.983,-23.691],[43.909,-23.396],[43.907,-23.383],[43.89,-23.22],[43.844,-22.952],[43.835,-22.527],[43.842,-22.435],[43.853,-22.295],[43.946,-22.138],[44.022,-22.093],[44.084,-22.055],[44.306,-22.027],[44.768,-21.926],[44.842,-21.915],[44.962,-21.898],[45.166,-21.842],[45.332,-21.815],[45.417,-21.792],[45.505,-21.769]]]},"properties":{"id":"sakalava","name":"Sakalava","family":"Austronesian","glottocode":"saka1291","language":"Sakalava Malagasy","group":"Yao-Makonde","ea":"Ac42","lat":-17.6459,"lon":46.0501}},
{"type":"Feature","geometry":{"type":"Polygon","coordinates":[[[11.661,11.014],[11.801,10.96],[11.996,10.965],[12.226,11.131],[12.426,11.136],[12.843,11.203],[13.03,11.193],[13.561,11.264],[13.685,11.305],[13.814,11.423],[13.74,11.65],[13.885,11.85],[14.063,11.839],[14.191,11.661],[14.296,11.591],[14.315,11.969],[14.587,12.174],[14.52,12.321],[14.344,12.409],[14.131,12.394],[13.918,12.299],[13.684,11.991],[13.537,11.932],[13.346,11.939],[13.287,12.02],[13.221,12.27],[13.316,12.527],[13.471,12.644],[13.837,12.695],[13.854,12.952],[13.548,13.218],[13.383,13.422],[13.186,13.39],[13.246,13.224],[13.142,13.009],[13.031,12.905],[12.786,12.786],[12.479,12.755],[11.667,12.734],[11.555,12.705],[11.277,12.427],[11.319,12.051],[11.475,11.984],[11.618,11.68],[11.744,11.528],[11.661,11.014]]]},"properties":{"id":"kanuri","name":"Kanuri","family":"Nilo-Saharan","glottocode":"cent2050","language":"Central Kanuri","group":"Bornu","ea":"Cb19","lat":12.051,"lon":12.7484}},
{"type":"Feature","geometry":{"type":"Polygon","coordinates":[[[24.721,-14.068],[24.955,-14.565],[25.292,-14.658],[25.469,-14.826],[25.603,-14.86],[25.873,-14.776],[26.049,-14.792],[26.159,-14.876],[26.214,-15.008],[26.741,-15.196],[26.993,-15.104],[27.136,-15.23],[27.329,-15.238],[27.388,-14.88],[27.22,-14.57],[26.927,-14.444],[26.776,-14.259],[26.566,-14.083],[26.33,-14.015],[26.28,-13.847],[26.372,-13.78],[26.683,-13.797],[26.86,-13.662],[26.902,-13.334],[26.877,-12.716],[26.826,-12.337],[26.759,-12.211],[26.582,-12.119],[26.322,-12.068],[26.296,-12.001],[26.364,-11.782],[26.145,-11.631],[26.254,-11.395],[26.54,-11.244],[26.683,-11.202],[26.801,-11.034],[26.793,-10.891],[26.885,-10.646],[26.755,-10.347],[26.742,-10.319],[26.204,-10.344],[25.603,-10.428],[25.62,-10.967],[25.46,-11.328],[25.528,-11.698],[25.553,-12.161],[25.444,-12.413],[25.158,-12.741],[24.779,-13.094],[24.632,-13.171],[24.485,-13.399],[24.409,-13.441],[24.384,-13.626],[24.67,-13.819],[24.721,-14.068]]]},"properties":{"id":"kaonde","name":"Kaonde","family":"Niger-Congo","glottocode":"kaon1241","language":"Kaonde","group":"Bemba-Lamba","ea":"Ac32","lat":-13.0397,"lon":25.9685}},
{"type":"Feature","geometry":{"type":"Polygon","coordinates":[[[14.125,10.664],[13.534,10.67],[13.399,10.741],[13.237,10.34],[13.685,10.347],[14.144,10.502],[14.125,10.664]]]},"properties":{"id":"kapsiki","name":"Kapsiki","family":"Afro-Asiatic","glottocode":"psik1239","language":"Psikye","group":"Mandara Highlands","ea":"Ah38","lat":10.5201,"lon":13.6667}},
{"type":"Feature","geometry":{"type":"Polygon","coordinates":[[[23.73,8.56],[23.93,9.25],[24.085,9.852],[23.849,10.147],[23.474,10.406],[22.852,10.56],[22.674,10.509],[22.224,10.215],[22.026,10.024],[21.602,9.545],[21.602,8.977],[21.635,8.668],[22.53,8.635],[23.315,8.56],[23.73,8.56]]]},"properties":{"id":"kara","name":"Kara","family":"Niger-Congo","glottocode":"kara1481","language":"Kara (Tanzania)","group":"East Nyanza","ea":"Ad38","lat":9.474617,"lon":22.8494}},
{"type":"Feature","geometry":{"type":"Polygon","coordinates":[[[11.618,11.68],[11.475,11.984],[11.319,12.051],[10.852,11.695],[10.752,11.565],[10.96,11.275],[11.618,11.68]]]},"properties":{"id":"karekare","name":"Karekare","family":"Afro-Asiatic","glottocode":"kare1348","language":"Karekare","group":"Bornu","ea":"Cb10","lat":11.6764,"lon":11.1912}},
{"type":"Feature","geometry":{"type":"Polygon","coordinates":[[[-14.386,19.019],[-14.411,19.841],[-14.317,20.653],[-14.116,21.557],[-13.944,22.236],[-13.678,23.14],[-13.592,23.356],[-13.606,23.675],[-13.678,23.768],[-13.865,23.862],[-14.684,24.055],[-14.834,24.099],[-14.969,24.152],[-15.047,24.041],[-15.14,23.897],[-15.241,23.732],[-15.341,23.589],[-15.485,23.366],[-15.782,22.942],[-15.991,22.684],[-16.185,22.425],[-16.328,22.224],[-16.437,22.077],[-16.501,21.991],[-16.587,21.847],[-16.666,21.567],[-16.644,21.33],[-16.558,21.107],[-16.343,20.834],[-16.242,20.683],[-16.156,20.518],[-16.124,20.35],[-16.113,20.291],[-16.084,20.183],[-16.07,19.946],[-16.113,19.759],[-16.122,19.735],[-16.142,19.687],[-16.17,19.594],[-16.163,19.321],[-16.055,19.077],[-15.991,18.955],[-15.986,18.94],[-15.978,18.915],[-15.804,18.947],[-15.366,18.962],[-15.057,18.904],[-14.906,18.912],[-14.386,19.019]]]},"properties":{"id":"delim","name":"Delim","family":"Afro-Asiatic","glottocode":"hass1238","language":"Hassaniyya","group":"Arabs, Bedoin","ea":"Cc17","lat":21.5158,"lon":-15.112}},
{"type":"Feature","geometry":{"type":"Polygon","coordinates":[[[-9.941,13.93],[-9.63,14.32],[-9.446,14.452],[-9.601,14.837],[-9.758,14.915],[-10.023,14.847],[-9.974,14.553],[-10.052,14.484],[-10.258,14.68],[-10.405,14.749],[-10.601,14.749],[-10.758,14.798],[-10.866,14.925],[-11.042,14.906],[-11.209,14.778],[-11.395,14.729],[-11.691,14.337],[-11.589,14.211],[-11.514,13.893],[-11.409,13.67],[-11.2,13.646],[-10.826,13.717],[-10.565,13.921],[-10.327,13.893],[-9.941,13.93]]]},"properties":{"id":"kasonke","name":"Kasonke","family":"Niger-Congo","glottocode":"xaas1235","language":"Xaasongaxango","group":"Mande, Nuclear","ea":"Ag23","lat":14.315,"lon":-10.6557}},
{"type":"Feature","geometry":{"type":"Polygon","coordinates":[[[31.228,-6.63],[31.637,-6.793],[31.908,-6.863],[31.99,-6.932],[32.091,-7.216],[32.278,-7.333],[32.488,-7.172],[33.053,-6.871],[33.012,-6.623],[32.879,-6.465],[32.659,-6.333],[32.362,-6.106],[32.236,-5.967],[31.952,-5.753],[31.82,-5.696],[31.486,-5.728],[31.157,-5.646],[31.063,-5.797],[31.221,-6.339],[31.228,-6.63]]]},"properties":{"id":"konongo","name":"Konongo","family":"Niger-Congo","glottocode":"nyam1276","language":"Nyamwezi","group":"Nyamwezi","ea":"Ad20","lat":-6.44118,"lon":32.0116}},
{"type":"Feature","geometry":{"type":"Polygon","coordinates":[[[8.771,9.886],[8.536,10.094],[8.218,10.139],[7.854,9.703],[7.952,9.393],[8.207,9.495],[8.357,9.419],[8.695,9.597],[8.771,9.886]]]},"properties":{"id":"katab","name":"Katab","family":"Niger-Congo","glottocode":"kata1265","language":"Katab","group":"Jos Plateau","ea":"Ah1","lat":9.762376,"lon":8.31657}},
{"type":"Feature","geometry":{"type":"Polygon","coordinates":[[[35.961,0.247],[35.943,0.726],[35.854,0.971],[35.747,0.997],[35.659,0.845],[35.529,0.774],[35.51,0.554],[35.581,0.178],[35.961,0.247]]]},"properties":{"id":"keyu","name":"Keyu","family":"Nilo-Saharan","glottocode":"keiy1238","language":"Keiyo","group":"Nandi","ea":"Aj25","lat":0.561212,"lon":35.7388}},
{"type":"Feature","geometry":{"type":"Polygon","coordinates":[[[22.287,-2.072],[22.234,-2.198],[22.239,-2.708],[22.17,-2.824],[22.269,-3.049],[23.093,-3.101],[23.187,-2.891],[23.238,-2.556],[23.164,-2.148],[23.221,-2.085],[23.431,-2.125],[23.822,-1.915],[24.072,-1.898],[24.304,-1.977],[24.713,-2.494],[24.787,-2.772],[25.032,-2.991],[25.121,-2.636],[25.303,-2.312],[25.581,-2.159],[25.647,-1.872],[25.172,-1.771],[25.022,-1.769],[24.758,-1.754],[24.622,-1.635],[24.476,-1.269],[24.1,-1.226],[23.799,-1.107],[23.55,-0.648],[23.363,-0.574],[23.158,-0.71],[23.119,-0.931],[23.204,-1.136],[23.226,-1.362],[23.175,-1.493],[22.908,-1.597],[22.784,-1.862],[22.574,-2.004],[22.287,-2.072]]]},"properties":{"id":"kela","name":"Kela","family":"Niger-Congo","glottocode":"yela1238","language":"Yela-Kela","group":"Mongo","ea":"Ae21","lat":-1.98036,"lon":23.7088}},
{"type":"Feature","geometry":{"type":"Polygon","coordinates":[[[10.304,7.523],[10.341,7.097],[10.464,6.998],[10.612,6.979],[10.722,7.128],[10.721,7.32],[10.587,7.649],[10.304,7.523]]]},"properties":{"id":"kentu","name":"Kentu","family":"Niger-Congo","glottocode":"etky1238","language":"Etkywan","group":"Tiv-Jukun","ea":"Ah24","lat":7.298923,"lon":10.5151}},
{"type":"Feature","geometry":{"type":"Polygon","coordinates":[[[33.574,-1.997],[33.395,-1.973],[33.26,-2.11],[33.603,-2.183],[33.746,-2.085],[33.574,-1.997]]]},"properties":{"id":"kerewe","name":"Kerewe","family":"Niger-Congo","glottocode":"kere1283","language":"Kerewe","group":"East Lacustrine Bantu","ea":"Ad43","lat":-2.08103,"lon":33.4733}},
{"type":"Feature","geometry":{"type":"Polygon","coordinates":[[[37.693,-0.704],[37.619,-0.603],[37.414,-0.063],[37.045,-0.237],[36.635,-0.35],[36.479,-0.42],[36.427,-0.659],[36.477,-1.132],[36.648,-1.321],[36.818,-1.687],[36.837,-1.782],[37.053,-1.878],[37.154,-1.385],[37.346,-1.009],[37.448,-0.879],[37.693,-0.704]]]},"properties":{"id":"kikuyu","name":"Kikuyu","family":"Niger-Congo","glottocode":"kiku1240","language":"Kikuyu","group":"Kenya Highlands","ea":"Ad4","lat":-0.8472,"lon":36.9936}},
{"type":"Feature","geometry":{"type":"Polygon","coordinates":[[[14.213,-9.724],[14.127,-9.568],[14.081,-9.491],[14.062,-9.458],[13.996,-9.371],[13.939,-9.335],[13.909,-9.316],[13.821,-9.283],[13.712,-9.272],[13.57,-9.305],[13.522,-9.321],[13.438,-9.349],[13.329,-9.371],[13.169,-9.406],[13.17,-9.409],[13.172,-9.42],[13.172,-9.433],[13.164,-9.453],[13.167,-9.476],[13.201,-9.532],[13.226,-9.642],[13.191,-9.693],[13.306,-9.854],[13.311,-9.971],[13.513,-10.284],[13.591,-10.468],[14.065,-10.215],[14.213,-9.724]]]},"properties":{"id":"kisama","name":"Kisama","family":"Niger-Congo","glottocode":null,"language":"Kimbundu","group":"Western Angola","ea":"Ab21","lat":-9.8,"lon":13.7008}},
{"type":"Feature","geometry":{"type":"Polygon","coordinates":[[[2.547,34.055],[2.646,33.849],[2.801,33.339],[3.427,33.429],[3.516,33.472],[3.526,33.656],[3.437,34.27],[3.22,34.238],[3.102,34.159],[2.885,34.228],[2.737,34.218],[2.547,34.055]]]},"properties":{"id":"laguat","name":"Laguat","family":"Afro-Asiatic","glottocode":"tumz1238","language":"Tumzabt","group":"Berbers, Oasis","ea":"Cc4","lat":33.8182,"lon":3.079532}},
{"type":"Feature","geometry":{"type":"Polygon","coordinates":[[[3.411,12.173],[3.161,12.424],[3.035,12.468],[2.757,12.468],[2.812,12.282],[3.072,11.807],[3.392,11.393],[3.576,11.481],[3.531,11.978],[3.411,12.173]]]},"properties":{"id":"dendi","name":"Dendi","family":"Niger-Congo","glottocode":"gour1243","language":"Gourmanchéma","group":"Mole","ea":"Ag45","lat":11.9834,"lon":3.218313}},
{"type":"Feature","geometry":{"type":"Polygon","coordinates":[[[-10.492,8.381],[-10.264,8.372],[-10.055,8.205],[-9.786,8.414],[-9.767,8.657],[-9.678,8.9],[-9.601,9.043],[-9.589,9.322],[-9.684,9.417],[-10.307,9.369],[-10.503,9.268],[-10.486,9.09],[-10.385,9.06],[-10.325,8.906],[-10.497,8.568],[-10.492,8.381]]]},"properties":{"id":"kissi","name":"Kissi","family":"Niger-Congo","glottocode":"nort2765","language":"Northern Kissi","group":"Mende-Temne","ea":"Af2","lat":8.885351,"lon":-10.053}},
{"type":"Feature","geometry":{"type":"Polygon","coordinates":[[[35.01,11.256],[35.075,11.61],[35.142,11.701],[34.762,11.804],[34.715,11.892],[34.769,12.015],[34.94,12.152],[34.988,12.316],[34.81,12.384],[34.537,12.207],[34.202,12.131],[33.642,12.09],[33.362,11.944],[33.376,11.634],[33.54,11.666],[33.936,11.686],[34.093,11.659],[34.433,11.466],[34.836,11.28],[35.01,11.256]]]},"properties":{"id":"gule","name":"Gule","family":"Nilo-Saharan","glottocode":"gaam1241","language":"Gaam","group":"Fung","ea":"Ai4","lat":11.8261,"lon":34.3397}},
{"type":"Feature","geometry":{"type":"Polygon","coordinates":[[[30.054,11.435],[30.049,11.428],[29.985,11.267],[30.013,10.987],[30.055,10.936],[30.586,10.864],[30.907,10.782],[30.976,10.735],[31.02,10.506],[31.495,10.68],[31.556,10.844],[31.215,11.131],[31.312,11.587],[31.153,11.714],[30.931,12.052],[30.675,12.013],[30.423,11.87],[30.347,11.767],[30.279,11.542],[30.054,11.435]]]},"properties":{"id":"koalib","name":"Koalib","family":"Niger-Congo","glottocode":"koal1240","language":"Koalib-Rere","group":"Nuba","ea":"Ai37","lat":11.2766,"lon":30.7675}},
{"type":"Feature","geometry":{"type":"Polygon","coordinates":[[[-14.977,14.053],[-14.983,14.166],[-15.004,14.236],[-15.01,14.26],[-15.171,14.367],[-15.265,14.387],[-15.335,14.376],[-15.373,14.371],[-15.369,14.366],[-15.432,14.285],[-15.601,14.196],[-15.658,14.192],[-15.735,14.187],[-15.887,14.205],[-16.074,14.357],[-16.199,14.58],[-16.315,14.681],[-16.67,14.641],[-16.77,14.594],[-16.743,14.38],[-16.79,14.327],[-16.813,14.311],[-16.83,14.3],[-16.896,14.256],[-16.895,14.254],[-16.893,14.25],[-16.885,14.222],[-16.878,14.179],[-16.825,14.148],[-16.736,13.816],[-16.552,13.561],[-16.461,13.354],[-16.273,13.357],[-16.149,13.453],[-16.125,13.448],[-16.041,13.484],[-15.847,13.591],[-15.546,13.651],[-15.445,13.711],[-15.402,13.727],[-15.352,13.744],[-15.117,13.932],[-14.977,14.052],[-14.977,14.053]]]},"properties":{"id":"serer","name":"Serer","family":"Niger-Congo","glottocode":"sere1260","language":"Sereer","group":"Senegal","ea":"Ag22","lat":14.0214,"lon":-16.0483}},
{"type":"Feature","geometry":{"type":"Polygon","coordinates":[[[10.126,5.195],[9.947,4.802],[9.947,4.534],[10.099,4.333],[10.192,4.28],[10.238,4.248],[10.252,4.19],[10.257,4.169],[10.164,3.786],[10.16,3.481],[10.343,3.488],[10.597,3.406],[10.901,3.504],[11.033,3.513],[11.15,3.445],[11.312,3.554],[11.353,3.693],[11.369,4.118],[10.97,4.512],[10.811,4.408],[10.638,4.4],[10.482,4.449],[10.321,4.658],[10.269,4.958],[10.203,5.139],[10.126,5.195]]]},"properties":{"id":"koko","name":"Koko","family":"Niger-Congo","glottocode":"fang1246","language":"Fang (Equatorial Guinea)","group":"Fang-Dzem","ea":"Ae3","lat":4.077461,"lon":10.636}},
{"type":"Feature","geometry":{"type":"Polygon","coordinates":[[[10.385,6.126],[10.489,6.253],[10.615,6.494],[10.612,6.494],[10.057,6.53],[10.031,6.371],[10.031,6.363],[10.385,6.126]]]},"properties":{"id":"kom","name":"Kom","family":"Niger-Congo","glottocode":"komc1235","language":"Kom (Cameroon)","group":"Cameroon Highlands","ea":"Ae54","lat":6.371331,"lon":10.312}},
{"type":"Feature","geometry":{"type":"Polygon","coordinates":[[[34.441,8.425],[34.469,8.824],[34.605,9.514],[34.754,9.84],[34.481,10.057],[34.331,10.344],[34.353,10.522],[34.196,10.522],[34.004,10.433],[33.95,10.324],[34.004,10.14],[34.161,9.989],[34.134,9.798],[33.831,9.527],[33.861,9.358],[33.793,8.825],[33.799,8.494],[33.929,8.422],[34.441,8.425]]]},"properties":{"id":"koma","name":"Koma","family":"Nilo-Saharan","glottocode":"komo1258","language":"Komo (Sudan-Ethiopia)","group":"Koma","ea":"Ai46","lat":9.359931,"lon":34.2141}},
{"type":"Feature","geometry":{"type":"Polygon","coordinates":[[[18.942,-5.561],[18.817,-5.558],[18.623,-5.733],[18.471,-5.675],[18.253,-5.699],[18.112,-6.037],[18.082,-6.227],[18.739,-6.272],[18.925,-6.323],[19.024,-6.089],[19.024,-5.707],[18.942,-5.561]]]},"properties":{"id":"kwese","name":"Kwese","family":"Niger-Congo","glottocode":"mbal1257","language":"Mbala","group":"Lower Congo","ea":"Ac15","lat":-5.96732,"lon":18.6067}},
{"type":"Feature","geometry":{"type":"Polygon","coordinates":[[[16.21,-5.232],[15.909,-4.954],[15.483,-4.866],[15.067,-4.747],[15.002,-4.812],[14.696,-4.877],[14.521,-4.877],[14.215,-5.008],[13.996,-5.216],[13.788,-5.61],[13.603,-5.724],[13.179,-5.857],[13.086,-5.899],[12.975,-5.886],[12.789,-6.018],[12.376,-6.077],[12.354,-6.238],[12.546,-6.651],[12.79,-6.928],[12.855,-7.25],[12.902,-7.304],[13.07,-7.745],[13.2,-8.029],[13.316,-8.253],[13.358,-8.308],[13.374,-8.337],[13.38,-8.358],[13.385,-8.372],[13.974,-8.212],[14.39,-8.157],[14.543,-8.168],[14.761,-8.223],[14.941,-8.248],[15.068,-8.266],[15.264,-8.234],[15.357,-8.222],[15.439,-8.212],[15.603,-8.124],[15.702,-7.982],[15.752,-7.932],[15.833,-7.851],[15.964,-7.742],[16.259,-7.436],[16.434,-7.337],[16.525,-7.269],[16.565,-7.239],[16.618,-7.221],[16.721,-7.187],[16.565,-6.998],[16.15,-6.222],[16.117,-6.025],[16.15,-5.774],[16.358,-5.555],[16.336,-5.413],[16.21,-5.232]]]},"properties":{"id":"kongo","name":"Kongo","family":"Niger-Congo","glottocode":"sans1272","language":"San Salvador Kongo","group":"Lower Congo","ea":"Ac14","lat":-6.62398,"lon":14.618}},
{"type":"Feature","geometry":{"type":"Polygon","coordinates":[[[-5.503,31.857],[-5.397,31.594],[-5.271,31.495],[-4.957,31.369],[-4.759,31.181],[-4.651,30.902],[-4.517,30.768],[-4.095,30.696],[-3.776,30.752],[-3.685,31.136],[-3.712,31.387],[-3.856,31.827],[-3.853,32.045],[-4.418,32.036],[-5.172,31.946],[-5.503,31.857]]]},"properties":{"id":"filala","name":"Filala","family":"Afro-Asiatic","glottocode":"hass1238","language":"Hassaniyya","group":"Berbers, Moroccan","ea":"Cd9","lat":31.446,"lon":-4.42323}},
{"type":"Feature","geometry":{"type":"Polygon","coordinates":[[[29.072,0.525],[28.925,0.485],[28.8,0.337],[28.681,-0.1],[28.516,-0.252],[28.65,-0.364],[28.775,-0.381],[28.962,-0.511],[29.07,-0.653],[29.11,-0.835],[29.229,-1.062],[29.382,-1.227],[29.635,-1.18],[29.592,-0.902],[29.671,-0.765],[29.694,-0.505],[29.876,-0.307],[30.148,-0.091],[30.199,0.025],[30.199,0.269],[30.117,0.46],[29.912,0.337],[29.588,0.456],[29.299,0.462],[29.072,0.525]]]},"properties":{"id":"konjo","name":"Konjo","family":"Niger-Congo","glottocode":"konz1239","language":"Konzo","group":"West Lacustrine Bantu","ea":"Ad44","lat":-0.179415,"lon":29.3861}},
{"type":"Feature","geometry":{"type":"Polygon","coordinates":[[[0.074,10.258],[0.012,10.22],[0.048,10.008],[0.18,9.844],[0.614,9.464],[0.789,9.437],[1.005,9.492],[1.041,9.641],[0.889,10.034],[0.789,10.109],[0.44,10.116],[0.074,10.258]]]},"properties":{"id":"konkomba","name":"Konkomba","family":"Niger-Congo","glottocode":"konk1269","language":"Konkomba","group":"Borgu-Mango","ea":"Ag10","lat":9.841763,"lon":0.568015}},
{"type":"Feature","geometry":{"type":"Polygon","coordinates":[[[36.937,5.385],[37.055,5.243],[37.277,5.266],[37.953,5.225],[38.124,5.361],[38.269,5.735],[38,5.903],[37.365,5.944],[37.229,6.012],[37.094,5.835],[36.937,5.385]]]},"properties":{"id":"konso","name":"Konso","family":"Afro-Asiatic","glottocode":"kons1243","language":"Konso","group":"Konso","ea":"Ca1","lat":5.584986,"lon":37.5898}},
{"type":"Feature","geometry":{"type":"Polygon","coordinates":[[[-10.654,9.941],[-10.955,9.874],[-11.392,9.677],[-11.483,9.446],[-11.655,9.298],[-11.709,9.203],[-11.756,9.037],[-11.795,8.937],[-11.775,8.902],[-11.774,8.9],[-11.764,8.892],[-11.715,8.853],[-11.471,8.888],[-11.376,8.888],[-11.29,8.867],[-11.281,8.864],[-11.215,8.817],[-10.961,9.06],[-10.889,9.084],[-10.587,9.019],[-10.486,9.09],[-10.503,9.268],[-10.307,9.369],[-9.684,9.417],[-9.589,9.322],[-9.601,9.043],[-9.678,8.9],[-9.601,8.859],[-9.197,8.833],[-9.051,9.095],[-9.464,9.755],[-9.696,9.832],[-10.195,9.773],[-10.361,9.785],[-10.654,9.941]]]},"properties":{"id":"koranko","name":"Koranko","family":"Niger-Congo","glottocode":"kura1250","language":"Kuranko","group":"Mande, Nuclear","ea":"Ag24","lat":9.385249,"lon":-10.4893}},
{"type":"Feature","geometry":{"type":"Polygon","coordinates":[[[7.364,9.17],[7.639,9.23],[7.952,9.393],[7.854,9.703],[7.142,9.612],[7.106,9.396],[7.327,9.267],[7.364,9.17]]]},"properties":{"id":"koro","name":"Koro","family":"Niger-Congo","glottocode":"ashe1269","language":"Ashe","group":"Nupe-Idoma","ea":"Af31","lat":9.456307,"lon":7.529365}},
{"type":"Feature","geometry":{"type":"Polygon","coordinates":[[[13.569,1.098],[13.537,0.874],[13.307,0.491],[13.198,0.36],[12.99,0.218],[12.608,0.119],[12.422,0.021],[12.29,-0.11],[12.269,-0.247],[12.495,-0.451],[12.853,-0.845],[12.839,-0.969],[13.139,-0.997],[13.533,-0.9],[13.837,-0.706],[14.237,-0.311],[14.486,-0.184],[14.601,-0.19],[14.704,-0.39],[14.698,-0.669],[14.927,-0.695],[15.231,-0.544],[15.298,-0.26],[15.449,-0.041],[15.698,0.074],[16.104,0.207],[16.213,0.298],[16.195,0.402],[16.22,0.978],[16.171,1.16],[16.007,1.536],[15.898,1.621],[15.522,1.748],[15.176,1.716],[15.128,1.651],[14.739,1.475],[13.896,1.178],[13.569,1.098]]]},"properties":{"id":"kota","name":"Kota","family":"Niger-Congo","glottocode":"ndas1238","language":"Ndasa","group":"Fang-Dzem","ea":"Ae41","lat":0.37376,"lon":14.4448}},
{"type":"Feature","geometry":{"type":"Polygon","coordinates":[[[15.479,11.964],[15.41,12.118],[15.182,12.368],[15.021,12.251],[15.038,12.023],[14.821,11.573],[14.661,11.383],[14.689,11.154],[15.049,11.238],[15.321,11.338],[15.551,11.458],[15.516,11.862],[15.479,11.964]]]},"properties":{"id":"kotoko","name":"Kotoko","family":"Afro-Asiatic","glottocode":"lagw1237","language":"Lagwan","group":"Logone","ea":"Ai18","lat":11.6967,"lon":15.153}},
{"type":"Feature","geometry":{"type":"Polygon","coordinates":[[[27.835,2.378],[27.759,2.592],[27.631,2.577],[27.532,2.434],[27.232,2.156],[27.124,2.067],[27.152,1.758],[27.254,1.662],[27.474,1.733],[27.442,1.912],[27.493,1.997],[27.742,2.156],[27.835,2.378]]]},"properties":{"id":"lika","name":"Lika","family":"Niger-Congo","glottocode":"bali1274","language":"Bali (Democratic Republic of Congo)","group":"Babwa-Bira","ea":"Ae33","lat":2.121755,"lon":27.4661}},
{"type":"Feature","geometry":{"type":"Polygon","coordinates":[[[-8.011,8.012],[-8.128,8.146],[-8.354,8.241],[-8.731,8.238],[-8.835,8.104],[-9.09,7.986],[-9.322,7.647],[-9.583,7.332],[-9.737,7.261],[-9.943,7.132],[-10.116,6.776],[-10.133,6.664],[-10.034,6.661],[-9.815,6.768],[-9.642,6.792],[-9.126,6.531],[-9.036,6.621],[-9.114,6.929],[-9.043,7.285],[-8.888,7.576],[-8.764,7.695],[-8.568,7.778],[-8.266,7.727],[-8.011,8.012]]]},"properties":{"id":"kpelle","name":"Kpelle","family":"Niger-Congo","glottocode":"libe1247","language":"Liberia Kpelle","group":"Mende-Temne","ea":"Af15","lat":7.434246,"lon":-9.11154}},
{"type":"Feature","geometry":{"type":"Polygon","coordinates":[[[30.577,-27.451],[29.716,-27.626],[29.716,-27.701],[29.666,-28.055],[29.573,-28.274],[29.43,-28.45],[29.186,-28.593],[29.068,-28.804],[29.043,-28.98],[29.161,-29.426],[29.026,-29.754],[28.808,-30.208],[28.446,-30.906],[28.431,-30.981],[28.641,-31.262],[29.539,-30.81],[29.716,-30.785],[29.943,-30.852],[30.123,-31.16],[30.397,-30.849],[30.622,-30.512],[30.843,-30.121],[31.053,-29.906],[31.043,-29.83],[31.202,-29.543],[31.489,-29.214],[31.746,-28.977],[32.001,-28.875],[32.39,-28.538],[32.422,-28.397],[32.545,-28.184],[32.608,-27.803],[32.249,-27.778],[31.995,-27.508],[31.728,-27.576],[31.324,-27.584],[31.114,-27.534],[30.878,-27.542],[30.577,-27.451]]]},"properties":{"id":"zulu","name":"Zulu","family":"Niger-Congo","glottocode":"zulu1248","language":"Zulu","group":"Nguni","ea":"Ab12","lat":-29.1232,"lon":30.3989}},
{"type":"Feature","geometry":{"type":"Polygon","coordinates":[[[9.737,4.165],[9.725,4.183],[9.702,4.22],[9.596,4.396],[9.435,4.545],[9.314,4.539],[9.309,4.536],[9.194,4.47],[8.989,4.298],[8.942,4.258],[8.968,4.109],[9.117,4.012],[9.281,3.986],[9.438,3.9],[9.528,4.03],[9.609,4.018],[9.663,4.061],[9.688,4.111],[9.711,4.106],[9.734,4.123],[9.746,4.139],[9.749,4.142],[9.752,4.141],[9.737,4.165]]]},"properties":{"id":"kpe","name":"Kpe","family":"Niger-Congo","glottocode":"mokp1239","language":"Mokpwe","group":"Biafra Coast","ea":"Ae2","lat":4.226529,"lon":9.345441}},
{"type":"Feature","geometry":{"type":"Polygon","coordinates":[[[-7.481,6.015],[-7.712,6.133],[-7.914,6.275],[-8.182,6.353],[-8.259,6.507],[-8.425,6.555],[-8.716,6.549],[-8.81,6.276],[-8.087,5.854],[-8.045,5.753],[-8.009,5.434],[-7.819,5.391],[-7.4,5.373],[-7.469,5.569],[-7.481,6.015]]]},"properties":{"id":"kran","name":"Kran","family":"Niger-Congo","glottocode":null,"language":"Krahn","group":"Kru","ea":"Ac47","lat":5.989861,"lon":-8.0353}},
{"type":"Feature","geometry":{"type":"Polygon","coordinates":[[[-8.079,5.297],[-8.306,5.45],[-8.562,5.527],[-8.823,5.456],[-8.924,5.48],[-9.052,5.625],[-9.286,5.581],[-9.399,5.426],[-9.524,5.402],[-9.291,5.153],[-9.014,4.974],[-8.538,4.75],[-8.273,4.596],[-8.11,4.832],[-8.015,5.064],[-8.009,5.218],[-8.079,5.297]]]},"properties":{"id":"kru","name":"Kru","family":"Niger-Congo","glottocode":"klao1243","language":"Klao","group":"Kru","ea":"Af48","lat":5.168942,"lon":-8.67231}},
{"type":"Feature","geometry":{"type":"Polygon","coordinates":[[[35.965,12.716],[35.856,12.718],[35.71,12.484],[35.424,12.265],[35.287,12.019],[35.232,11.739],[35.142,11.701],[35.075,11.61],[35.01,11.256],[35.485,10.469],[35.515,10.31],[35.587,10.244],[35.94,10.101],[36.154,10.168],[36.214,10.336],[35.967,10.53],[35.885,11.063],[35.926,11.425],[36.056,11.78],[36.111,12.135],[36.056,12.565],[35.965,12.716]]]},"properties":{"id":"gumuz","name":"Gumuz","family":"Nilo-Saharan","glottocode":null,"language":"Gumuz","group":"Ethiopia, Central","ea":"Ca7","lat":11.389,"lon":35.6458}},
{"type":"Feature","geometry":{"type":"Polygon","coordinates":[[[37.071,15.484],[36.903,15.273],[36.864,15.027],[37.071,14.889],[37.594,14.859],[37.83,14.928],[37.85,15.056],[37.7,15.462],[37.406,15.421],[37.12,15.441],[37.071,15.484]]]},"properties":{"id":"kunama","name":"Kunama","family":"Afro-Asiatic","glottocode":"tigr1271","language":"Tigrinya","group":"Ethiopia, Central","ea":"Ca3","lat":15.1473,"lon":37.3584}},
{"type":"Feature","geometry":{"type":"Polygon","coordinates":[[[23.265,-4.475],[23.087,-4.45],[22.763,-4.353],[22.543,-4.178],[22.187,-4.1],[22.012,-3.909],[21.76,-4.01],[21.327,-4.107],[21.048,-4.107],[20.809,-4.159],[20.706,-4.225],[20.685,-4.333],[20.769,-4.508],[20.995,-4.747],[21.086,-4.89],[21.066,-5.194],[20.885,-5.582],[20.942,-5.715],[21.249,-5.524],[21.631,-5.44],[21.87,-5.226],[22.284,-5.084],[22.465,-4.993],[22.763,-5.084],[23.074,-5.006],[23.318,-4.838],[23.265,-4.475]]]},"properties":{"id":"kuba","name":"Kuba","family":"Niger-Congo","glottocode":"bush1247","language":"Bushoong","group":"Kasai","ea":"Ac4","lat":-4.69093,"lon":21.881}},
{"type":"Feature","geometry":{"type":"Polygon","coordinates":[[[31.268,4.131],[31.266,3.731],[31.407,3.623],[31.834,3.864],[31.902,4.001],[31.897,4.148],[31.69,4.11],[31.268,4.131]]]},"properties":{"id":"kuku","name":"Kuku","family":"Nilo-Saharan","glottocode":"kuku1285","language":"Kuku","group":"Bari-Lotuko","ea":"Aj15","lat":3.929204,"lon":31.5391}},
{"type":"Feature","geometry":{"type":"Polygon","coordinates":[[[6.768,6.815],[6.817,7.053],[6.811,7.294],[6.764,7.346],[6.258,7.396],[6.135,7.311],[5.931,6.96],[5.881,6.741],[6.024,6.678],[6.399,6.715],[6.768,6.815]]]},"properties":{"id":"kukuruku","name":"Kukuruku","family":"Niger-Congo","glottocode":"yekh1238","language":"Yekhee","group":"Ibo-Edo","ea":"Af26","lat":7.027526,"lon":6.37803}},
{"type":"Feature","geometry":{"type":"Polygon","coordinates":[[[8.333,8.407],[8.56,8.429],[8.606,8.642],[8.084,8.861],[8.035,8.946],[7.746,8.996],[7.639,9.23],[7.364,9.17],[7.371,8.855],[7.444,8.658],[7.58,8.554],[7.898,8.416],[8.238,8.449],[8.333,8.407]]]},"properties":{"id":"gwandara","name":"Gwandara","family":"Niger-Congo","glottocode":"gbar1246","language":"Gbari","group":"Nupe-Idoma","ea":"Af28","lat":8.741259,"lon":7.890494}},
{"type":"Feature","geometry":{"type":"Polygon","coordinates":[[[-2.705,8.122],[-2.692,8.328],[-2.665,8.806],[-2.515,9.04],[-2.542,9.211],[-2.58,9.426],[-2.857,9.414],[-3.194,9.387],[-3.562,9.417],[-3.861,9.533],[-4.109,9.309],[-3.882,9.114],[-3.799,9.001],[-3.781,8.781],[-3.918,8.562],[-3.912,8.312],[-3.972,7.957],[-3.764,7.772],[-3.467,7.791],[-3.245,7.841],[-3.108,7.933],[-2.981,8.116],[-2.705,8.122]]]},"properties":{"id":"kulango","name":"Kulango","family":"Niger-Congo","glottocode":"adan1247","language":"Adangme","group":"Lobi","ea":"Af35","lat":8.684328,"lon":-3.30593}},
{"type":"Feature","geometry":{"type":"Polygon","coordinates":[[[2.73,6.977],[2.623,6.956],[2.563,6.752],[2.568,6.517],[2.486,6.341],[2.881,6.385],[3.116,6.377],[2.983,6.632],[2.863,6.766],[2.84,6.886],[2.73,6.977]]]},"properties":{"id":"gun","name":"Gun","family":"Niger-Congo","glottocode":"egba1238","language":"Egba","group":"Yoruba","ea":"Af32","lat":6.611319,"lon":2.760478}},
{"type":"Feature","geometry":{"type":"Polygon","coordinates":[[[28.124,0.84],[27.882,0.815],[27.797,0.711],[27.621,0.376],[27.411,0.212],[27.298,0.178],[27.099,0.201],[26.81,0.337],[26.622,0.462],[26.265,0.62],[26.22,0.774],[26.12,0.907],[25.743,0.94],[25.708,0.992],[25.34,0.693],[25.353,0.507],[25.29,0.297],[25.314,0.118],[25.428,-0.126],[25.581,-0.194],[25.819,-0.545],[26.125,-0.665],[26.211,-0.738],[26.267,-0.926],[26.243,-1.301],[26.362,-1.404],[26.492,-1.847],[26.674,-2.074],[26.815,-2.108],[27.101,-2.041],[27.127,-1.526],[27.258,-1.333],[27.428,-1.356],[27.627,-1.441],[27.82,-1.429],[27.95,-1.274],[27.91,-1.225],[27.905,-0.89],[27.944,-0.72],[28.103,-0.414],[28.217,-0.307],[28.177,-0.102],[28.12,0.528],[28.124,0.84]]]},"properties":{"id":"kumu","name":"Kumu","family":"Niger-Congo","glottocode":"komo1260","language":"Komo (Democratic Republic of Congo)","group":"Babwa-Bira","ea":"Ae32","lat":-0.392639,"lon":26.8204}},
{"type":"Feature","geometry":{"type":"Polygon","coordinates":[[[-4.666,6.299],[-4.673,6.018],[-4.417,5.961],[-4.197,5.704],[-4.026,5.683],[-3.942,5.919],[-3.954,6.109],[-4.075,6.375],[-4.441,6.287],[-4.666,6.299]]]},"properties":{"id":"abe","name":"Abe","family":"Niger-Congo","glottocode":"anyi1245","language":"Anyin","group":"Akan","ea":"Af39","lat":6.069531,"lon":-4.26032}},
{"type":"Feature","geometry":{"type":"Polygon","coordinates":[[[31.057,-15.99],[31.269,-15.997],[31.571,-16.098],[32.37,-16.165],[32.656,-16.291],[33.043,-16.728],[33.279,-16.829],[33.607,-16.779],[33.894,-16.534],[33.747,-16.136],[33.545,-16.07],[33.173,-15.843],[32.713,-15.717],[32.372,-15.478],[32.259,-15.301],[32.208,-15.118],[32.202,-14.639],[32.158,-14.21],[32.206,-13.843],[31.81,-13.664],[31.607,-13.509],[31.547,-13.598],[31.306,-13.692],[31.249,-13.93],[31.44,-14.11],[31.558,-14.379],[31.558,-14.615],[31.474,-14.691],[31.112,-14.792],[30.809,-14.943],[30.465,-15.204],[30.347,-15.338],[30.28,-15.603],[30.36,-15.668],[30.907,-15.945],[31.057,-15.99]]]},"properties":{"id":"kunda","name":"Kunda","family":"Niger-Congo","glottocode":"kund1255","language":"Chikunda","group":"Maravi","ea":"Ac37","lat":-15.3998,"lon":31.9518}},
{"type":"Feature","geometry":{"type":"Polygon","coordinates":[[[9.16,5.327],[8.977,5.158],[8.817,5.148],[8.723,4.979],[8.727,4.978],[8.787,4.876],[8.764,4.784],[8.713,4.664],[8.701,4.636],[8.779,4.542],[8.899,4.588],[8.942,4.258],[8.989,4.298],[9.194,4.47],[9.309,4.536],[9.314,4.539],[9.435,4.545],[9.559,4.756],[9.568,5.024],[9.423,5.265],[9.16,5.327]]]},"properties":{"id":"kundu","name":"Kundu","family":"Niger-Congo","glottocode":"orok1266","language":"Oroko","group":"Biafra Coast","ea":"Ae45","lat":4.847071,"lon":9.147606}},
{"type":"Feature","geometry":{"type":"Polygon","coordinates":[[[40.956,-1.742],[41.046,-1.645],[41.228,-1.508],[41.385,-1.391],[41.41,-1.371],[41.437,-1.34],[41.565,-1.189],[41.747,-0.998],[41.911,-0.779],[41.931,-0.75],[42.011,-0.63],[41.96,-0.607],[41.833,-0.589],[41.542,-0.625],[41.068,-0.88],[40.594,-1.19],[40.298,-1.304],[40.303,-1.636],[40.385,-2.064],[40.43,-2.12],[40.456,-2.096],[40.467,-2.086],[40.525,-2.062],[40.594,-2.032],[40.684,-1.972],[40.729,-1.942],[40.731,-1.941],[40.856,-1.972],[40.958,-2.024],[40.91,-1.881],[40.937,-1.763],[40.956,-1.742]]]},"properties":{"id":"boni","name":"Boni","family":"Niger-Congo","glottocode":"poko1261","language":"Pokomo","group":"Nyika","ea":"Ad33","lat":-1.30593,"lon":41.0173}},
{"type":"Feature","geometry":{"type":"Polygon","coordinates":[[[19.19,-22.663],[19.367,-22.658],[19.669,-22.765],[19.728,-22.565],[20.039,-22.33],[20.275,-22.212],[20.561,-22.018],[20.821,-21.716],[20.99,-21.463],[21.192,-20.854],[21.242,-20.442],[21.249,-20.192],[21.309,-19.467],[21.368,-19.349],[21.56,-18.723],[21.25,-18.668],[21.074,-18.592],[20.754,-18.382],[20.535,-18.156],[20.451,-18.118],[20.006,-18.118],[19.543,-18.143],[19.308,-18.135],[19.119,-18.081],[19.064,-18.214],[19.013,-18.61],[18.996,-19.468],[19.013,-20.006],[19.097,-20.704],[19.232,-21.318],[19.299,-21.444],[19.291,-22.15],[19.19,-22.663]]]},"properties":{"id":"kung","name":"Kung","family":"Khoisan","glottocode":"juho1239","language":"South-Eastern Ju","group":"Bushmen","ea":"Aa1","lat":-20.1282,"lon":20.1037}},
{"type":"Feature","geometry":{"type":"Polygon","coordinates":[[[-0.101,23.598],[-0.694,23.481],[-1.513,23.425],[-2.237,23.335],[-2.349,22.311],[-2.477,21.749],[-2.615,20.34],[-2.694,19.65],[-2.832,18.871],[-2.901,18.15],[-2.852,17.874],[-2.777,17.688],[-2.181,17.816],[-1.806,17.836],[-0.764,17.853],[-0.672,17.856],[-0.248,18.013],[0.413,18.23],[0.995,18.566],[1.122,18.673],[1.084,18.97],[1.093,19.305],[1.182,19.562],[1.202,20.647],[1.143,21.14],[1.094,21.919],[1.03,21.916],[0.572,22.224],[0.392,22.426],[0.213,22.706],[0.033,23.357],[-0.101,23.598]]]},"properties":{"id":"kunta","name":"Kunta","family":"Afro-Asiatic","glottocode":"hass1238","language":"Hassaniyya","group":"Arabs, Bedoin","ea":"Cc18","lat":20.4878,"lon":-0.862211}},
{"type":"Feature","geometry":{"type":"Polygon","coordinates":[[[20.174,-4.155],[20.503,-4.217],[20.706,-4.225],[20.809,-4.159],[21.048,-4.107],[21.327,-4.107],[21.76,-4.01],[22.012,-3.909],[22.269,-3.049],[22.17,-2.824],[21.858,-2.641],[21.438,-2.55],[21.095,-2.699],[21.03,-2.622],[20.94,-2.272],[20.862,-2.22],[20.571,-2.22],[20.305,-2.143],[20.131,-1.987],[20.111,-1.819],[19.929,-1.735],[19.846,-1.793],[19.749,-2.071],[19.749,-2.272],[19.801,-2.46],[19.975,-2.686],[20.014,-2.835],[19.982,-3.566],[19.943,-4.002],[20.18,-4.055],[20.174,-4.155]]]},"properties":{"id":"kutshu","name":"Kutshu","family":"Niger-Congo","glottocode":"kusu1252","language":"Kusu","group":"Mongo","ea":"Ae22","lat":-3.17508,"lon":20.9045}},
{"type":"Feature","geometry":{"type":"Polygon","coordinates":[[[38.333,-6.763],[38.385,-6.763],[38.386,-6.763],[38.391,-6.763],[38.555,-6.644],[38.561,-6.642],[38.737,-6.571],[38.782,-6.453],[38.773,-6.335],[38.709,-6.234],[38.7,-6.159],[38.691,-6.089],[38.691,-5.925],[38.703,-5.873],[38.708,-5.851],[38.706,-5.852],[38.702,-5.852],[38.649,-5.86],[38.58,-5.894],[38.458,-5.894],[38.164,-5.996],[38.115,-5.973],[38.007,-6.324],[38.007,-6.502],[38.287,-6.673],[38.314,-6.714],[38.333,-6.763]]]},"properties":{"id":"kwere","name":"Kwere","family":"Niger-Congo","glottocode":"kwer1261","language":"Kwere","group":"Luguru-Zigula","ea":"Ad27","lat":-6.30313,"lon":38.3998}},
{"type":"Feature","geometry":{"type":"Polygon","coordinates":[[[36.514,-5.343],[36.53,-5.258],[36.396,-4.773],[36.165,-4.823],[35.919,-4.951],[36.061,-5.411],[36.514,-5.343]]]},"properties":{"id":"burungi","name":"Burungi","family":"Khoisan","glottocode":"sand1273","language":"Sandawe","group":"Rift","ea":"Aa6","lat":-5.10301,"lon":36.2321}},
{"type":"Feature","geometry":{"type":"Polygon","coordinates":[[[33.563,2.8],[33.651,2.452],[34.136,2.473],[34.129,2.869],[33.628,2.868],[33.563,2.8]]]},"properties":{"id":"labwor","name":"Labwor","family":"Nilo-Saharan","glottocode":"dhop1238","language":"Dhopaluo","group":"Nilotes, Southern","ea":"Aj10","lat":2.666725,"lon":33.8685}},
{"type":"Feature","geometry":{"type":"Polygon","coordinates":[[[31.638,-13.447],[31.289,-13.141],[30.754,-12.848],[30.599,-12.58],[30.487,-12.46],[30.272,-12.356],[30.16,-12.201],[29.882,-12.134],[29.771,-12.278],[29.6,-12.417],[29.682,-12.684],[29.647,-12.891],[29.363,-13.003],[29.38,-13.149],[29.613,-13.149],[29.759,-13.227],[29.923,-13.598],[29.863,-13.779],[29.656,-13.891],[29.604,-13.977],[29.397,-14.106],[29.132,-14.596],[29.245,-14.831],[29.481,-14.856],[29.884,-14.722],[30.045,-14.848],[30.263,-14.758],[30.641,-14.337],[31.062,-14.085],[31.249,-13.93],[31.306,-13.692],[31.547,-13.598],[31.607,-13.509],[31.638,-13.447]]]},"properties":{"id":"lala","name":"Lala","family":"Niger-Congo","glottocode":"lala1264","language":"Lala-Bisa","group":"Bemba-Lamba","ea":"Ac33","lat":-13.588,"lon":30.277}},
{"type":"Feature","geometry":{"type":"Polygon","coordinates":[[[28,-11.049],[27.794,-11.14],[27.518,-11.08],[27.38,-10.899],[27.285,-10.684],[27.121,-10.623],[26.885,-10.646],[26.793,-10.891],[26.801,-11.034],[26.683,-11.202],[26.54,-11.244],[26.254,-11.395],[26.145,-11.631],[26.364,-11.782],[26.296,-12.001],[26.322,-12.068],[26.582,-12.119],[26.759,-12.211],[26.826,-12.337],[26.877,-12.716],[26.902,-13.334],[26.86,-13.662],[26.683,-13.797],[26.372,-13.78],[26.28,-13.847],[26.33,-14.015],[26.566,-14.083],[26.776,-14.259],[26.927,-14.444],[27.22,-14.57],[27.286,-14.251],[27.403,-13.889],[27.639,-13.746],[27.807,-13.755],[27.95,-13.839],[28.269,-13.83],[28.581,-13.881],[28.749,-14.066],[28.858,-14.31],[29.132,-14.596],[29.397,-14.106],[29.604,-13.977],[29.656,-13.891],[29.863,-13.779],[29.923,-13.598],[29.759,-13.227],[29.613,-13.149],[29.38,-13.149],[29.363,-13.003],[29.647,-12.891],[29.682,-12.684],[29.6,-12.417],[29.268,-12.434],[29.044,-12.416],[28.492,-12.115],[28.302,-12.063],[28.173,-11.934],[28.07,-11.649],[28,-11.049]]]},"properties":{"id":"lamba","name":"Lamba","family":"Niger-Congo","glottocode":"lamb1271","language":"Lamba","group":"Bemba-Lamba","ea":"Ac5","lat":-12.752,"lon":27.909}},
{"type":"Feature","geometry":{"type":"Polygon","coordinates":[[[32.322,2.205],[32.315,2.096],[32.332,1.937],[32.355,1.648],[32.353,1.645],[32.856,1.468],[33.002,1.455],[33.398,1.581],[33.393,1.839],[33.443,1.991],[33.645,2.382],[33.651,2.452],[33.563,2.8],[33.349,2.763],[32.991,2.744],[32.682,2.565],[32.322,2.205]]]},"properties":{"id":"lango","name":"Lango","family":"Nilo-Saharan","glottocode":"lang1324","language":"Lango (Uganda)","group":"Nilotes, Southern","ea":"Aj4","lat":2.123471,"lon":32.9866}},
{"type":"Feature","geometry":{"type":"Polygon","coordinates":[[[-0.89,10.532],[-0.667,10.584],[-0.395,10.552],[0.06,10.571],[0.109,10.602],[0.117,10.75],[0.205,10.97],[-0.151,11.003],[-0.347,11.054],[-0.779,11.221],[-1.011,10.75],[-0.89,10.532]]]},"properties":{"id":"gurensi","name":"Gurensi","family":"Niger-Congo","glottocode":"moss1236","language":"Mossi","group":"Mole","ea":"Ag47","lat":10.8225,"lon":-0.439132}},
{"type":"Feature","geometry":{"type":"Polygon","coordinates":[[[10.007,13.043],[10.042,12.895],[10.021,12.649],[10.422,12.56],[11.277,12.427],[11.555,12.705],[11.262,12.992],[11.144,13.051],[10.84,13.088],[10.078,13.125],[10.007,13.043]]]},"properties":{"id":"bede","name":"Bede","family":"Afro-Asiatic","glottocode":null,"language":"Bade","group":"Bornu","ea":"Cb19","lat":12.7969,"lon":10.7457}},
{"type":"Feature","geometry":{"type":"Polygon","coordinates":[[[20.104,-5.416],[20.141,-5.83],[20.367,-5.94],[20.503,-5.94],[20.618,-6.036],[20.84,-5.77],[20.942,-5.715],[20.885,-5.582],[21.066,-5.194],[21.086,-4.89],[20.995,-4.747],[20.769,-4.508],[20.685,-4.333],[20.706,-4.225],[20.503,-4.217],[20.174,-4.155],[20.122,-4.184],[20.032,-4.453],[20.085,-4.49],[20.156,-4.795],[20.059,-5.008],[20.104,-5.416]]]},"properties":{"id":"lele","name":"Lele","family":"Niger-Congo","glottocode":"lele1265","language":"Lele (Democratic Republic of Congo)","group":"Kasai","ea":"Ac23","lat":-5.07541,"lon":20.5209}},
{"type":"Feature","geometry":{"type":"Polygon","coordinates":[[[30.786,2.7],[30.527,2.684],[30.416,2.517],[30.428,2.377],[30.366,1.952],[30.301,1.833],[30.139,1.5],[29.923,1.307],[29.897,1.23],[30.002,1.154],[30.205,1.194],[30.324,1.268],[30.414,1.415],[30.545,1.574],[30.588,1.597],[30.886,1.878],[31.087,2.032],[30.95,2.24],[30.834,2.259],[30.737,2.409],[30.786,2.7]]]},"properties":{"id":"lendu","name":"Lendu","family":"Nilo-Saharan","glottocode":"lend1245","language":"Lendu","group":"Moru-Madi","ea":"Ai29","lat":1.919567,"lon":30.5248}},
{"type":"Feature","geometry":{"type":"Polygon","coordinates":[[[29.943,1.801],[29.866,1.895],[29.912,2.23],[29.891,2.317],[29.764,2.309],[29.203,2.4],[29.01,2.372],[28.682,2.461],[28.647,2.298],[28.487,1.872],[28.613,1.599],[28.76,1.526],[29.339,1.521],[29.418,1.68],[29.566,1.827],[29.639,1.833],[29.838,1.685],[29.943,1.801]]]},"properties":{"id":"lese","name":"Lese","family":"Nilo-Saharan","glottocode":"lese1243","language":"Lese","group":"Moru-Madi","ea":"Ai30","lat":1.982041,"lon":29.1716}},
{"type":"Feature","geometry":{"type":"Polygon","coordinates":[[[1.23,13.194],[1.065,13.44],[0.951,13.522],[0.742,13.579],[0.318,13.807],[0.097,14.205],[-0.206,14.382],[-0.283,14.326],[-0.674,14.333],[-0.725,14.037],[-0.581,13.805],[-0.486,13.565],[-0.29,13.356],[-0.094,13.223],[0.236,13.238],[0.508,13.32],[0.654,13.32],[0.963,13.13],[1.141,13.092],[1.23,13.194]]]},"properties":{"id":"liptako","name":"Liptako","family":"Niger-Congo","glottocode":"west2454","language":"Western Niger Fulfulde","group":"Fulani, Sedentary","ea":"Cb22","lat":13.7115,"lon":0.075917}},
{"type":"Feature","geometry":{"type":"Polygon","coordinates":[[[3.392,11.393],[3.45,11.078],[3.435,10.796],[3.457,10.522],[3.546,10.314],[3.82,10.24],[3.976,10.247],[4.169,10.196],[4.176,10.107],[4.043,9.855],[3.887,9.647],[4.008,9.387],[4.652,9.614],[4.956,9.985],[4.959,10.649],[4.915,10.737],[4.514,11.153],[4.243,11.299],[3.93,11.388],[3.576,11.481],[3.392,11.393]]]},"properties":{"id":"busa","name":"Busa","family":"Niger-Congo","glottocode":"nupe1254","language":"Nupe-Nupe-Tako","group":"Nupe-Idoma","ea":"Af8","lat":10.515,"lon":4.202384}},
{"type":"Feature","geometry":{"type":"Polygon","coordinates":[[[-3.551,10.77],[-3.532,10.331],[-3.556,10.212],[-3.663,10.106],[-3.916,9.963],[-3.861,9.533],[-3.562,9.417],[-3.194,9.387],[-2.857,9.414],[-2.992,10.147],[-3.063,10.313],[-2.974,10.486],[-3.081,10.759],[-3.264,10.878],[-3.551,10.77]]]},"properties":{"id":"lobi","name":"Lobi","family":"Niger-Congo","glottocode":"lobi1245","language":"Lobi","group":"Lobi","ea":"Ag11","lat":10.0141,"lon":-3.3421}},
{"type":"Feature","geometry":{"type":"Polygon","coordinates":[[[11.383,6.331],[11.844,6.476],[12.02,6.998],[11.934,7.213],[11.701,7.495],[11.509,7.472],[11.502,7.28],[11.365,6.708],[11.38,6.337],[11.383,6.331]]]},"properties":{"id":"mambila","name":"Mambila","family":"Niger-Congo","glottocode":"tige1238","language":"Tige","group":"Cameroon Highlands","ea":"Ae58","lat":6.896435,"lon":11.6692}},
{"type":"Feature","geometry":{"type":"Polygon","coordinates":[[[29.295,3.559],[29.388,3.29],[29.643,3.145],[29.827,2.898],[30.035,2.85],[30.136,2.591],[30.416,2.517],[30.527,2.684],[30.399,2.811],[30.37,3.024],[30.491,3.242],[30.578,3.295],[30.752,3.522],[30.85,3.756],[30.823,4.001],[30.673,3.885],[30.515,3.864],[30.405,3.96],[30.331,3.867],[30.21,3.858],[29.857,4.061],[29.568,3.99],[29.387,3.75],[29.295,3.559]]]},"properties":{"id":"logo","name":"Logo","family":"Nilo-Saharan","glottocode":"logo1259","language":"Logo","group":"Moru-Madi","ea":"Ai31","lat":3.428354,"lon":30.065}},
{"type":"Feature","geometry":{"type":"Polygon","coordinates":[[[24.328,1.195],[24.286,1.006],[24.177,0.944],[24.342,0.17],[24.456,0.212],[24.559,0.496],[24.621,0.575],[24.82,0.586],[25.137,0.359],[25.165,0.299],[25.29,0.297],[25.353,0.507],[25.34,0.693],[25.222,0.904],[25.103,1.017],[24.714,1.239],[24.328,1.195]]]},"properties":{"id":"lokele","name":"Lokele","family":"Niger-Congo","glottocode":"kele1255","language":"Kele-Foma","group":"Riverain Congo","ea":"Ae27","lat":0.758155,"lon":24.7359}},
{"type":"Feature","geometry":{"type":"Polygon","coordinates":[[[12.131,9.67],[12.131,10.181],[11.956,10.177],[11.837,9.922],[11.897,9.747],[11.824,9.642],[12.131,9.67]]]},"properties":{"id":"longuda","name":"Longuda","family":"Niger-Congo","glottocode":"long1389","language":"Longuda","group":"Chamba-Yungur","ea":"Ah30","lat":9.907108,"lon":12.0048}},
{"type":"Feature","geometry":{"type":"Polygon","coordinates":[[[0.205,10.97],[0.271,10.966],[0.254,11.132],[0.045,11.442],[-0.063,11.695],[-0.189,11.79],[-0.309,12.024],[-0.531,12.132],[-0.739,12.088],[-0.796,11.803],[-0.752,11.601],[-0.777,11.31],[-0.819,11.245],[-0.779,11.221],[-0.347,11.054],[-0.151,11.003],[0.205,10.97]]]},"properties":{"id":"busansi","name":"Busansi","family":"Niger-Congo","glottocode":"moss1236","language":"Mossi","group":"Mole","ea":"Ag47","lat":11.4997,"lon":-0.348563}},
{"type":"Feature","geometry":{"type":"Polygon","coordinates":[[[33.259,3.885],[33.227,4.076],[33.364,4.493],[33.294,4.828],[33.014,4.842],[32.795,5.033],[32.789,5.115],[32.495,5.115],[32.392,5.224],[32.376,5.34],[32.154,5.322],[32.107,4.786],[32.073,4.667],[32.243,4.493],[32.257,4.131],[32.494,3.978],[32.687,3.987],[32.892,3.803],[33.084,3.769],[33.259,3.885]]]},"properties":{"id":"lotuko","name":"Lotuko","family":"Nilo-Saharan","glottocode":"otuh1238","language":"Otuho","group":"Bari-Lotuko","ea":"Aj12","lat":4.521684,"lon":32.7121}},
{"type":"Feature","geometry":{"type":"Polygon","coordinates":[[[31.334,-24.636],[31.425,-24.278],[31.307,-24.034],[30.971,-23.975],[30.719,-23.774],[30.534,-23.524],[30.12,-23.566],[30.054,-23.798],[30.063,-23.991],[29.99,-24.358],[30.105,-24.709],[30.281,-24.961],[30.584,-24.902],[30.853,-24.709],[31.156,-24.616],[31.334,-24.636]]]},"properties":{"id":"lovedu","name":"Lovedu","family":"Niger-Congo","glottocode":"lobe1242","language":"Lobedu","group":"Shona-Thonga","ea":"Ab14","lat":-24.2622,"lon":30.6072}},
{"type":"Feature","geometry":{"type":"Polygon","coordinates":[[[23.744,-13.768],[23.295,-13.681],[23.047,-14.088],[22.98,-14.209],[22.778,-14.377],[22.635,-14.427],[22.243,-14.499],[22.276,-14.684],[22.503,-15.096],[22.604,-15.643],[22.89,-16.231],[23.269,-16.719],[23.521,-17.005],[23.583,-17.142],[24.066,-17.15],[24.088,-16.902],[23.962,-16.666],[23.869,-16.389],[23.878,-16.237],[24.012,-15.825],[23.995,-15.691],[24.105,-15.447],[24.248,-15.236],[24.189,-14.917],[23.878,-14.732],[23.583,-14.471],[23.567,-14.303],[23.609,-14.143],[23.755,-13.971],[23.744,-13.768]]]},"properties":{"id":"lozi","name":"Lozi","family":"Niger-Congo","glottocode":"lozi1239","language":"Lozi","group":"Barotseland","ea":"Ab3","lat":-15.3839,"lon":23.3402}},
{"type":"Feature","geometry":{"type":"Polygon","coordinates":[[[29.435,-9.549],[29.389,-9.402],[29.199,-9.2],[28.809,-8.95],[28.68,-9.112],[28.617,-9.294],[28.617,-9.685],[28.655,-9.925],[28.582,-10.21],[28.563,-10.815],[28.689,-10.934],[28.991,-10.909],[29.13,-10.821],[29.218,-10.607],[29.263,-10.159],[29.244,-9.743],[29.435,-9.549]]]},"properties":{"id":"luapula","name":"Luapula","family":"Niger-Congo","glottocode":"luun1238","language":"Luunda","group":"Bemba-Lamba","ea":"Ac34","lat":-9.97104,"lon":28.9305}},
{"type":"Feature","geometry":{"type":"Polygon","coordinates":[[[9.495,10.957],[9.462,11.407],[9.346,11.475],[8.947,11.328],[8.678,11.137],[8.68,10.95],[8.841,10.866],[9.29,10.868],[9.495,10.957]]]},"properties":{"id":"butawa","name":"Butawa","family":"Afro-Asiatic","glottocode":"kano1249","language":"Kano","group":"Hausa","ea":"Cb1","lat":11.1274,"lon":9.114866}},
{"type":"Feature","geometry":{"type":"Polygon","coordinates":[[[27.02,-5.697],[26.73,-5.684],[26.484,-5.754],[25.873,-6.176],[25.497,-6.487],[25.106,-6.625],[24.608,-6.65],[24.053,-6.436],[23.917,-6.409],[23.777,-6.616],[23.508,-6.835],[23.32,-6.871],[23.24,-6.927],[23.131,-7.171],[23.137,-7.698],[23.4,-7.93],[23.602,-8.283],[23.619,-8.552],[23.581,-8.95],[23.812,-9],[24.014,-9.211],[24.081,-9.337],[24.081,-9.656],[24.027,-9.891],[24.552,-10.008],[24.779,-10.1],[25.057,-10.142],[25.292,-10.226],[25.536,-10.353],[25.603,-10.428],[26.204,-10.344],[26.742,-10.319],[26.755,-10.347],[26.815,-10.295],[26.928,-10.03],[27.269,-9.854],[27.403,-9.906],[27.616,-9.456],[27.735,-9.255],[28.101,-8.908],[28.457,-8.337],[28.348,-7.939],[28.122,-7.795],[27.845,-7.549],[27.423,-7.101],[27.013,-6.83],[26.887,-6.546],[26.887,-6.389],[27.02,-5.697]]]},"properties":{"id":"luba","name":"Luba","family":"Niger-Congo","glottocode":"luba1250","language":"Luba-Katanga","group":"Luba","ea":"Ae6","lat":-8.20646,"lon":25.7522}},
{"type":"Feature","geometry":{"type":"Polygon","coordinates":[[[15.44,9.293],[15.221,9.482],[15.091,9.345],[14.559,8.979],[14.544,8.893],[14.657,8.643],[14.878,8.599],[15.094,8.55],[15.297,8.772],[15.419,9.122],[15.44,9.293]]]},"properties":{"id":"dari","name":"Dari","family":"Nilo-Saharan","glottocode":"laka1254","language":"Laka (Chad)","group":"Adamawa","ea":"Ai13","lat":8.969625,"lon":15.025}},
{"type":"Feature","geometry":{"type":"Polygon","coordinates":[[[4.329,14.105],[4.188,14.229],[3.735,14.485],[3.273,14.627],[3.346,14.234],[3.678,14.01],[3.798,13.945],[4.148,13.597],[4.389,13.698],[4.329,14.105]]]},"properties":{"id":"kurfei","name":"Kurfei","family":"Afro-Asiatic","glottocode":"taya1257","language":"Tayart Tamajeq","group":"Tuareg","ea":"Cc10","lat":14.1334,"lon":3.860841}},
{"type":"Feature","geometry":{"type":"Polygon","coordinates":[[[18.692,-13.906],[18.828,-13.908],[19.443,-13.791],[19.615,-13.494],[19.775,-13.427],[20.002,-13.401],[20.456,-13.477],[20.911,-13.595],[21.255,-13.746],[21.592,-13.83],[22.134,-13.902],[22.068,-13.67],[21.916,-13.561],[21.496,-13.048],[21.075,-12.762],[20.89,-12.67],[20.689,-12.653],[20.52,-12.56],[20.167,-12.501],[19.991,-12.426],[19.646,-12.225],[19.452,-12.3],[19.309,-12.409],[18.99,-12.762],[18.889,-12.989],[18.847,-13.233],[18.754,-13.494],[18.679,-13.822],[18.692,-13.906]]]},"properties":{"id":"luchazi","name":"Luchazi","family":"Niger-Congo","glottocode":"luch1239","language":"Luchazi","group":"Lunda","ea":"Ac27","lat":-13.1495,"lon":20.1833}},
{"type":"Feature","geometry":{"type":"Polygon","coordinates":[[[31.094,2.896],[31.407,3.623],[31.266,3.731],[31.11,3.714],[30.85,3.756],[30.752,3.522],[30.578,3.295],[30.491,3.242],[30.37,3.024],[30.399,2.811],[30.527,2.684],[30.786,2.7],[30.999,2.787],[31.094,2.896]]]},"properties":{"id":"lugbara","name":"Lugbara","family":"Nilo-Saharan","glottocode":"lugb1240","language":"Lugbara","group":"Moru-Madi","ea":"Ai32","lat":3.203892,"lon":30.8706}},
{"type":"Feature","geometry":{"type":"Polygon","coordinates":[[[38.007,-6.502],[37.809,-6.584],[37.426,-6.905],[37.346,-6.912],[37.269,-7.304],[37.167,-7.522],[37.151,-7.705],[37.365,-7.755],[37.535,-7.85],[37.868,-7.933],[38,-7.939],[38.094,-7.925],[38.1,-7.924],[38.102,-7.902],[38.108,-7.837],[38.281,-7.691],[38.345,-7.582],[38.345,-7.427],[38.423,-7.369],[38.454,-7.345],[38.536,-7.236],[38.542,-7.193],[38.555,-7.1],[38.381,-6.945],[38.327,-6.808],[38.327,-6.763],[38.333,-6.763],[38.314,-6.714],[38.287,-6.673],[38.007,-6.502]]]},"properties":{"id":"luguru","name":"Luguru","family":"Niger-Congo","glottocode":"lugu1238","language":"Luguru","group":"Luguru-Zigula","ea":"Ad14","lat":-7.26561,"lon":37.8533}},
{"type":"Feature","geometry":{"type":"Polygon","coordinates":[[[20.317,-32.848],[20.128,-32.829],[19.742,-32.619],[19.683,-32.518],[19.678,-32.494],[19.649,-32.349],[19.683,-32.114],[19.682,-32.107],[19.649,-31.878],[19.637,-31.854],[19.548,-31.668],[19.456,-31.55],[19.102,-31.323],[18.984,-31.232],[18.959,-31.214],[18.842,-31.079],[18.59,-30.577],[18.219,-30.619],[18.128,-30.627],[17.9,-30.645],[17.5,-30.704],[17.49,-30.705],[17.612,-30.93],[17.885,-31.327],[18.221,-31.742],[18.349,-32.276],[18.292,-32.624],[18.132,-32.779],[17.925,-32.712],[17.876,-33.001],[18.116,-33.258],[18.159,-33.367],[18.31,-33.487],[18.489,-33.858],[18.38,-33.912],[18.322,-34.166],[18.521,-34.084],[18.76,-34.079],[18.854,-34.151],[18.818,-34.378],[19.083,-34.346],[19.301,-34.421],[19.389,-34.602],[19.635,-34.769],[20.06,-34.743],[20.554,-34.451],[20.832,-34.465],[20.889,-34.37],[21.063,-34.364],[21.295,-34.434],[21.528,-34.353],[21.722,-34.398],[22.115,-34.165],[22.154,-34.093],[22.471,-34.057],[22.604,-33.995],[22.959,-34.091],[23.356,-34.106],[23.397,-34.023],[23.653,-33.984],[24.386,-34.107],[24.483,-34.164],[24.801,-34.188],[24.92,-34.003],[25.164,-33.959],[25.627,-34.048],[25.68,-33.792],[25.869,-33.722],[26.058,-33.712],[26.3,-33.767],[26.531,-33.753],[26.732,-33.654],[26.862,-33.629],[26.923,-33.584],[26.941,-33.579],[26.956,-33.577],[26.815,-33.039],[26.815,-32.787],[26.817,-32.749],[26.822,-32.691],[26.823,-32.677],[26.591,-32.354],[26.589,-32.351],[26.587,-32.349],[26.394,-32.375],[26.167,-32.375],[26.1,-32.363],[25.923,-32.333],[25.671,-32.299],[25.637,-32.298],[25.385,-32.291],[25.166,-32.291],[24.283,-32.097],[24.039,-32.005],[23.761,-31.991],[23.703,-31.988],[23.366,-32.038],[23.106,-32.156],[22.937,-32.341],[22.82,-32.56],[22.7,-32.75],[22.677,-32.787],[22.653,-32.798],[22.483,-32.879],[22.197,-32.938],[22.09,-32.965],[21.928,-33.005],[21.659,-33.031],[21.289,-32.921],[20.7,-32.896],[20.381,-32.854],[20.317,-32.848]]]},"properties":{"id":"cape-hottentot","name":"Cape Hottentot","family":"Khoisan","glottocode":"xamm1241","language":"/Xam","group":"Bushmen","ea":"Aa8","lat":-33.0887,"lon":21.8982}},
{"type":"Feature","geometry":{"type":"Polygon","coordinates":[[[18.272,-11.769],[18.096,-11.71],[17.691,-11.087],[17.571,-10.967],[17.254,-10.792],[16.926,-10.836],[16.808,-10.899],[16.828,-11.109],[16.893,-11.317],[16.981,-11.448],[17.276,-11.699],[17.451,-12.027],[17.396,-12.257],[17.398,-12.743],[17.735,-12.946],[17.905,-12.987],[18.009,-12.793],[18.085,-12.793],[18.216,-12.487],[18.293,-12.224],[18.315,-11.907],[18.272,-11.769]]]},"properties":{"id":"luimbe","name":"Luimbe","family":"Niger-Congo","glottocode":"luim1238","language":"Luimbi","group":"Lunda","ea":"Ac28","lat":-11.8398,"lon":17.6261}},
{"type":"Feature","geometry":{"type":"Polygon","coordinates":[[[21.185,-6.71],[21.491,-6.557],[21.777,-6.347],[21.895,-6.431],[22.138,-6.49],[22.685,-6.498],[23.139,-6.683],[23.32,-6.871],[23.508,-6.835],[23.777,-6.616],[23.917,-6.409],[23.71,-6.002],[23.533,-5.8],[23.323,-5.506],[23.272,-5.22],[23.377,-4.883],[23.318,-4.838],[23.074,-5.006],[22.763,-5.084],[22.465,-4.993],[22.284,-5.084],[21.87,-5.226],[21.631,-5.44],[21.249,-5.524],[20.942,-5.715],[20.84,-5.77],[20.618,-6.036],[20.626,-6.134],[20.788,-6.4],[20.807,-6.501],[21.062,-6.587],[21.185,-6.71]]]},"properties":{"id":"lulua","name":"Lulua","family":"Niger-Congo","glottocode":"luba1249","language":"Luba-Lulua","group":"Luba","ea":"Ae16","lat":-5.93696,"lon":22.3521}},
{"type":"Feature","geometry":{"type":"Polygon","coordinates":[[[19.342,-6.697],[19.128,-6.55],[18.925,-6.323],[18.739,-6.272],[18.082,-6.227],[17.956,-6.667],[17.918,-6.875],[18.014,-7.124],[18.131,-7.234],[18.524,-7.523],[18.972,-7.243],[19.218,-7.01],[19.367,-6.777],[19.342,-6.697]]]},"properties":{"id":"luwa","name":"Luwa","family":"Niger-Congo","glottocode":"sond1250","language":"Sonde","group":"Lunda","ea":"Ac29","lat":-6.81631,"lon":18.5758}},
{"type":"Feature","geometry":{"type":"Polygon","coordinates":[[[34.969,-0.034],[34.919,0.231],[34.734,0.265],[34.648,0.351],[34.438,0.428],[34.199,0.39],[33.998,0.242],[33.967,0.05],[34.084,-0.156],[34.251,-0.254],[34.382,-0.234],[34.662,-0.11],[34.831,-0.315],[34.467,-0.341],[34.501,-0.478],[34.412,-0.528],[34.196,-0.423],[34.065,-0.556],[34.072,-0.799],[34.154,-0.899],[34.124,-1.008],[33.938,-1.187],[34.161,-1.245],[34.371,-1.207],[34.505,-0.968],[34.543,-0.671],[34.62,-0.528],[34.792,-0.423],[34.986,-0.415],[34.969,-0.034]]]},"properties":{"id":"luo","name":"Luo","family":"Nilo-Saharan","glottocode":"luok1236","language":"Luo (Kenya and Tanzania)","group":"Nilotes, Southern","ea":"Aj6","lat":-0.293843,"lon":34.418}},
{"type":"Feature","geometry":{"type":"Polygon","coordinates":[[[19.646,-12.225],[19.991,-12.426],[20.167,-12.501],[20.52,-12.56],[20.689,-12.653],[20.89,-12.67],[21.075,-12.762],[21.496,-13.048],[21.916,-13.561],[22.068,-13.67],[22.134,-13.902],[23.047,-14.088],[23.295,-13.681],[23.131,-13.422],[22.845,-13.128],[22.668,-12.842],[22.593,-12.649],[22.601,-12.329],[22.778,-11.934],[22.887,-11.791],[23.181,-11.665],[23.282,-11.564],[23.383,-11.068],[23.341,-10.925],[23.249,-10.849],[22.954,-11.025],[22.5,-11.143],[22.324,-11.16],[22.239,-11.084],[22.139,-10.809],[21.55,-11.051],[21.39,-11.168],[20.877,-11.395],[20.381,-11.538],[19.817,-11.942],[19.646,-12.225]]]},"properties":{"id":"luvale","name":"Luvale","family":"Niger-Congo","glottocode":"luva1239","language":"Luvale","group":"Lunda","ea":"Ac11","lat":-12.2644,"lon":21.8142}},
{"type":"Feature","geometry":{"type":"Polygon","coordinates":[[[37.014,-3.302],[37.31,-3.425],[37.499,-3.774],[37.83,-3.59],[37.783,-3.221],[37.801,-2.958],[37.625,-2.826],[37.493,-2.782],[37.001,-2.953],[37.014,-3.302]]]},"properties":{"id":"chaga","name":"Chaga","family":"Niger-Congo","glottocode":"moch1256","language":"Mochi","group":"Kenya Highlands","ea":"Ad3","lat":-3.21442,"lon":37.4542}},
{"type":"Feature","geometry":{"type":"Polygon","coordinates":[[[37.115,10.315],[36.882,10.384],[36.597,10.508],[36.214,10.336],[36.154,10.168],[35.94,10.101],[36.014,9.993],[36.143,9.528],[36.253,9.023],[36.387,8.66],[36.895,8.606],[37.127,8.463],[37.141,8.06],[37.193,7.804],[37.311,7.999],[37.475,8.176],[37.68,8.197],[37.801,8.164],[37.986,8.339],[38.056,8.401],[38.211,8.718],[38.138,9.194],[38.152,9.556],[38.2,9.672],[38.03,9.915],[37.784,10.106],[37.115,10.315]]]},"properties":{"id":"macha","name":"Macha","family":"Afro-Asiatic","glottocode":"west2721","language":"West Central Oromo","group":"Galla","ea":"Ca13","lat":9.33255,"lon":37.1598}},
{"type":"Feature","geometry":{"type":"Polygon","coordinates":[[[32.494,3.978],[32.257,4.131],[32.243,4.493],[32.073,4.667],[31.897,4.148],[31.902,4.001],[31.834,3.864],[31.407,3.623],[31.094,2.896],[31.137,2.853],[31.636,2.883],[31.806,3.188],[32.025,3.345],[32.209,3.42],[32.298,3.536],[32.494,3.978]]]},"properties":{"id":"madi","name":"Madi","family":"Nilo-Saharan","glottocode":"madi1260","language":"Ma'di","group":"Moru-Madi","ea":"Ai33","lat":3.610864,"lon":31.8333}},
{"type":"Feature","geometry":{"type":"Polygon","coordinates":[[[9.876,12.157],[9.458,12.189],[9.191,12.1],[8.863,11.923],[8.53,11.861],[8.179,11.9],[7.996,11.873],[7.929,11.778],[8.007,11.506],[8.678,11.137],[8.947,11.328],[9.346,11.475],[9.345,11.598],[9.449,11.795],[9.738,11.782],[9.89,11.811],[9.876,12.157]]]},"properties":{"id":"maguzawa","name":"Maguzawa","family":"Afro-Asiatic","glottocode":"kano1249","language":"Kano","group":"Hausa","ea":"Cb1","lat":11.7042,"lon":8.885692}},
{"type":"Feature","geometry":{"type":"Polygon","coordinates":[[[23.123,32.315],[23.1,32.637],[22.525,32.781],[22.356,32.877],[22.087,32.914],[21.621,32.934],[21.46,32.809],[21.063,32.773],[20.553,32.553],[20.314,32.395],[20.07,32.169],[19.958,31.994],[19.92,31.732],[20.025,31.716],[20.272,31.804],[20.656,32.09],[20.913,32.228],[21.396,32.406],[21.593,32.436],[21.919,32.347],[22.087,32.248],[22.461,32.11],[22.945,32.1],[23.093,32.209],[23.123,32.315]]]},"properties":{"id":"cyrenaicans","name":"Cyrenaicans","family":"Afro-Asiatic","glottocode":"liby1240","language":"Libyan Arabic","group":"Arabs, Bedoin","ea":"Cd20","lat":32.4328,"lon":21.6292}},
{"type":"Feature","geometry":{"type":"Polygon","coordinates":[[[-2.879,11.936],[-2.846,12.051],[-2.819,12.651],[-3.188,13.057],[-3.343,13.326],[-3.472,13.29],[-3.472,13.145],[-3.39,12.576],[-3.346,12.424],[-3.2,12.152],[-3.048,11.975],[-2.879,11.936]]]},"properties":{"id":"dafi","name":"Dafi","family":"Niger-Congo","glottocode":"nort2819","language":"Northern Bobo Madaré","group":"Habe","ea":"Ag30","lat":12.596,"lon":-3.13995}},
{"type":"Feature","geometry":{"type":"Polygon","coordinates":[[[9.955,-1.682],[9.925,-1.597],[9.916,-1.572],[9.875,-1.408],[9.903,-1.235],[9.907,-1.211],[10.014,-1.112],[10.068,-1.082],[10.146,-1.038],[10.408,-0.841],[10.507,-0.702],[10.556,-0.644],[10.553,-0.61],[10.548,-0.554],[10.523,-0.472],[10.491,-0.398],[10.417,-0.389],[10.313,-0.409],[10.203,-0.431],[9.905,-0.409],[9.858,-0.406],[9.31,-0.294],[9.298,-0.372],[9.099,-0.605],[9.002,-0.809],[8.868,-0.719],[8.808,-0.854],[9.031,-1.189],[9.017,-1.27],[9.169,-1.409],[9.304,-1.384],[9.236,-1.629],[9.257,-1.846],[9.485,-1.864],[9.518,-1.927],[9.526,-1.983],[9.957,-1.687],[9.955,-1.682]]]},"properties":{"id":"mpongwe","name":"Mpongwe","family":"Niger-Congo","glottocode":"myen1241","language":"Myene","group":"Biafra Coast","ea":"Ae46","lat":-0.986885,"lon":9.625584}},
{"type":"Feature","geometry":{"type":"Polygon","coordinates":[[[0.201,10.42],[0.109,10.602],[0.06,10.571],[-0.395,10.552],[-0.667,10.584],[-0.89,10.532],[-1.091,10.35],[-1.215,10.17],[-1.078,10.082],[-0.718,10.135],[-0.389,10.23],[-0.104,10.255],[0.012,10.22],[0.074,10.258],[0.201,10.42]]]},"properties":{"id":"mamprusi","name":"Mamprusi","family":"Niger-Congo","glottocode":"mamp1244","language":"Mampruli","group":"Mole","ea":"Ag46","lat":10.3616,"lon":-0.516261}},
{"type":"Feature","geometry":{"type":"Polygon","coordinates":[[[28.682,2.461],[29.01,2.372],[29.203,2.4],[29.764,2.309],[29.891,2.317],[30.136,2.591],[30.035,2.85],[29.827,2.898],[29.643,3.145],[29.388,3.29],[29.182,3.054],[28.984,2.957],[28.661,2.876],[28.598,2.628],[28.682,2.461]]]},"properties":{"id":"mamvu","name":"Mamvu","family":"Nilo-Saharan","glottocode":"mamv1243","language":"Mamvu","group":"Moru-Madi","ea":"Ai5","lat":2.714378,"lon":29.3843}},
{"type":"Feature","geometry":{"type":"Polygon","coordinates":[[[17.395,6.936],[17.198,6.507],[17.181,6.343],[17.487,6.065],[17.688,5.706],[17.875,5.241],[17.878,4.401],[18.338,4.421],[18.328,4.737],[18.385,4.874],[18.578,4.993],[18.861,5.106],[18.958,5.344],[18.93,5.469],[18.697,5.719],[18.532,5.838],[18.515,5.991],[18.663,6.042],[18.998,6.059],[19.168,6.161],[19.559,6.309],[19.644,6.49],[19.565,6.638],[19.378,6.814],[19.338,6.944],[19.185,7.007],[18.918,6.837],[18.493,6.797],[18.056,6.638],[17.84,6.661],[17.721,6.82],[17.395,6.936]]]},"properties":{"id":"mandja","name":"Mandja","family":"Niger-Congo","glottocode":"manz1243","language":"Manza","group":"Banda-Baya","ea":"Ai24","lat":5.956339,"lon":18.3248}},
{"type":"Feature","geometry":{"type":"Polygon","coordinates":[[[27.468,3.04],[27.613,2.842],[27.96,3.033],[28.161,3.197],[28.155,3.405],[28.031,3.746],[28.042,3.795],[27.94,3.848],[27.645,3.785],[27.486,3.797],[27.378,3.723],[27.435,3.576],[27.577,3.434],[27.582,3.201],[27.468,3.04]]]},"properties":{"id":"mangbetu","name":"Mangbetu","family":"Nilo-Saharan","glottocode":"nucl1420","language":"Nuclear Mangbetu","group":"Mangbetu","ea":"Ai11","lat":3.396726,"lon":27.795}},
{"type":"Feature","geometry":{"type":"Polygon","coordinates":[[[24.311,12.05],[24.364,11.947],[24.59,11.769],[24.726,11.756],[24.979,11.92],[25.521,12.134],[25.453,12.575],[25.35,12.814],[25.105,13.06],[25.036,13.08],[24.856,12.951],[24.603,12.61],[24.48,12.48],[24.311,12.05]]]},"properties":{"id":"dagu","name":"Dagu","family":"Nilo-Saharan","glottocode":"furr1244","language":"Fur","group":"Darfur","ea":"Cb17","lat":12.3693,"lon":24.9333}},
{"type":"Feature","geometry":{"type":"Polygon","coordinates":[[[34.699,8.293],[34.831,8.414],[35.019,8.442],[35.067,9.146],[35.04,9.289],[35.019,9.794],[34.754,9.84],[34.605,9.514],[34.469,8.824],[34.441,8.425],[34.699,8.293]]]},"properties":{"id":"mao","name":"Mao","family":"Afro-Asiatic","glottocode":"hozo1236","language":"Hozo","group":"Koma","ea":"Ai47","lat":9.025975,"lon":34.7788}},
{"type":"Feature","geometry":{"type":"Polygon","coordinates":[[[13.121,10.137],[13.237,10.34],[13.399,10.741],[13.618,11.05],[13.561,11.264],[13.03,11.193],[12.993,10.836],[12.943,10.601],[12.915,10.414],[12.939,10.196],[13.121,10.137]]]},"properties":{"id":"margi","name":"Margi","family":"Afro-Asiatic","glottocode":"marg1265","language":"Marghi Central","group":"Mandara Highlands","ea":"Ah5","lat":10.7779,"lon":13.2106}},
{"type":"Feature","geometry":{"type":"Polygon","coordinates":[[[15.734,10.729],[15.413,10.616],[15.397,10.463],[15.269,9.957],[15.264,9.847],[15.336,9.684],[15.221,9.482],[15.44,9.293],[15.929,9.321],[15.994,9.425],[16.101,9.909],[16.016,10.053],[15.734,10.729]]]},"properties":{"id":"masa","name":"Masa","family":"Afro-Asiatic","glottocode":"masa1322","language":"Masana","group":"Logone","ea":"Ai9","lat":9.929327,"lon":15.6569}},
{"type":"Feature","geometry":{"type":"Polygon","coordinates":[[[37.001,-2.953],[37.493,-2.782],[37.625,-2.826],[37.801,-2.958],[38,-2.734],[37.94,-2.614],[37.714,-2.43],[37.216,-2.177],[37.079,-2.047],[37.053,-1.878],[36.837,-1.782],[36.818,-1.687],[36.648,-1.321],[36.477,-1.132],[36.427,-0.659],[36.479,-0.42],[36.155,-0.205],[35.964,-0.285],[35.609,-0.313],[35.479,-0.631],[35.315,-0.827],[35.094,-0.928],[34.978,-0.928],[34.943,-1.337],[35.113,-1.564],[35.239,-1.867],[35.138,-2.207],[35.01,-2.472],[34.936,-2.762],[34.911,-3.183],[35.217,-3.411],[35.534,-3.239],[35.805,-2.999],[35.957,-3.024],[35.864,-3.354],[36.108,-3.604],[36.192,-3.944],[36.338,-4.272],[36.417,-4.577],[36.396,-4.773],[36.53,-5.258],[36.514,-5.343],[36.694,-5.759],[36.783,-5.843],[37.086,-5.93],[37.221,-5.856],[37.221,-5.798],[37.44,-5.368],[37.579,-5.04],[37.77,-5.006],[37.941,-5.252],[38.121,-5.137],[37.988,-4.901],[37.904,-4.646],[37.619,-4.395],[37.53,-4.095],[37.499,-3.774],[37.31,-3.425],[37.014,-3.302],[36.812,-3.362],[36.711,-3.343],[36.629,-3.16],[36.812,-2.958],[37.001,-2.953]],[[35.939,-2.33],[35.68,-2.302],[35.598,-2.118],[35.71,-1.984],[35.981,-2.008],[36.06,-2.164],[35.939,-2.33]]]},"properties":{"id":"masai","name":"Masai","family":"Nilo-Saharan","glottocode":"masa1300","language":"Masai","group":"Masai","ea":"Aj2","lat":-2.92126,"lon":36.417}},
{"type":"Feature","geometry":{"type":"Polygon","coordinates":[[[27.756,26.107],[27.815,25.816],[28.111,25.451],[28.456,25.215],[28.989,25.017],[29.704,24.901],[29.808,25.096],[29.906,25.412],[30.008,25.972],[29.003,26.294],[27.756,26.107]]]},"properties":{"id":"dakhla","name":"Dakhla","family":"Afro-Asiatic","glottocode":"said1239","language":"Saidi Arabic","group":"Arabs, Bedoin","ea":"Cd18","lat":25.653,"lon":28.9728}},
{"type":"Feature","geometry":{"type":"Polygon","coordinates":[[[14.19,10.89],[13.897,10.967],[13.618,11.05],[13.399,10.741],[13.534,10.67],[14.125,10.664],[14.19,10.89]]]},"properties":{"id":"matakam","name":"Matakam","family":"Afro-Asiatic","glottocode":"mafa1239","language":"Mafa","group":"Mandara Highlands","ea":"Ah7","lat":10.8208,"lon":13.7906}},
{"type":"Feature","geometry":{"type":"Polygon","coordinates":[[[19.033,-4.9],[18.927,-4.773],[18.752,-4.476],[18.487,-4.262],[18.183,-4.197],[17.749,-4.197],[17.27,-4.23],[17.202,-4.199],[17.108,-4.423],[17.29,-4.471],[17.451,-4.568],[17.613,-4.808],[17.639,-5.144],[17.769,-5.345],[17.891,-5.461],[18.132,-5.482],[18.189,-5.183],[18.28,-5.021],[18.442,-4.976],[18.636,-5.105],[18.642,-5.235],[18.471,-5.675],[18.623,-5.733],[18.817,-5.558],[18.942,-5.561],[19.101,-5.334],[19.033,-4.9]]]},"properties":{"id":"mbala","name":"Mbala","family":"Niger-Congo","glottocode":"mbal1257","language":"Mbala","group":"Lower Congo","ea":"Ac15","lat":-4.82061,"lon":18.2136}},
{"type":"Feature","geometry":{"type":"Polygon","coordinates":[[[36.192,-3.944],[36.108,-3.604],[35.864,-3.354],[35.78,-3.51],[35.648,-3.907],[35.626,-4.065],[36.192,-3.944]]]},"properties":{"id":"mbugwe","name":"Mbugwe","family":"Niger-Congo","glottocode":"mbug1242","language":"Mbugwe","group":"Rift","ea":"Ad5","lat":-3.755,"lon":35.9038}},
{"type":"Feature","geometry":{"type":"Polygon","coordinates":[[[19.119,-18.081],[19.308,-18.135],[19.543,-18.143],[20.006,-18.118],[20.451,-18.118],[20.535,-18.156],[20.636,-17.916],[20.67,-17.664],[20.594,-17.495],[20.081,-17.058],[19.93,-16.898],[19.77,-16.496],[19.72,-16.427],[19.274,-16.234],[18.996,-16.192],[18.467,-16.175],[17.903,-16.234],[17.538,-16.338],[17.56,-16.357],[17.801,-17.013],[17.812,-17.286],[17.864,-17.566],[18.248,-17.706],[18.946,-18.034],[19.119,-18.081]]]},"properties":{"id":"kwangare","name":"Kwangare","family":"Niger-Congo","glottocode":null,"language":"Kwangali","group":"Bushmen","ea":"Aa1","lat":-17.1742,"lon":19.0773}},
{"type":"Feature","geometry":{"type":"Polygon","coordinates":[[[14.878,8.599],[14.755,8.22],[14.719,7.99],[14.561,7.827],[14.341,7.755],[14.029,7.709],[13.641,7.714],[13.365,7.76],[13.237,7.821],[13.041,7.743],[13.075,7.505],[13.041,7.408],[12.876,7.431],[12.811,7.336],[12.612,7.321],[12.449,7.367],[12.422,7.488],[12.235,7.493],[12.19,7.42],[12.246,7.102],[12.315,6.989],[12.576,6.841],[12.791,6.83],[13.444,6.898],[13.625,6.966],[14.028,7.176],[14.296,7.263],[14.401,7.433],[14.658,7.491],[14.826,7.471],[15.025,7.817],[15.092,8.241],[15.094,8.55],[14.878,8.599]]]},"properties":{"id":"mbum","name":"Mbum","family":"Niger-Congo","glottocode":"mbum1254","language":"Mbum","group":"Adamawa","ea":"Ai14","lat":7.45819,"lon":13.6731}},
{"type":"Feature","geometry":{"type":"Polygon","coordinates":[[[14.544,8.893],[14.424,8.955],[14.213,9.172],[14.135,9.178],[13.996,8.994],[14.052,8.783],[14.216,8.518],[14.535,8.577],[14.657,8.643],[14.544,8.893]]]},"properties":{"id":"dama","name":"Dama","family":"Niger-Congo","glottocode":"nort2775","language":"Northwest Gbaya","group":"Banda-Baya","ea":"Ai7","lat":8.821471,"lon":14.2867}},
{"type":"Feature","geometry":{"type":"Polygon","coordinates":[[[16.808,-10.899],[16.707,-10.781],[16.554,-10.759],[16.423,-10.661],[16.101,-10.618],[16.095,-10.661],[15.286,-10.825],[15.166,-10.934],[15.024,-11.164],[14.805,-11.35],[14.718,-11.35],[14.521,-11.656],[14.434,-12.095],[14.51,-12.432],[14.51,-12.596],[14.433,-12.946],[14.324,-13.274],[14.378,-13.954],[14.543,-13.995],[15.199,-14.05],[15.439,-14.116],[15.647,-14.225],[16.237,-13.93],[16.543,-13.503],[16.784,-13.285],[17.232,-12.815],[17.398,-12.743],[17.396,-12.257],[17.451,-12.027],[17.276,-11.699],[16.981,-11.448],[16.893,-11.317],[16.828,-11.109],[16.808,-10.899]]]},"properties":{"id":"mbundu","name":"Mbundu","family":"Niger-Congo","glottocode":"umbu1257","language":"Umbundu","group":"Western Angola","ea":"Ab5","lat":-12.4178,"lon":15.7926}},
{"type":"Feature","geometry":{"type":"Polygon","coordinates":[[[31.345,12.557],[31.707,12.411],[31.895,12.448],[31.795,12.786],[31.775,12.991],[31.803,13.272],[31.726,13.329],[31.309,13.513],[31.077,13.773],[30.77,13.793],[30.141,13.629],[29.188,13.384],[29.185,12.985],[29.123,12.521],[29.023,12.319],[29.122,12.154],[29.356,12.241],[29.774,12.293],[29.888,12.35],[30.326,12.746],[30.626,12.972],[30.817,13.054],[31.036,12.985],[31.345,12.557]]]},"properties":{"id":"bederia","name":"Bederia","family":"Nilo-Saharan","glottocode":"dill1242","language":"Dilling","group":"Nubians","ea":"Ai8","lat":13.0404,"lon":30.3741}},
{"type":"Feature","geometry":{"type":"Polygon","coordinates":[[[34.346,10.898],[34.093,10.962],[33.861,11.215],[33.717,11.235],[33.54,11.153],[33.245,11.147],[33.171,10.959],[33.13,10.57],[33.055,10.379],[32.829,9.955],[32.815,9.484],[33.157,9.491],[33.472,9.457],[33.831,9.527],[34.134,9.798],[34.161,9.989],[34.004,10.14],[33.95,10.324],[34.004,10.433],[34.196,10.522],[34.353,10.522],[34.346,10.898]]]},"properties":{"id":"meban","name":"Meban","family":"Nilo-Saharan","glottocode":"maba1273","language":"Mabaan","group":"Fung","ea":"Ai45","lat":10.2922,"lon":33.558}},
{"type":"Feature","geometry":{"type":"Polygon","coordinates":[[[-11.204,8.577],[-11.293,8.555],[-11.863,8.273],[-11.921,8.263],[-11.977,8.253],[-12.096,8.242],[-12.248,8.228],[-12.351,8.221],[-12.531,8.208],[-12.523,8.167],[-12.494,8.122],[-12.482,8.104],[-12.422,8.038],[-12.269,7.948],[-12.216,7.926],[-12.185,7.913],[-12.119,7.893],[-12.106,7.878],[-12.095,7.866],[-12.092,7.854],[-12.082,7.819],[-12.086,7.72],[-12.076,7.693],[-12.066,7.667],[-11.679,7.483],[-11.642,7.438],[-11.579,7.349],[-11.576,7.346],[-11.311,7.236],[-11.144,7.387],[-10.795,7.479],[-10.646,7.629],[-10.439,7.524],[-10.233,7.661],[-10.095,7.935],[-10.055,8.205],[-10.264,8.372],[-10.492,8.381],[-10.607,8.323],[-10.745,8.422],[-10.925,8.422],[-11.072,8.489],[-11.133,8.544],[-11.185,8.577],[-11.204,8.577]]]},"properties":{"id":"mende","name":"Mende","family":"Niger-Congo","glottocode":"mend1266","language":"Mende (Sierra Leone)","group":"Mende-Temne","ea":"Af5","lat":7.951305,"lon":-11.1817}},
{"type":"Feature","geometry":{"type":"Polygon","coordinates":[[[47.515,-20.162],[47.708,-19.72],[47.838,-19.239],[48.002,-18.37],[48.134,-17.682],[48.143,-17.479],[48.217,-17.248],[48.254,-16.97],[48.345,-16.543],[48.123,-16.334],[47.699,-16.442],[47.264,-16.47],[47.044,-16.5],[46.858,-16.526],[46.735,-16.615],[46.617,-16.701],[46.437,-16.813],[46.201,-16.96],[45.97,-17.21],[45.943,-17.28],[45.85,-17.524],[45.822,-17.792],[45.822,-18.199],[45.85,-18.559],[45.857,-18.679],[45.868,-18.892],[45.871,-18.995],[45.878,-19.234],[45.868,-19.478],[45.859,-19.706],[45.868,-20.048],[45.885,-20.122],[45.902,-20.199],[46.118,-20.265],[46.349,-20.256],[46.756,-20.311],[46.922,-20.385],[47.135,-20.348],[47.515,-20.162]]]},"properties":{"id":"merina","name":"Merina","family":"Austronesian","glottocode":"meri1243","language":"Merina Malagasy","group":"Yao-Makonde","ea":"Ac42","lat":-18.3282,"lon":46.979}},
{"type":"Feature","geometry":{"type":"Polygon","coordinates":[[[38.862,0.194],[38.691,0.291],[38.206,0.633],[38.056,0.66],[37.804,0.623],[37.523,0.162],[37.414,-0.063],[37.619,-0.603],[37.693,-0.704],[38.172,-0.388],[38.459,-0.394],[38.769,-0.333],[38.811,-0.3],[38.844,-0.047],[38.862,0.194]]]},"properties":{"id":"meru","name":"Meru","family":"Niger-Congo","glottocode":"meru1245","language":"Meru","group":"Kenya Highlands","ea":"Ad35","lat":0.016661,"lon":38.1044}},
{"type":"Feature","geometry":{"type":"Polygon","coordinates":[[[29.826,10.387],[29.801,10.489],[29.555,10.892],[29.439,10.994],[29.138,11.384],[29.062,11.587],[29.022,11.711],[29.043,11.944],[29.122,12.154],[29.023,12.319],[28.67,12.158],[28.24,12.042],[27.187,11.938],[27.207,11.732],[27.173,10.878],[27.119,10.351],[27.344,10.298],[28.163,10.298],[28.798,10.236],[29.352,10.113],[29.625,10.202],[29.826,10.387]]]},"properties":{"id":"messiria","name":"Messiria","family":"Afro-Asiatic","glottocode":null,"language":"Sudanese Arabic","group":"Nilotes, Northern","ea":"Aj11","lat":11.0866,"lon":28.3422}},
{"type":"Feature","geometry":{"type":"Polygon","coordinates":[[[27.09,15.057],[27.217,15.344],[27.139,15.611],[27,15.857],[26.862,15.964],[26.512,15.878],[26.218,15.659],[26.143,15.57],[26.02,15.284],[26.033,15.052],[26.238,14.922],[26.689,14.874],[27.09,15.057]]]},"properties":{"id":"midobi","name":"Midobi","family":"Nilo-Saharan","glottocode":null,"language":"Midob","group":"Arabs, Bedoin","ea":"Cc6","lat":15.3768,"lon":26.6241}},
{"type":"Feature","geometry":{"type":"Polygon","coordinates":[[[24.476,-1.269],[24.622,-1.635],[24.758,-1.754],[25.022,-1.769],[25.121,-1.601],[25.331,-1.561],[25.598,-1.448],[25.717,-1.277],[25.717,-1.016],[25.501,-0.738],[25.275,-0.704],[24.957,-0.784],[24.653,-0.897],[24.476,-1.269]]]},"properties":{"id":"mituku","name":"Mituku","family":"Niger-Congo","glottocode":"yela1238","language":"Yela-Kela","group":"Mongo","ea":"Ae21","lat":-1.21236,"lon":25.1033}},
{"type":"Feature","geometry":{"type":"Polygon","coordinates":[[[-5.021,10.906],[-4.981,11.097],[-4.916,11.163],[-4.672,11.216],[-4.505,11.211],[-4.442,11.437],[-4.484,11.656],[-4.417,11.952],[-4.434,12.238],[-4.349,12.652],[-4.604,13.144],[-5.313,13.062],[-5.471,13.011],[-5.642,12.866],[-5.686,12.752],[-5.718,12.404],[-5.806,12.322],[-6.009,12.258],[-6.116,12.145],[-6.104,11.986],[-5.933,11.771],[-5.939,11.594],[-6.066,11.158],[-6.338,11.056],[-6.452,10.93],[-6.439,10.784],[-6.205,10.747],[-6.078,10.658],[-6.119,10.482],[-5.961,10.331],[-5.682,10.284],[-5.343,10.402],[-5.199,10.489],[-5.201,10.806],[-5.021,10.906]]]},"properties":{"id":"minianka","name":"Minianka","family":"Niger-Congo","glottocode":"mama1271","language":"Mamara Senoufo","group":"Senufo","ea":"Ag31","lat":11.7585,"lon":-5.29926}},
{"type":"Feature","geometry":{"type":"Polygon","coordinates":[[[-0.674,14.333],[-0.736,14.452],[-0.932,14.579],[-1.071,14.61],[-1.412,14.553],[-1.479,14.511],[-1.267,13.946],[-1.233,13.899],[-0.725,14.037],[-0.674,14.333]]]},"properties":{"id":"deforo","name":"Deforo","family":"Niger-Congo","glottocode":"moss1236","language":"Mossi","group":"Mole","ea":"Ag47","lat":14.2809,"lon":-1.0628}},
{"type":"Feature","geometry":{"type":"Polygon","coordinates":[[[6.874,7.863],[6.764,7.346],[6.811,7.294],[6.891,7.311],[7.273,7.674],[7.168,7.785],[6.874,7.863]]]},"properties":{"id":"nge","name":"Nge","family":"Niger-Congo","glottocode":"igal1242","language":"Igala","group":"Nupe-Idoma","ea":"Af30","lat":7.592257,"lon":6.981399}},
{"type":"Feature","geometry":{"type":"Polygon","coordinates":[[[0.789,10.376],[0.861,10.757],[0.531,10.941],[0.271,10.966],[0.205,10.97],[0.117,10.75],[0.109,10.602],[0.201,10.42],[0.332,10.394],[0.789,10.376]]]},"properties":{"id":"moba","name":"Moba","family":"Niger-Congo","glottocode":"moba1244","language":"Moba","group":"Borgu-Mango","ea":"Ag50","lat":10.6612,"lon":0.469578}},
{"type":"Feature","geometry":{"type":"Polygon","coordinates":[[[20.108,15.917],[20.887,15.67],[21.43,15.591],[22.207,15.571],[22.722,15.926],[23.018,16.005],[23.619,16.124],[24.152,16.331],[24.734,16.587],[25.434,16.715],[26.202,16.784],[26.645,16.745],[26.872,16.752],[26.971,16.755],[27.139,16.863],[27.454,17.396],[27.661,18.284],[27.755,18.917],[27.669,18.981],[27.61,19.198],[27.6,19.445],[27.699,19.819],[27.788,20.293],[27.876,21.092],[27.926,21.338],[28.036,21.61],[27.874,21.721],[27.726,21.928],[27.411,22.224],[27.164,22.352],[26.444,22.628],[26.129,22.707],[25.497,22.796],[25.093,22.836],[24.619,22.914],[24.245,23.033],[24.194,23.091],[21.587,22.627],[21.584,22.635],[21.509,22.484],[21.203,22.12],[20.719,21.36],[20.355,20.719],[20.187,20.364],[20.059,20.028],[19.861,19.703],[19.733,19.575],[19.348,19.335],[19.102,19.118],[19.018,18.918],[19.378,18.714],[19.635,18.497],[19.93,17.944],[20.049,17.396],[20.059,16.824],[20.108,16.153],[20.108,15.917]]]},"properties":{"id":"bideyat","name":"Bideyat","family":"Nilo-Saharan","glottocode":"teda1241","language":"Tedaga","group":"Teda","ea":"Cc2","lat":19.3954,"lon":23.7322}},
{"type":"Feature","geometry":{"type":"Polygon","coordinates":[[[32.133,5.369],[32.133,5.495],[32.207,5.913],[31.894,6.02],[31.641,6.061],[31.19,6.225],[31,6.314],[30.816,6.348],[30.611,6.293],[30.571,6.233],[30.603,6.177],[30.547,5.907],[30.808,5.801],[31.016,5.671],[31.361,5.562],[31.576,5.461],[31.853,5.371],[32.133,5.369]]]},"properties":{"id":"mondari","name":"Mondari","family":"Nilo-Saharan","glottocode":"mand1425","language":"Mandari","group":"Bari-Lotuko","ea":"Aj16","lat":5.855648,"lon":31.3936}},
{"type":"Feature","geometry":{"type":"Polygon","coordinates":[[[22.296,0.24],[22.364,0.337],[22.347,0.479],[21.99,0.632],[21.831,0.643],[21.734,0.728],[21.751,0.836],[22.2,1.227],[22.518,1.338],[22.54,1.488],[22.682,1.911],[22.108,1.939],[22.092,1.832],[21.984,1.735],[21.604,1.684],[20.974,1.531],[20.588,1.293],[20.35,1.105],[20.214,1.122],[20.14,1.208],[20,1.505],[19.547,1.378],[19.363,1.199],[19.319,0.922],[19.392,0.684],[19.681,0.671],[20.257,0.49],[20.497,0.25],[20.59,0.046],[21.008,0.144],[21.309,0.161],[21.95,0.127],[22.239,0.184],[22.296,0.24]]]},"properties":{"id":"mongo","name":"Mongo","family":"Niger-Congo","glottocode":"long1393","language":"Longo (Democratic Republic of Congo)","group":"Mongo","ea":"Ae24","lat":0.940085,"lon":21.0872}},
{"type":"Feature","geometry":{"type":"Polygon","coordinates":[[[-4.759,33.764],[-4.59,33.932],[-5.046,34.221],[-5.459,34.337],[-5.827,34.346],[-5.953,34.436],[-5.98,34.598],[-5.908,35.011],[-5.733,35.813],[-5.932,35.777],[-6.032,35.476],[-6.279,34.907],[-6.535,34.45],[-6.799,34.058],[-7.031,33.872],[-7.4,33.725],[-7.536,33.627],[-8.519,33.27],[-8.615,33.134],[-8.892,32.86],[-9.276,32.558],[-9.265,32.227],[-9.353,32.038],[-9.626,31.776],[-9.828,31.428],[-9.811,31.271],[-9.025,31.236],[-8.307,31.244],[-7.941,31.229],[-7.654,31.294],[-7.215,31.545],[-6.777,32.005],[-6.411,32.506],[-6.384,32.658],[-6.492,32.838],[-6.977,33.368],[-7.013,33.484],[-6.905,33.655],[-6.591,33.969],[-6.402,34.068],[-6.043,34.122],[-5.872,34.059],[-5.549,33.844],[-5.343,33.772],[-4.759,33.764]]]},"properties":{"id":"moroccans","name":"Moroccans","family":"Afro-Asiatic","glottocode":"sout3117","language":"Southern Morocco Arabic","group":"Arabs, Littoral North Africa","ea":"Cd16","lat":32.745,"lon":-7.57882}},
{"type":"Feature","geometry":{"type":"Polygon","coordinates":[[[17.194,10.707],[17.469,10.656],[17.629,10.822],[17.623,11.149],[17.493,11.556],[17.341,11.658],[17.037,11.599],[16.913,11.544],[16.809,11.34],[16.901,11.112],[16.981,11.057],[17.194,10.707]]]},"properties":{"id":"dekakiri","name":"Dekakiri","family":"Nilo-Saharan","glottocode":"bagi1246","language":"Bagirmi","group":"Bagirmi-Sara","ea":"Ai21","lat":11.1775,"lon":17.2645}},
{"type":"Feature","geometry":{"type":"Polygon","coordinates":[[[38.479,-10.494],[38.481,-10.459],[38.464,-10.333],[38.462,-10.309],[38.456,-10.232],[38.473,-10.123],[38.624,-9.66],[38.632,-9.19],[38.708,-8.946],[38.96,-8.651],[39.306,-8.513],[39.304,-8.506],[39.303,-8.494],[39.303,-8.469],[39.3,-8.446],[39.307,-8.379],[39.28,-8.312],[39.11,-8.274],[38.928,-8.283],[38.709,-8.256],[38.555,-8.174],[38.418,-8.147],[38.404,-8.143],[38.245,-8.101],[38.136,-8.028],[38.118,-7.986],[38.099,-7.937],[38.1,-7.924],[38.094,-7.925],[38,-7.939],[37.868,-7.933],[37.833,-8.087],[37.581,-8.408],[37.303,-8.512],[37.28,-8.867],[37.082,-9.051],[36.582,-9.288],[36.462,-9.693],[36.672,-9.707],[36.802,-9.789],[36.802,-9.973],[36.863,-10.185],[36.97,-10.285],[37.43,-10.41],[37.676,-10.656],[37.833,-10.752],[38.004,-10.82],[38.12,-10.885],[38.119,-10.883],[38.204,-10.85],[38.414,-10.681],[38.468,-10.658],[38.479,-10.494]]]},"properties":{"id":"ngindo","name":"Ngindo","family":"Niger-Congo","glottocode":"makh1264","language":"Makhuwa","group":"Yao-Makonde","ea":"Ac42","lat":-9.37514,"lon":37.8693}},
{"type":"Feature","geometry":{"type":"Polygon","coordinates":[[[31.016,5.671],[30.808,5.801],[30.547,5.907],[30.309,5.499],[29.858,5.281],[29.824,5.001],[29.858,4.693],[29.835,4.563],[30.066,4.639],[30.23,4.891],[30.53,4.954],[30.886,5.049],[30.947,5.131],[30.94,5.438],[31.016,5.671]]]},"properties":{"id":"moru","name":"Moru","family":"Nilo-Saharan","glottocode":"moru1253","language":"Moru","group":"Moru-Madi","ea":"Ai34","lat":5.253263,"lon":30.4103}},
{"type":"Feature","geometry":{"type":"Polygon","coordinates":[[[-2.711,13.881],[-2.46,13.537],[-2.466,13.436],[-2.662,13.107],[-2.669,12.877],[-2.492,12.804],[-2.397,12.544],[-2.403,12.241],[-2.365,11.961],[-1.593,11.873],[-1.385,11.765],[-1.233,11.626],[-1.159,11.454],[-0.819,11.245],[-0.777,11.31],[-0.752,11.601],[-0.796,11.803],[-0.739,12.088],[-0.531,12.132],[-0.309,12.024],[-0.189,11.79],[-0.063,11.695],[0.045,11.442],[0.254,11.132],[0.271,10.966],[0.531,10.941],[0.519,11.366],[0.456,11.689],[0.26,12.1],[0.19,12.553],[0.115,12.717],[-0.126,13.09],[-0.094,13.223],[-0.29,13.356],[-0.486,13.565],[-0.581,13.805],[-0.725,14.037],[-1.233,13.899],[-1.366,13.679],[-1.524,13.698],[-1.815,13.862],[-2.03,14.191],[-2.177,14.222],[-2.245,14.046],[-2.606,13.951],[-2.711,13.881]]]},"properties":{"id":"mossi","name":"Mossi","family":"Niger-Congo","glottocode":"moss1236","language":"Mossi","group":"Mole","ea":"Ag47","lat":12.7265,"lon":-1.17043}},
{"type":"Feature","geometry":{"type":"Polygon","coordinates":[[[11.699,9.334],[11.491,9.245],[11.466,9.046],[11.38,8.763],[11.505,8.632],[11.669,8.726],[11.921,8.8],[12.284,8.829],[12.223,9.292],[11.878,9.298],[11.699,9.334]]]},"properties":{"id":"mumuye","name":"Mumuye","family":"Niger-Congo","glottocode":"nucl1240","language":"Mumuye","group":"Chamba-Yungur","ea":"Ah31","lat":9.013145,"lon":11.8184}},
{"type":"Feature","geometry":{"type":"Polygon","coordinates":[[[14.657,8.643],[14.535,8.577],[14.216,8.518],[14.13,8.254],[13.92,8.22],[13.747,8.47],[13.503,8.087],[13.3,7.976],[13.237,7.821],[13.365,7.76],[13.641,7.714],[14.029,7.709],[14.341,7.755],[14.561,7.827],[14.719,7.99],[14.755,8.22],[14.878,8.599],[14.657,8.643]]]},"properties":{"id":"duru","name":"Duru","family":"Niger-Congo","glottocode":"mbum1254","language":"Mbum","group":"Adamawa","ea":"Ai14","lat":8.098358,"lon":14.1318}},
{"type":"Feature","geometry":{"type":"Polygon","coordinates":[[[14.408,10.297],[14.235,10.025],[14.146,9.969],[14.152,9.729],[14.302,9.362],[14.474,9.15],[14.559,8.979],[15.091,9.345],[15.221,9.482],[15.336,9.684],[15.264,9.847],[15.152,9.84],[14.952,9.918],[14.792,10.331],[14.408,10.297]]]},"properties":{"id":"mundang","name":"Mundang","family":"Niger-Congo","glottocode":"mund1325","language":"Mundang","group":"Adamawa","ea":"Ai15","lat":9.688552,"lon":14.676}},
{"type":"Feature","geometry":{"type":"Polygon","coordinates":[[[15.551,11.458],[15.321,11.338],[15.049,11.238],[14.689,11.154],[14.676,11.108],[14.702,10.955],[14.884,10.771],[15.019,10.696],[15.413,10.616],[15.734,10.729],[15.902,10.841],[15.551,11.458]]]},"properties":{"id":"musgu","name":"Musgu","family":"Afro-Asiatic","glottocode":"musg1254","language":"Musgu","group":"Logone","ea":"Ai19","lat":10.9947,"lon":15.3075}},
{"type":"Feature","geometry":{"type":"Polygon","coordinates":[[[5.172,33.005],[5.005,33.248],[4.463,33.169],[3.979,33.238],[3.516,33.472],[3.427,33.429],[2.801,33.339],[2.592,32.466],[2.445,32.025],[3.536,32.006],[3.871,32.075],[4.187,32.104],[4.788,32.252],[4.946,32.4],[5.054,32.597],[5.172,33.005]]]},"properties":{"id":"mzab","name":"Mzab","family":"Afro-Asiatic","glottocode":"tumz1238","language":"Tumzabt","group":"Berbers, Oasis","ea":"Cc4","lat":32.6855,"lon":3.75749}},
{"type":"Feature","geometry":{"type":"Polygon","coordinates":[[[5.608,33.032],[5.587,33.191],[5.646,33.379],[5.577,33.753],[5.606,33.98],[5.38,34.089],[5.212,34.256],[5.084,34.602],[5.032,34.943],[4.887,35.016],[4.433,34.976],[4.157,34.927],[3.9,34.769],[3.526,34.414],[3.437,34.27],[3.526,33.656],[3.516,33.472],[3.979,33.238],[4.463,33.169],[5.005,33.248],[5.172,33.005],[5.608,33.032]]]},"properties":{"id":"nail","name":"Nail","family":"Afro-Asiatic","glottocode":"tumz1238","language":"Tumzabt","group":"Berbers, Oasis","ea":"Cc4","lat":33.9758,"lon":4.532987}},
{"type":"Feature","geometry":{"type":"Polygon","coordinates":[[[13.747,8.47],[13.636,8.719],[13.449,8.872],[13.234,8.969],[13.092,8.838],[13.097,8.634],[13.239,8.038],[13.3,7.976],[13.503,8.087],[13.747,8.47]]]},"properties":{"id":"namshi","name":"Namshi","family":"Niger-Congo","glottocode":"doya1240","language":"Doyayo","group":"Adamawa","ea":"Ai16","lat":8.502321,"lon":13.3834}},
{"type":"Feature","geometry":{"type":"Polygon","coordinates":[[[24.22,3.143],[23.845,3.127],[23.641,2.98],[23.561,2.77],[23.483,2.711],[23.532,2.604],[23.776,2.263],[23.934,2.116],[24.258,1.991],[24.332,1.792],[24.258,1.64],[24.511,1.678],[24.772,1.832],[24.908,1.951],[24.982,2.24],[24.925,2.354],[24.619,2.546],[24.534,2.666],[24.527,2.902],[24.22,3.143]]]},"properties":{"id":"binza","name":"Binza","family":"Niger-Congo","glottocode":"zand1248","language":"Zande","group":"Azande","ea":"Ai3","lat":2.446901,"lon":24.2434}},
{"type":"Feature","geometry":{"type":"Polygon","coordinates":[[[-4.304,5.375],[-4.025,5.367],[-3.996,5.316],[-3.978,5.238],[-3.676,5.176],[-3.645,5.232],[-3.574,5.361],[-3.527,5.429],[-3.508,5.456],[-3.485,5.515],[-3.49,5.524],[-3.492,5.526],[-3.532,5.569],[-4.026,5.683],[-4.197,5.704],[-4.345,5.605],[-4.304,5.375]]]},"properties":{"id":"ebrie","name":"Ebrie","family":"Niger-Congo","glottocode":"anyi1245","language":"Anyin","group":"Akan","ea":"Af39","lat":5.470968,"lon":-3.91844}},
{"type":"Feature","geometry":{"type":"Polygon","coordinates":[[[8.707,6.313],[8.792,6.369],[9.096,6.584],[8.966,6.78],[8.803,6.684],[8.662,6.699],[8.628,6.387],[8.707,6.313]]]},"properties":{"id":"egede","name":"Egede","family":"Niger-Congo","glottocode":"tivv1240","language":"Tiv","group":"Tiv-Jukun","ea":"Ah3","lat":6.556762,"lon":8.830881}},
{"type":"Feature","geometry":{"type":"Polygon","coordinates":[[[35.5,0],[35.581,0.178],[35.51,0.554],[35.529,0.774],[35.432,0.934],[35.079,1.041],[34.969,1.045],[34.897,0.89],[35.037,0.478],[34.919,0.231],[34.969,-0.034],[35.233,-0.045],[35.5,0]]]},"properties":{"id":"nandi","name":"Nandi","family":"Nilo-Saharan","glottocode":"keiy1238","language":"Keiyo","group":"Nandi","ea":"Aj25","lat":0.476801,"lon":35.2332}},
{"type":"Feature","geometry":{"type":"Polygon","coordinates":[[[-2.572,10.437],[-2.568,10.598],[-2.751,10.75],[-3.067,10.946],[-3.234,11.017],[-3.264,10.878],[-3.081,10.759],[-2.974,10.486],[-3.063,10.313],[-2.992,10.147],[-2.857,9.414],[-2.58,9.426],[-2.575,9.689],[-2.637,10.08],[-2.631,10.301],[-2.572,10.437]]]},"properties":{"id":"birifon","name":"Birifon","family":"Niger-Congo","glottocode":"sout2790","language":"Southern Birifor","group":"Lobi","ea":"Ag5","lat":10.2161,"lon":-2.81615}},
{"type":"Feature","geometry":{"type":"Polygon","coordinates":[[[15.406,-22.688],[15.34,-22.813],[14.708,-23.54],[14.892,-23.934],[15.33,-24.708],[15.515,-25.196],[15.649,-25.784],[15.775,-26.07],[16.011,-26.297],[16.558,-26.592],[16.818,-26.861],[16.986,-27.221],[17.121,-27.44],[17.171,-27.616],[17.163,-27.826],[17.071,-27.944],[16.886,-28.011],[16.499,-28.045],[16.288,-28.121],[16.072,-28.294],[16.354,-28.563],[16.568,-28.724],[16.606,-28.872],[16.809,-29.077],[17.033,-29.613],[17.102,-29.883],[17.272,-30.326],[17.49,-30.705],[17.5,-30.704],[17.9,-30.645],[18.128,-30.627],[18.219,-30.619],[18.59,-30.577],[18.791,-30.148],[18.901,-29.82],[19.187,-29.274],[19.531,-29.069],[19.834,-28.791],[20.011,-28.53],[20.044,-28.387],[20.271,-28.16],[20.238,-27.967],[20.061,-27.563],[19.927,-27.319],[19.775,-27.193],[19.511,-26.44],[19.435,-26.104],[19.301,-25.869],[19.107,-25.675],[18.922,-25.423],[18.822,-25.112],[18.788,-24.725],[18.737,-24.615],[18.779,-23.901],[18.83,-23.556],[18.845,-22.827],[18.552,-22.956],[17.863,-22.897],[17.484,-22.914],[16.904,-22.889],[16.676,-22.849],[16.643,-22.956],[16.408,-23.217],[16.265,-23.309],[16.08,-23.326],[15.71,-23.04],[15.626,-22.88],[15.406,-22.688]]]},"properties":{"id":"nama","name":"Nama","family":"Khoisan","glottocode":"nama1265","language":"Nama","group":"Hottentot","ea":"Aa3","lat":-26.3733,"lon":17.6493}},
{"type":"Feature","geometry":{"type":"Polygon","coordinates":[[[19.669,-22.765],[19.974,-23.076],[20.327,-23.202],[20.765,-23.234],[21.166,-22.989],[21.57,-22.678],[21.881,-22.333],[22.016,-22.139],[22.268,-21.702],[22.327,-21.551],[22.524,-21.346],[22.487,-21.126],[22.535,-20.668],[22.159,-20.462],[21.923,-20.277],[21.803,-20.059],[21.486,-20.184],[21.249,-20.192],[21.242,-20.442],[21.192,-20.854],[20.99,-21.463],[20.821,-21.716],[20.561,-22.018],[20.275,-22.212],[20.039,-22.33],[19.728,-22.565],[19.669,-22.765]]]},"properties":{"id":"naron","name":"Naron","family":"Khoisan","glottocode":"naro1249","language":"Naro","group":"Bushmen","ea":"Aa7","lat":-21.7937,"lon":21.2913}},
{"type":"Feature","geometry":{"type":"Polygon","coordinates":[[[18.993,10.279],[19.389,10.568],[19.416,10.769],[19.321,11.029],[19.054,11.179],[18.78,11.148],[18.624,11.032],[18.549,10.896],[18.523,10.486],[18.993,10.279]]]},"properties":{"id":"fanyan","name":"Fanyan","family":"Nilo-Saharan","glottocode":"furr1244","language":"Fur","group":"Darfur","ea":"Cb17","lat":10.748,"lon":18.9597}},
{"type":"Feature","geometry":{"type":"Polygon","coordinates":[[[25.678,1.217],[25.708,0.992],[25.743,0.94],[26.12,0.907],[26.384,0.985],[26.73,0.945],[26.872,0.832],[27.065,0.764],[27.371,0.781],[27.525,0.883],[27.672,1.042],[27.785,1.093],[27.905,1.008],[27.882,0.815],[28.124,0.84],[28.262,1.059],[28.341,1.331],[28.5,1.524],[28.613,1.599],[28.487,1.872],[28.204,1.793],[27.773,1.731],[27.474,1.733],[27.254,1.662],[27.152,1.758],[27.124,2.067],[26.818,2.15],[26.585,2.078],[26.545,1.764],[26.341,1.656],[26.107,1.617],[25.678,1.217]]]},"properties":{"id":"ndaka","name":"Ndaka","family":"Niger-Congo","glottocode":"bali1274","language":"Bali (Democratic Republic of Congo)","group":"Babwa-Bira","ea":"Ae33","lat":1.364175,"lon":27.1343}},
{"type":"Feature","geometry":{"type":"Polygon","coordinates":[[[25.53,13.695],[24.974,13.704],[25.036,13.08],[25.105,13.06],[25.35,12.814],[25.453,12.575],[25.521,12.134],[25.624,12.172],[25.897,12.179],[26.394,12.252],[26.382,12.893],[25.943,13.227],[25.677,13.555],[25.53,13.695]]]},"properties":{"id":"birked","name":"Birked","family":"Nilo-Saharan","glottocode":"furr1244","language":"Fur","group":"Darfur","ea":"Cb17","lat":12.911,"lon":25.7011}},
{"type":"Feature","geometry":{"type":"Polygon","coordinates":[[[28.001,-17.521],[27.561,-17.844],[27.107,-18.045],[27.032,-18.121],[26.754,-18.18],[26.462,-18.195],[26.537,-18.575],[26.655,-18.819],[26.915,-19.223],[27.042,-19.652],[27.143,-20.459],[27.627,-21.121],[27.923,-21.43],[28.032,-21.582],[28.4,-21.96],[28.675,-21.893],[29.144,-21.679],[29.142,-21.393],[29.319,-20.888],[29.487,-20.552],[29.487,-20.274],[29.412,-20.089],[29.42,-19.778],[29.378,-19.61],[29.377,-19.179],[29.252,-18.777],[29.134,-18.626],[28.781,-18.373],[28.352,-18.23],[28.15,-17.961],[28.001,-17.521]]]},"properties":{"id":"ndebele","name":"Ndebele","family":"Niger-Congo","glottocode":"nort2795","language":"Zimbabwean Ndebele","group":"Nguni","ea":"Ab9","lat":-19.7133,"lon":28.146}},
{"type":"Feature","geometry":{"type":"Polygon","coordinates":[[[24.632,-13.171],[24.779,-13.094],[25.158,-12.741],[25.444,-12.413],[25.553,-12.161],[25.528,-11.698],[25.46,-11.328],[25.62,-10.967],[25.603,-10.428],[25.536,-10.353],[25.292,-10.226],[25.057,-10.142],[24.779,-10.1],[24.552,-10.008],[24.027,-9.891],[23.543,-9.848],[23.19,-9.949],[22.912,-10.193],[22.837,-10.353],[22.601,-10.588],[22.433,-10.689],[22.139,-10.809],[22.239,-11.084],[22.324,-11.16],[22.5,-11.143],[22.954,-11.025],[23.249,-10.849],[23.341,-10.925],[23.383,-11.068],[23.282,-11.564],[23.181,-11.665],[22.887,-11.791],[22.778,-11.934],[22.601,-12.329],[22.593,-12.649],[22.668,-12.842],[22.845,-13.128],[23.131,-13.422],[23.295,-13.681],[23.744,-13.768],[23.905,-13.542],[23.955,-13.273],[24.081,-12.953],[24.165,-12.877],[24.342,-12.869],[24.535,-13.02],[24.632,-13.171]]]},"properties":{"id":"ndembu","name":"Ndembu","family":"Niger-Congo","glottocode":"lund1266","language":"Lunda","group":"Lunda","ea":"Ac6","lat":-11.6122,"lon":24.0443}},
{"type":"Feature","geometry":{"type":"Polygon","coordinates":[[[26.668,10.146],[26.229,10.044],[25.88,10.092],[25.491,10.01],[25.088,10.013],[25.129,9.518],[25.177,9.415],[25.327,9.299],[25.723,9.142],[25.855,9.005],[26.407,9.019],[26.57,9.313],[26.57,9.429],[26.693,9.832],[26.668,10.146]]]},"properties":{"id":"fertit","name":"Fertit","family":"Nilo-Saharan","glottocode":"sout2832","language":"Southwestern Dinka","group":"Nilotes, Northern","ea":"Aj11","lat":9.604531,"lon":25.9314}},
{"type":"Feature","geometry":{"type":"Polygon","coordinates":[[[17.285,3.82],[17.533,3.732],[17.765,3.821],[17.825,4.081],[17.773,4.275],[17.479,4.209],[17.291,4.105],[17.285,3.82]]]},"properties":{"id":"bofi","name":"Bofi","family":"Niger-Congo","glottocode":"nort2775","language":"Northwest Gbaya","group":"Banda-Baya","ea":"Ai7","lat":3.995162,"lon":17.5604}},
{"type":"Feature","geometry":{"type":"Polygon","coordinates":[[[10.67,5.715],[10.804,5.807],[10.939,5.995],[10.489,6.253],[10.385,6.126],[10.384,5.94],[10.314,5.802],[10.326,5.698],[10.67,5.715]]]},"properties":{"id":"ndob","name":"Ndob","family":"Niger-Congo","glottocode":"fefe1239","language":"Fe'fe'","group":"Cameroon Highlands","ea":"Ae5","lat":5.942349,"lon":10.5901}},
{"type":"Feature","geometry":{"type":"Polygon","coordinates":[[[21.333,2.933],[21.207,2.824],[20.94,2.847],[20.825,2.957],[20.402,2.85],[20.419,2.629],[20.255,2.429],[20.094,2.302],[20.222,2.024],[20.202,1.873],[20.071,1.572],[20,1.505],[20.14,1.208],[20.214,1.122],[20.35,1.105],[20.588,1.293],[20.974,1.531],[21.604,1.684],[21.984,1.735],[22.092,1.832],[22.108,1.939],[21.127,1.905],[21.031,1.979],[21.099,2.138],[21.517,2.422],[21.479,2.688],[21.333,2.933]]]},"properties":{"id":"ndoko","name":"Ndoko","family":"Niger-Congo","glottocode":"doko1244","language":"Doko (Democratic Republic of Congo)","group":"Ngombe","ea":"Ae38","lat":2.063243,"lon":20.8172}},
{"type":"Feature","geometry":{"type":"Polygon","coordinates":[[[10.816,7.76],[10.587,7.649],[10.721,7.32],[10.87,7.36],[11.172,7.572],[10.816,7.76]]]},"properties":{"id":"ndoro","name":"Ndoro","family":"Niger-Congo","glottocode":"ndoo1241","language":"Ndoola","group":"Chamba-Yungur","ea":"Ah26","lat":7.550524,"lon":10.8441}},
{"type":"Feature","geometry":{"type":"Polygon","coordinates":[[[17.825,1.14],[17.757,1.601],[17.757,1.734],[17.597,2.68],[17.103,2.579],[17.229,2.226],[17.229,2.094],[17.393,1.885],[17.46,1.472],[17.5,0.973],[17.825,1.14]]]},"properties":{"id":"bomitaba","name":"Bomitaba","family":"Niger-Congo","glottocode":"bomw1238","language":"Bomwali","group":"Fang-Dzem","ea":"Ae43","lat":1.914922,"lon":17.5187}},
{"type":"Feature","geometry":{"type":"Polygon","coordinates":[[[18.515,2.504],[18.431,2.436],[18.266,2.126],[18.232,1.956],[18.111,1.684],[17.954,1.13],[17.907,0.679],[17.805,0.255],[17.766,-0.105],[17.866,-0.321],[17.884,-0.311],[18.135,-0.112],[18.316,-0.054],[18.504,-0.06],[18.62,-0.118],[18.97,-0.131],[19.151,-0.093],[19.241,0.231],[19.248,0.477],[19.392,0.684],[19.319,0.922],[19.363,1.199],[19.547,1.378],[20,1.505],[20.071,1.572],[20.202,1.873],[20.222,2.024],[20.094,2.302],[19.902,2.339],[19.664,2.538],[19.406,2.587],[19.188,2.538],[18.576,2.48],[18.515,2.504]]]},"properties":{"id":"ngala","name":"Ngala","family":"Niger-Congo","glottocode":"ling1263","language":"Kinshasa Lingala","group":"Riverain Congo","ea":"Ae28","lat":1.269528,"lon":18.8625}},
{"type":"Feature","geometry":{"type":"Polygon","coordinates":[[[23.156,4.583],[22.632,4.394],[22.441,4.197],[22.365,3.867],[22.286,3.838],[22.008,3.901],[21.616,4.082],[21.14,4.385],[20.856,4.469],[20.706,4.546],[20.546,4.28],[20.594,3.851],[20.952,3.802],[21.184,3.666],[21.241,3.507],[21.133,3.32],[20.923,3.178],[20.825,2.957],[20.94,2.847],[21.207,2.824],[21.333,2.933],[21.387,3.086],[21.58,3.188],[22.142,3.228],[22.397,3.296],[22.868,3.517],[23.022,3.533],[23.082,3.775],[23.108,3.94],[23.156,4.583]]]},"properties":{"id":"ngbandi","name":"Ngbandi","family":"Niger-Congo","glottocode":"nort2774","language":"Northern Ngbandi","group":"Banda-Baya","ea":"Ai26","lat":3.766859,"lon":21.8328}},
{"type":"Feature","geometry":{"type":"Polygon","coordinates":[[[38.689,-4.956],[38.482,-5.17],[38.713,-5.366],[38.868,-5.393],[38.994,-4.989],[38.689,-4.956]]]},"properties":{"id":"bondei","name":"Bondei","family":"Niger-Congo","glottocode":"zigu1242","language":"Zigula","group":"Luguru-Zigula","ea":"Ad28","lat":-5.15857,"lon":38.7584}},
{"type":"Feature","geometry":{"type":"Polygon","coordinates":[[[18.045,3.477],[17.781,3.38],[17.696,3.283],[17.624,3.022],[17.597,2.68],[17.757,1.734],[17.757,1.601],[17.825,1.14],[17.954,1.13],[18.111,1.684],[18.232,1.956],[18.266,2.126],[18.431,2.436],[18.515,2.504],[18.455,3.052],[18.406,3.216],[18.212,3.465],[18.045,3.477]]]},"properties":{"id":"bondjo","name":"Bondjo","family":"Niger-Congo","glottocode":"ngba1284","language":"Ngbaka Ma'bo","group":"Banda-Baya","ea":"Ai23","lat":2.516357,"lon":18.0152}},
{"type":"Feature","geometry":{"type":"Polygon","coordinates":[[[-7.154,6.027],[-6.988,6.317],[-7.026,7.179],[-7.374,7.136],[-7.505,7.188],[-7.718,7.119],[-8.116,7.22],[-8.223,7.451],[-8.266,7.727],[-8.568,7.778],[-8.764,7.695],[-8.888,7.576],[-9.043,7.285],[-9.114,6.929],[-9.036,6.621],[-8.853,6.638],[-8.716,6.549],[-8.425,6.555],[-8.259,6.507],[-8.182,6.353],[-7.914,6.275],[-7.712,6.133],[-7.481,6.015],[-7.154,6.027]]]},"properties":{"id":"ngere","name":"Ngere","family":"Niger-Congo","glottocode":"dann1241","language":"Dan","group":"Mande, Southern","ea":"Af56","lat":6.85604,"lon":-8.02342}},
{"type":"Feature","geometry":{"type":"Polygon","coordinates":[[[10.752,11.565],[10.852,11.695],[11.319,12.051],[11.277,12.427],[10.422,12.56],[10.344,12.19],[10.417,11.94],[10.561,11.679],[10.752,11.565]]]},"properties":{"id":"ngizim","name":"Ngizim","family":"Afro-Asiatic","glottocode":null,"language":"Ngizim","group":"Bornu","ea":"Cb19","lat":12.1246,"lon":10.8}},
{"type":"Feature","geometry":{"type":"Polygon","coordinates":[[[20.664,-0.398],[20.708,-0.677],[20.855,-0.847],[21.133,-0.927],[21.258,-1.023],[21.405,-1.222],[21.791,-1.494],[22.077,-1.804],[22.149,-1.698],[22.16,-1.409],[22.222,-1.125],[22.183,-0.961],[21.768,-0.864],[21.615,-0.722],[21.428,-0.439],[21.15,-0.212],[20.759,-0.252],[20.664,-0.398]]]},"properties":{"id":"ngombe","name":"Ngombe","family":"Niger-Congo","glottocode":"binj1250","language":"Binja","group":"Ngombe","ea":"Ae39","lat":-0.895764,"lon":21.4686}},
{"type":"Feature","geometry":{"type":"Polygon","coordinates":[[[39.504,-3.854],[39.533,-3.769],[39.547,-3.725],[39.957,-2.906],[39.991,-2.823],[40.039,-2.705],[40.059,-2.647],[39.901,-2.657],[39.273,-3.176],[39.082,-3.237],[39.082,-3.493],[39.504,-3.854]]]},"properties":{"id":"gyriama","name":"Gyriama","family":"Niger-Congo","glottocode":"giry1241","language":"Giryama","group":"Nyika","ea":"Ad32","lat":-3.24841,"lon":39.5399}},
{"type":"Feature","geometry":{"type":"Polygon","coordinates":[[[10.179,3.11],[10.178,3.11],[10.17,2.855],[10.147,2.577],[10.137,2.461],[10.104,2.175],[10.088,2.042],[10.069,1.952],[9.998,1.623],[9.945,1.484],[10.454,1.297],[10.721,1.41],[10.77,1.508],[10.655,1.672],[10.515,1.664],[10.384,1.73],[10.384,1.886],[10.491,2.141],[10.704,2.404],[10.663,2.708],[10.548,3.028],[10.581,3.094],[10.885,3.135],[11.066,3.258],[11.15,3.445],[11.033,3.513],[10.901,3.504],[10.597,3.406],[10.343,3.488],[10.16,3.481],[10.164,3.282],[10.183,3.111],[10.179,3.11]]]},"properties":{"id":"ngumba","name":"Ngumba","family":"Niger-Congo","glottocode":"sout2795","language":"Southern Nuni","group":"Grusi","ea":"Ag42","lat":2.479836,"lon":10.4282}},
{"type":"Feature","geometry":{"type":"Polygon","coordinates":[[[20.59,0.046],[20.497,0.25],[20.257,0.49],[19.681,0.671],[19.392,0.684],[19.248,0.477],[19.241,0.231],[19.151,-0.093],[18.97,-0.131],[18.62,-0.118],[18.504,-0.06],[18.316,-0.054],[18.135,-0.112],[17.884,-0.311],[18.184,-0.508],[18.443,-0.553],[18.812,-0.741],[19.129,-0.767],[19.355,-0.974],[19.459,-1.446],[19.549,-1.543],[19.804,-1.509],[19.804,-1.406],[19.992,-1.141],[20.167,-1.063],[20.251,-0.901],[20.251,-0.791],[20.024,-0.371],[20.089,-0.222],[20.352,-0.208],[20.59,0.046]]]},"properties":{"id":"nkundo","name":"Nkundo","family":"Niger-Congo","glottocode":"nkun1238","language":"Nkundo","group":"Mongo","ea":"Ae4","lat":-0.317359,"lon":19.4915}},
{"type":"Feature","geometry":{"type":"Polygon","coordinates":[[[-4.33,13.679],[-4.098,13.74],[-3.839,13.847],[-3.839,14.014],[-3.896,14.204],[-4.016,14.283],[-4.243,14.208],[-4.282,13.995],[-4.459,13.837],[-4.434,13.698],[-4.33,13.679]]]},"properties":{"id":"nono","name":"Nono","family":"Niger-Congo","glottocode":"jena1242","language":"Jenaama Bozo","group":"Marka","ea":"Ag28","lat":13.9637,"lon":-4.12129}},
{"type":"Feature","geometry":{"type":"Polygon","coordinates":[[[11.174,6.274],[10.847,6.437],[10.615,6.494],[10.489,6.253],[10.939,5.995],[11.174,6.214],[11.174,6.274]]]},"properties":{"id":"nsaw","name":"Nsaw","family":"Niger-Congo","glottocode":"lamn1239","language":"Lamnso'","group":"Cameroon Highlands","ea":"Ae56","lat":6.254164,"lon":10.8294}},
{"type":"Feature","geometry":{"type":"Polygon","coordinates":[[[26.382,12.893],[26.394,12.252],[26.819,12.131],[27.187,11.938],[28.24,12.042],[28.67,12.158],[29.023,12.319],[29.123,12.521],[29.185,12.985],[29.188,13.384],[28.379,13.506],[27.696,13.652],[27.364,13.432],[26.92,13.09],[26.382,12.893]]]},"properties":{"id":"hamar","name":"Hamar","family":"Nilo-Saharan","glottocode":"sout2832","language":"Southwestern Dinka","group":"Nilotes, Northern","ea":"Aj11","lat":12.7502,"lon":27.8443}},
{"type":"Feature","geometry":{"type":"Polygon","coordinates":[[[11.38,6.337],[11.365,6.708],[11.116,6.61],[10.925,6.653],[10.847,6.437],[11.174,6.274],[11.38,6.337]]]},"properties":{"id":"nsungli","name":"Nsungli","family":"Niger-Congo","glottocode":"limb1268","language":"Limbum","group":"Cameroon Highlands","ea":"Ae57","lat":6.494371,"lon":11.1474}},
{"type":"Feature","geometry":{"type":"Polygon","coordinates":[[[34.056,-8.832],[33.806,-8.865],[33.491,-8.984],[33.365,-8.972],[33.198,-9.035],[33.288,-9.252],[33.372,-9.698],[33.788,-9.771],[33.898,-9.76],[33.957,-9.527],[34.047,-9.488],[34.188,-9.242],[34.056,-8.832]]]},"properties":{"id":"nyakyusa","name":"Nyakyusa","family":"Niger-Congo","glottocode":"nyak1261","language":"Nyakyusa","group":"Ngonde","ea":"Ad6","lat":-9.28959,"lon":33.7055}},
{"type":"Feature","geometry":{"type":"Polygon","coordinates":[[[33.799,8.494],[33.793,8.825],[33.861,9.358],[33.831,9.527],[33.472,9.457],[33.157,9.491],[32.815,9.484],[32.738,9.209],[32.629,9.052],[32.383,8.86],[31.987,8.765],[31.611,8.806],[31.379,8.915],[31.201,9.067],[31.071,9.279],[31.06,9.4],[31.041,9.681],[30.66,9.705],[30.1,9.705],[29.875,9.569],[29.779,9.439],[29.704,9.118],[29.731,8.913],[29.943,8.367],[30.039,8.162],[30.278,7.827],[30.435,7.759],[30.845,7.779],[31.275,7.902],[31.575,7.848],[31.931,7.629],[32.101,7.472],[32.368,7.165],[32.516,7.03],[32.764,7.192],[33.051,7.428],[33.105,7.731],[33.242,8.046],[33.379,8.203],[33.799,8.494]]]},"properties":{"id":"nuer","name":"Nuer","family":"Nilo-Saharan","glottocode":"nuer1246","language":"Nuer","group":"Nilotes, Northern","ea":"Aj3","lat":8.532238,"lon":31.7677}},
{"type":"Feature","geometry":{"type":"Polygon","coordinates":[[[-2.77,11.208],[-2.479,11.044],[-2.273,11.02],[-1.846,11.056],[-1.549,11.354],[-1.159,11.454],[-1.233,11.626],[-1.385,11.765],[-1.593,11.873],[-2.365,11.961],[-2.773,11.88],[-2.789,11.608],[-2.745,11.545],[-2.77,11.208]]]},"properties":{"id":"nunuma","name":"Nunuma","family":"Niger-Congo","glottocode":"moss1236","language":"Mossi","group":"Mole","ea":"Ag47","lat":11.5101,"lon":-2.09037}},
{"type":"Feature","geometry":{"type":"Polygon","coordinates":[[[5.832,9.674],[5.589,9.766],[5.211,9.848],[4.956,9.985],[4.652,9.614],[4.936,8.861],[5.461,8.695],[5.624,8.652],[5.655,8.511],[5.778,8.449],[6.343,8.418],[6.722,8.381],[6.897,8.587],[6.894,8.951],[6.723,9.173],[6.449,9.314],[6.004,9.425],[5.841,9.522],[5.832,9.674]]]},"properties":{"id":"nupe","name":"Nupe","family":"Niger-Congo","glottocode":"nupe1254","language":"Nupe-Nupe-Tako","group":"Nupe-Idoma","ea":"Af8","lat":9.10286,"lon":5.762851}},
{"type":"Feature","geometry":{"type":"Polygon","coordinates":[[[31.157,-5.646],[31.486,-5.728],[31.82,-5.696],[31.952,-5.753],[32.236,-5.967],[32.362,-6.106],[32.659,-6.333],[32.879,-6.465],[33.012,-6.623],[33.053,-6.871],[33.258,-6.914],[33.529,-6.895],[33.705,-6.775],[33.819,-6.624],[33.945,-6.359],[34.052,-6.258],[34.349,-6.1],[34.565,-6.035],[34.503,-5.802],[34.311,-5.699],[34.084,-5.415],[34.027,-5.069],[34.082,-4.959],[33.958,-4.552],[33.951,-4.331],[33.999,-4.11],[33.835,-3.989],[33.318,-3.945],[33.072,-3.895],[32.839,-3.762],[32.789,-3.466],[32.461,-2.949],[32.408,-2.929],[32.02,-3.089],[32.215,-3.466],[32.215,-3.598],[32.127,-3.737],[31.862,-3.895],[31.635,-4.153],[31.458,-4.289],[31.427,-4.582],[31.307,-4.866],[31.064,-5.174],[31.157,-5.646]]]},"properties":{"id":"nyamwezi","name":"Nyamwezi","family":"Niger-Congo","glottocode":"nyam1276","language":"Nyamwezi","group":"Nyamwezi","ea":"Ad20","lat":-5.07289,"lon":32.8141}},
{"type":"Feature","geometry":{"type":"Polygon","coordinates":[[[15.046,-16.744],[14.947,-16.576],[14.914,-16.368],[14.914,-15.581],[14.871,-15.297],[14.707,-14.947],[14.379,-14.662],[14.16,-14.542],[14.064,-14.267],[13.712,-14.367],[13.417,-14.531],[13.056,-14.772],[13.045,-15.078],[13.001,-15.384],[12.942,-15.58],[12.936,-15.603],[12.728,-15.92],[12.687,-16.172],[12.826,-16.204],[13.154,-16.204],[13.362,-16.171],[13.941,-16.335],[14.193,-16.39],[14.576,-16.685],[14.746,-16.973],[15.046,-16.744]]]},"properties":{"id":"nyaneka","name":"Nyaneka","family":"Niger-Congo","glottocode":"nyan1305","language":"Nyaneka","group":"Southwestern Bantu","ea":"Ab7","lat":-15.5509,"lon":13.9562}},
{"type":"Feature","geometry":{"type":"Polygon","coordinates":[[[32.789,5.115],[33.007,5.258],[33.021,5.409],[32.952,5.497],[32.522,5.511],[32.376,5.34],[32.392,5.224],[32.495,5.115],[32.789,5.115]]]},"properties":{"id":"pari","name":"Pari","family":"Nilo-Saharan","glottocode":"otuh1238","language":"Otuho","group":"Bari-Lotuko","ea":"Aj12","lat":5.318587,"lon":32.6969}},
{"type":"Feature","geometry":{"type":"Polygon","coordinates":[[[35.915,-15.848],[35.84,-15.791],[35.739,-15.632],[35.739,-15.556],[36.151,-15.363],[36.311,-15.144],[36.37,-14.984],[36.315,-14.579],[36,-14.416],[35.825,-14.496],[35.724,-14.665],[35.657,-15.06],[35.472,-15.363],[35.337,-15.438],[35.018,-15.472],[34.744,-15.373],[34.412,-15.741],[34.321,-15.806],[34.781,-16.367],[35.117,-16.636],[35.336,-16.947],[35.445,-17.048],[35.593,-17.082],[35.598,-17.003],[35.6,-16.964],[35.592,-16.894],[35.575,-16.728],[35.575,-16.518],[35.625,-16.325],[35.81,-15.988],[35.903,-15.879],[35.908,-15.866],[35.915,-15.848]]]},"properties":{"id":"nyanja","name":"Nyanja","family":"Niger-Congo","glottocode":"nucl1395","language":"Nuclear Nyanja","group":"Maravi","ea":"Ac38","lat":-15.7195,"lon":35.4202}},
{"type":"Feature","geometry":{"type":"Polygon","coordinates":[[[5.369,13.784],[5.441,13.544],[5.337,13.344],[4.966,12.973],[4.729,12.588],[4.596,12.328],[4.41,11.861],[4.352,11.536],[4.653,11.388],[4.915,11.666],[5.204,11.763],[5.493,11.807],[5.745,11.748],[6.019,11.488],[6.069,11.047],[6.33,11.027],[6.811,11.051],[7.305,11.012],[7.616,10.96],[7.786,10.871],[7.905,10.626],[7.954,10.392],[8.177,10.407],[8.367,10.589],[8.564,10.724],[8.705,10.718],[8.754,10.528],[8.847,10.528],[9.021,10.544],[9.331,10.63],[9.29,10.868],[8.841,10.866],[8.68,10.95],[8.678,11.137],[8.007,11.506],[7.929,11.778],[7.996,11.873],[8.179,11.9],[8.53,11.861],[8.863,11.923],[9.191,12.1],[9.458,12.189],[9.876,12.157],[9.944,12.468],[10.021,12.649],[10.042,12.895],[10.007,13.043],[9.924,13.029],[9.672,13.118],[9.577,13.259],[8.819,13.288],[8.619,13.318],[8.226,13.451],[7.922,13.503],[7.144,13.688],[6.78,13.74],[6.076,13.948],[5.99,14.021],[5.369,13.784]]]},"properties":{"id":"hausa","name":"Hausa","family":"Afro-Asiatic","glottocode":"arew1238","language":"Arewa","group":"Hausa","ea":"Cb25","lat":12.3722,"lon":7.148831}},
{"type":"Feature","geometry":{"type":"Polygon","coordinates":[[[31.686,2.425],[31.671,2.382],[31.666,2.365],[31.374,2.192],[31.414,1.916],[31.292,1.699],[31.198,1.616],[30.958,1.523],[30.927,1.472],[30.911,1.447],[30.877,1.402],[30.897,1.358],[30.965,1.268],[30.987,1.22],[31.01,1.171],[31.101,1.058],[31.159,1.025],[31.192,1.007],[31.2,1.014],[31.239,1.047],[31.311,1.109],[31.402,1.194],[31.418,1.202],[31.504,1.245],[31.623,1.302],[31.799,1.341],[31.946,1.38],[31.952,1.381],[31.969,1.388],[32.094,1.438],[32.127,1.46],[32.179,1.495],[32.298,1.563],[32.328,1.608],[32.353,1.645],[32.355,1.648],[32.332,1.937],[32.315,2.096],[32.322,2.205],[32.15,2.279],[32.083,2.305],[31.99,2.342],[31.835,2.381],[31.816,2.386],[31.797,2.391],[31.686,2.425]]]},"properties":{"id":"nyoro","name":"Nyoro","family":"Niger-Congo","glottocode":"nyor1246","language":"Nyoro","group":"East Lacustrine Bantu","ea":"Ad2","lat":1.737417,"lon":31.6914}},
{"type":"Feature","geometry":{"type":"Polygon","coordinates":[[[49.073,6.367],[48.74,6.393],[48.491,6.517],[48.321,6.529],[48.037,6.62],[47.969,6.744],[47.844,6.778],[47.288,6.529],[46.964,6.44],[46.918,6.31],[46.9,6.019],[46.718,5.646],[46.563,5.518],[46.226,5.181],[45.88,5.108],[45.507,5.172],[45.414,5.138],[45.498,4.826],[45.634,4.698],[45.68,4.58],[45.58,4.38],[45.425,4.389],[45.133,4.771],[44.997,4.871],[44.76,5.136],[44.548,5.186],[44.496,5.102],[44.634,4.912],[44.88,4.11],[44.935,3.773],[44.917,3.345],[44.917,2.862],[44.989,2.735],[45.244,2.626],[45.39,2.635],[45.49,2.735],[45.554,3.045],[45.691,3.163],[45.754,3.081],[45.8,2.471],[45.843,2.317],[46.019,2.43],[46.221,2.652],[46.603,2.992],[47.143,3.576],[47.443,3.873],[48.006,4.53],[48.202,4.903],[48.316,5.074],[48.62,5.444],[49.041,6.15],[49.073,6.367]]]},"properties":{"id":"hawiya","name":"Hawiya","family":"Afro-Asiatic","glottocode":"bora1271","language":"Borana-Arsi-Guji Oromo","group":"Galla","ea":"Ca11","lat":4.653353,"lon":46.7432}},
{"type":"Feature","geometry":{"type":"Polygon","coordinates":[[[16.816,7.853],[16.465,7.966],[16.215,8.201],[16.146,8.743],[16.056,8.927],[15.929,9.321],[15.44,9.293],[15.419,9.122],[15.297,8.772],[15.094,8.55],[15.092,8.241],[15.025,7.817],[14.826,7.471],[14.972,7.462],[15.508,7.491],[15.823,7.562],[16.13,7.526],[16.394,7.276],[16.745,7.286],[16.816,7.853]]]},"properties":{"id":"laka-adamawa","name":"Laka (Adamawa","family":"Nilo-Saharan","glottocode":"laka1254","language":"Laka (Chad)","group":"Adamawa","ea":"Ai13","lat":8.165551,"lon":15.7832}},
{"type":"Feature","geometry":{"type":"Polygon","coordinates":[[[34.877,-10.404],[34.569,-10.446],[34.651,-10.644],[34.616,-11.111],[34.958,-11.482],[34.96,-11.795],[34.883,-12.033],[34.698,-12.181],[34.703,-12.418],[34.819,-12.74],[34.753,-12.908],[34.814,-13.077],[34.788,-13.321],[34.866,-13.495],[34.847,-13.662],[34.907,-13.733],[35.072,-13.74],[35.12,-13.896],[35.223,-13.716],[35.249,-13.488],[35.231,-13.18],[35.135,-12.704],[35.126,-12.511],[35.223,-12.018],[35.175,-11.622],[35.075,-11.377],[34.886,-10.721],[34.88,-10.415],[34.877,-10.404]]]},"properties":{"id":"nyasa","name":"Nyasa","family":"Niger-Congo","glottocode":"yaoo1241","language":"Yao","group":"Yao-Makonde","ea":"Ac7","lat":-12.2426,"lon":34.9533}},
{"type":"Feature","geometry":{"type":"Polygon","coordinates":[[[29.774,12.293],[29.356,12.241],[29.122,12.154],[29.043,11.944],[29.022,11.711],[29.062,11.587],[29.236,11.647],[29.289,11.8],[29.439,11.909],[29.658,11.903],[29.767,11.997],[29.774,12.293]]]},"properties":{"id":"nyima","name":"Nyima","family":"Nilo-Saharan","glottocode":"dill1242","language":"Dilling","group":"Nubians","ea":"Ai8","lat":12.0005,"lon":29.3736}},
{"type":"Feature","geometry":{"type":"Polygon","coordinates":[[[37.499,-3.774],[37.53,-4.095],[37.619,-4.395],[37.904,-4.646],[38.075,-4.568],[38.111,-4.368],[38.363,-4.307],[38.395,-4.079],[38.029,-3.781],[37.83,-3.59],[37.499,-3.774]]]},"properties":{"id":"pare","name":"Pare","family":"Niger-Congo","glottocode":"sham1280","language":"Shambala","group":"Kenya Highlands","ea":"Ad10","lat":-4.10684,"lon":37.8962}},
{"type":"Feature","geometry":{"type":"Polygon","coordinates":[[[28.152,-26.483],[28.217,-26.567],[28.195,-26.995],[28.682,-26.978],[29.144,-27.037],[29.363,-27.129],[29.514,-27.264],[29.699,-27.558],[29.716,-27.701],[29.716,-27.626],[30.577,-27.451],[30.601,-26.578],[30.651,-26.359],[30.761,-26.14],[30.988,-25.821],[31.038,-25.585],[31.232,-25.316],[31.404,-25.223],[31.334,-24.636],[31.156,-24.616],[30.853,-24.709],[30.584,-24.902],[30.281,-24.961],[30.105,-24.709],[29.99,-24.358],[29.903,-24.398],[29.399,-24.473],[29.28,-24.692],[28.969,-24.717],[28.599,-24.874],[28.438,-25.289],[28.697,-25.407],[28.974,-25.735],[29.042,-25.945],[29.016,-26.138],[28.941,-26.265],[28.789,-26.357],[28.276,-26.483],[28.152,-26.483]]]},"properties":{"id":"pedi","name":"Pedi","family":"Niger-Congo","glottocode":"tswe1238","language":"Tswene","group":"Sotho","ea":"Ab15","lat":-25.9207,"lon":29.8127}},
{"type":"Feature","geometry":{"type":"Polygon","coordinates":[[[19.101,-5.334],[18.942,-5.561],[19.024,-5.707],[19.024,-6.089],[18.925,-6.323],[19.128,-6.55],[19.342,-6.697],[19.507,-6.529],[19.798,-6.419],[20.257,-6.432],[20.536,-6.51],[20.807,-6.501],[20.788,-6.4],[20.626,-6.134],[20.618,-6.036],[20.503,-5.94],[20.367,-5.94],[20.141,-5.83],[20.104,-5.416],[19.684,-5.526],[19.49,-5.507],[19.173,-5.39],[19.101,-5.334]]]},"properties":{"id":"pende","name":"Pende","family":"Niger-Congo","glottocode":"phen1239","language":"Phende","group":"Lower Congo","ea":"Ac2","lat":-6.03612,"lon":19.7185}},
{"type":"Feature","geometry":{"type":"Polygon","coordinates":[[[-15.831,12.352],[-15.833,12.343],[-15.88,12.33],[-16.111,12.331],[-16.328,12.159],[-16.33,11.993],[-16.133,11.884],[-15.98,11.913],[-15.965,11.777],[-15.817,11.744],[-15.6,11.837],[-15.501,11.933],[-15.486,11.939],[-15.474,11.938],[-15.469,11.936],[-15.463,11.935],[-15.46,11.935],[-15.499,11.993],[-15.559,12.053],[-15.7,12.241],[-15.758,12.28],[-15.78,12.294],[-15.789,12.305],[-15.83,12.357],[-15.831,12.352]]]},"properties":{"id":"pepel","name":"Pepel","family":"Niger-Congo","glottocode":"pape1239","language":"Papel","group":"Guinea","ea":"Ag20","lat":12.0474,"lon":-15.9385}},
{"type":"Feature","geometry":{"type":"Polygon","coordinates":[[[-2.773,11.88],[-2.365,11.961],[-2.403,12.241],[-2.397,12.544],[-2.492,12.804],[-2.669,12.877],[-2.819,12.651],[-2.846,12.051],[-2.879,11.936],[-2.773,11.88]]]},"properties":{"id":"lilse","name":"Lilse","family":"Niger-Congo","glottocode":"moss1236","language":"Mossi","group":"Mole","ea":"Ag47","lat":12.3489,"lon":-2.61949}},
{"type":"Feature","geometry":{"type":"Polygon","coordinates":[[[30.836,-6.941],[30.968,-7.141],[31.548,-7.488],[31.667,-7.513],[32.006,-7.806],[32.173,-7.708],[32.278,-7.333],[32.091,-7.216],[31.99,-6.932],[31.908,-6.863],[31.637,-6.793],[31.228,-6.63],[31.081,-6.706],[30.836,-6.941]]]},"properties":{"id":"pimbwe","name":"Pimbwe","family":"Niger-Congo","glottocode":"pimb1238","language":"Pimbwe","group":"Rukwa","ea":"Ad21","lat":-7.16873,"lon":31.604}},
{"type":"Feature","geometry":{"type":"Polygon","coordinates":[[[14.068,11.213],[13.897,10.967],[14.19,10.89],[14.336,11.109],[14.218,11.205],[14.068,11.213]]]},"properties":{"id":"podokwo","name":"Podokwo","family":"Afro-Asiatic","glottocode":"park1239","language":"Parkwa","group":"Mandara Highlands","ea":"Ah39","lat":11.0557,"lon":14.1299}},
{"type":"Feature","geometry":{"type":"Polygon","coordinates":[[[38.844,-0.047],[38.811,-0.3],[38.979,-0.334],[39.307,-0.457],[39.772,-0.819],[39.867,-1.037],[39.942,-1.331],[40.172,-2.415],[40.214,-2.36],[40.248,-2.314],[40.358,-2.186],[40.37,-2.175],[40.43,-2.12],[40.385,-2.064],[40.303,-1.636],[40.298,-1.304],[40.25,-0.954],[40.093,-0.626],[39.874,-0.387],[39.656,-0.216],[39.328,-0.107],[38.844,-0.047]]]},"properties":{"id":"pokomo","name":"Pokomo","family":"Niger-Congo","glottocode":"poko1261","language":"Pokomo","group":"Nyika","ea":"Ad33","lat":-0.953975,"lon":39.8228}},
{"type":"Feature","geometry":{"type":"Polygon","coordinates":[[[29.399,-24.473],[29.154,-24.067],[28.809,-23.689],[28.666,-23.562],[28.389,-23.478],[28.226,-23.513],[28.021,-23.655],[28.113,-23.8],[28.164,-23.994],[28.079,-24.507],[28.231,-24.81],[28.599,-24.874],[28.969,-24.717],[29.28,-24.692],[29.399,-24.473]]]},"properties":{"id":"laka-ndebele","name":"Laka (Ndebele)","family":"Niger-Congo","glottocode":"nort2795","language":"Zimbabwean Ndebele","group":"Nguni","ea":"Ab9","lat":-24.2226,"lon":28.6353}},
{"type":"Feature","geometry":{"type":"Polygon","coordinates":[[[28.641,-31.262],[28.783,-31.82],[28.799,-32.114],[28.88,-32.276],[29.209,-31.946],[29.418,-31.68],[29.629,-31.581],[29.766,-31.444],[29.993,-31.31],[30.123,-31.16],[29.943,-30.852],[29.716,-30.785],[29.539,-30.81],[28.641,-31.262]]]},"properties":{"id":"pondo","name":"Pondo","family":"Niger-Congo","glottocode":"mpon1252","language":"Mpondo","group":"Nguni","ea":"Ab10","lat":-31.3894,"lon":29.3103}},
{"type":"Feature","geometry":{"type":"Polygon","coordinates":[[[3.678,14.01],[3.613,13.574],[3.628,13.471],[3.457,12.937],[3.465,12.803],[3.654,12.664],[3.895,13.011],[4.065,13.359],[4.148,13.597],[3.798,13.945],[3.678,14.01]]]},"properties":{"id":"mauri","name":"Mauri","family":"Afro-Asiatic","glottocode":null,"language":"Hausa","group":"Songhai","ea":"Cb3","lat":13.3331,"lon":3.776062}},
{"type":"Feature","geometry":{"type":"Polygon","coordinates":[[[26.107,1.617],[26.341,1.656],[26.545,1.764],[26.585,2.078],[26.489,2.093],[26.256,2.326],[26.063,2.388],[25.834,2.388],[25.828,1.912],[25.874,1.792],[26.107,1.617]]]},"properties":{"id":"popoi","name":"Popoi","family":"Nilo-Saharan","glottocode":"popo1291","language":"Popoi","group":"Mangbetu","ea":"Ai28","lat":1.993548,"lon":26.1709}},
{"type":"Feature","geometry":{"type":"Polygon","coordinates":[[[21.517,2.422],[21.099,2.138],[21.031,1.979],[21.127,1.905],[22.108,1.939],[22.682,1.911],[22.863,1.934],[23.034,2.014],[23.058,2.135],[23,2.2],[22.307,2.405],[21.757,2.433],[21.517,2.422]]]},"properties":{"id":"poto","name":"Poto","family":"Niger-Congo","glottocode":"luse1252","language":"Lusengo","group":"Riverain Congo","ea":"Ae29","lat":2.142148,"lon":22.0291}},
{"type":"Feature","geometry":{"type":"MultiPolygon","coordinates":[[[[9.967,3.076],[9.897,2.958],[9.873,2.744],[9.775,2.329],[9.762,2.093],[9.812,1.92],[9.64,1.701],[9.563,1.497],[9.351,1.172],[9.394,1.112],[9.795,1.088],[9.998,1.623],[10.069,1.952],[10.088,2.042],[10.104,2.175],[10.137,2.461],[10.147,2.577],[10.17,2.855],[10.178,3.11],[10.147,3.105],[9.967,3.076]]],[[[9.75,1.056],[9.574,1.001],[9.63,0.718],[9.312,0.619],[9.5,0.291],[9.655,0.24],[9.79,0.969],[9.75,1.056]]]]},"properties":{"id":"puku","name":"Puku","family":"Niger-Congo","glottocode":"bata1285","language":"Batanga","group":"Biafra Coast","ea":"Ae47","lat":1.733394,"lon":9.811911}},
{"type":"Feature","geometry":{"type":"Polygon","coordinates":[[[35.63,-4.561],[35.622,-4.829],[35.919,-4.951],[36.165,-4.823],[36.396,-4.773],[36.417,-4.577],[36.338,-4.272],[35.63,-4.561]]]},"properties":{"id":"rangi","name":"Rangi","family":"Khoisan","glottocode":"sand1273","language":"Sandawe","group":"Rift","ea":"Aa6","lat":-4.63081,"lon":36.0369}},
{"type":"Feature","geometry":{"type":"Polygon","coordinates":[[[28.34,2.673],[27.96,3.033],[27.613,2.842],[27.657,2.768],[27.631,2.577],[27.759,2.592],[27.835,2.378],[28.053,2.333],[28.155,2.361],[28.303,2.515],[28.34,2.673]]]},"properties":{"id":"mayogo-badjo-ne","name":"Mayogo, Badjo (Ne)","family":"Niger-Congo","glottocode":"budu1250","language":"Budu","group":"Babwa-Bira","ea":"Ae31","lat":2.663205,"lon":27.9811}},
{"type":"Feature","geometry":{"type":"Polygon","coordinates":[[[32.966,-10.162],[33.168,-10.053],[33.372,-9.698],[33.288,-9.252],[33.198,-9.035],[32.886,-9.139],[32.866,-9.555],[32.828,-9.889],[32.872,-10.11],[32.966,-10.162]]]},"properties":{"id":"lambya","name":"Lambya","family":"Niger-Congo","glottocode":"tumb1250","language":"Tumbuka","group":"Bemba-Lamba","ea":"Ac36","lat":-9.60184,"lon":33.0758}},
{"type":"Feature","geometry":{"type":"Polygon","coordinates":[[[28.407,-1.703],[28.355,-1.413],[28.134,-1.272],[27.95,-1.274],[27.82,-1.429],[27.627,-1.441],[27.428,-1.356],[27.258,-1.333],[27.127,-1.526],[27.101,-2.041],[27.147,-2.359],[27.079,-2.554],[26.999,-2.605],[26.727,-2.628],[26.608,-2.679],[26.398,-2.86],[26.222,-3.121],[26.313,-3.558],[26.415,-3.746],[26.8,-3.61],[26.995,-3.623],[27.109,-3.736],[27.323,-4.07],[27.394,-4.234],[27.566,-4.206],[28.149,-4.187],[28.646,-4.091],[28.961,-3.996],[29.098,-4.003],[29.098,-3.77],[29.153,-3.674],[29.134,-3.432],[29.206,-3.338],[29.181,-3.28],[29.099,-3.298],[28.764,-3.222],[28.613,-3.146],[28.569,-3.02],[28.544,-2.491],[28.418,-2.295],[28.317,-2.03],[28.407,-1.703]]]},"properties":{"id":"rega","name":"Rega","family":"Niger-Congo","glottocode":"lega1249","language":"Lega-Shabunda","group":"Luba","ea":"Ae17","lat":-2.93203,"lon":27.733}},
{"type":"Feature","geometry":{"type":"Polygon","coordinates":[[[-14.386,19.019],[-14.049,18.992],[-13.711,18.784],[-13.294,18.629],[-12.081,18.812],[-11.585,18.82],[-11.217,18.892],[-11.111,18.92],[-10.422,19.373],[-10.127,19.753],[-9.962,20.025],[-10.027,20.105],[-10.17,20.551],[-10.285,20.816],[-10.357,21.137],[-10.493,22.106],[-10.544,22.71],[-10.529,23.298],[-10.501,23.586],[-10.443,23.816],[-10.429,24.048],[-10.35,24.393],[-10.12,25.068],[-9.825,25.588],[-9.482,25.964],[-9.603,26.436],[-9.524,26.89],[-9.538,27.027],[-9.632,27.173],[-10.12,27.063],[-10.752,27.005],[-11.197,26.89],[-11.621,26.74],[-12.196,26.495],[-12.741,26.395],[-13.389,26.499],[-13.432,26.426],[-13.526,26.375],[-13.605,26.332],[-13.748,26.242],[-13.901,26.121],[-13.921,26.105],[-13.934,26.093],[-14.043,25.99],[-14.172,25.825],[-14.24,25.708],[-14.251,25.689],[-14.265,25.652],[-14.301,25.552],[-14.353,25.394],[-14.395,25.265],[-14.438,25.071],[-14.682,24.544],[-14.804,24.372],[-14.941,24.192],[-14.95,24.178],[-14.969,24.152],[-14.834,24.099],[-14.684,24.055],[-13.865,23.862],[-13.678,23.768],[-13.606,23.675],[-13.592,23.356],[-13.678,23.14],[-13.944,22.236],[-14.116,21.557],[-14.317,20.653],[-14.411,19.841],[-14.386,19.019]]]},"properties":{"id":"regeibat","name":"Regeibat","family":"Afro-Asiatic","glottocode":"hass1238","language":"Hassaniyya","group":"Arabs, Bedoin","ea":"Cc1","lat":22.8533,"lon":-12.1649}},
{"type":"Feature","geometry":{"type":"Polygon","coordinates":[[[12.314,13.572],[12.231,13.439],[12.268,13.238],[12.415,13.15],[12.742,13.238],[12.853,13.401],[12.842,13.599],[12.727,13.691],[12.601,13.705],[12.408,13.654],[12.314,13.572]]]},"properties":{"id":"mober","name":"Mober","family":"Nilo-Saharan","glottocode":"teda1241","language":"Tedaga","group":"Teda","ea":"Cc2","lat":13.432,"lon":12.5509}},
{"type":"Feature","geometry":{"type":"Polygon","coordinates":[[[4.653,11.388],[4.352,11.536],[4.243,11.299],[4.514,11.153],[4.915,10.737],[5.078,10.947],[5.041,11.098],[5.018,11.14],[4.653,11.388]]]},"properties":{"id":"reshe","name":"Reshe","family":"Niger-Congo","glottocode":"resh1242","language":"Reshe","group":"Niger, Middle","ea":"Ah15","lat":11.156,"lon":4.698977}},
{"type":"Feature","geometry":{"type":"Polygon","coordinates":[[[29.265,-2.697],[29.526,-2.596],[29.715,-2.684],[29.904,-2.615],[30.005,-2.47],[30.163,-2.401],[30.77,-2.327],[30.915,-2.147],[30.806,-1.688],[30.705,-1.398],[30.678,-1.178],[30.358,-1.215],[30.307,-1.407],[30.034,-1.436],[29.819,-1.356],[29.635,-1.18],[29.382,-1.227],[29.223,-1.674],[29.133,-1.758],[29.047,-2.079],[29.123,-2.47],[29.265,-2.697]]]},"properties":{"id":"ruanda","name":"Ruanda","family":"Niger-Congo","glottocode":"kiny1244","language":"Kinyarwanda","group":"West Lacustrine Bantu","ea":"Ae10","lat":-1.9311,"lon":29.9354}},
{"type":"Feature","geometry":{"type":"Polygon","coordinates":[[[24.714,1.239],[25.103,1.017],[25.222,0.904],[25.34,0.693],[25.708,0.992],[25.678,1.217],[25.312,1.543],[25.13,1.571],[24.835,1.463],[24.714,1.239]]]},"properties":{"id":"mbae","name":"Mbae","family":"Niger-Congo","glottocode":"komo1260","language":"Komo (Democratic Republic of Congo)","group":"Babwa-Bira","ea":"Ae32","lat":1.194465,"lon":25.2536}},
{"type":"Feature","geometry":{"type":"Polygon","coordinates":[[[34.094,-8.826],[33.988,-8.568],[33.78,-8.435],[33.477,-8.372],[33.383,-8.095],[33.387,-7.887],[32.999,-7.992],[32.734,-8.124],[32.455,-8.112],[32.386,-8.472],[32.577,-8.682],[32.722,-8.959],[32.886,-9.139],[33.198,-9.035],[33.365,-8.972],[33.491,-8.984],[33.806,-8.865],[34.056,-8.832],[34.094,-8.826]]]},"properties":{"id":"safwa","name":"Safwa","family":"Niger-Congo","glottocode":"safw1238","language":"Safwa","group":"Rukwa","ea":"Ad17","lat":-8.54334,"lon":33.1464}},
{"type":"Feature","geometry":{"type":"Polygon","coordinates":[[[27.882,0.815],[27.905,1.008],[27.785,1.093],[27.672,1.042],[27.525,0.883],[27.371,0.781],[27.065,0.764],[26.872,0.832],[26.73,0.945],[26.384,0.985],[26.12,0.907],[26.22,0.774],[26.265,0.62],[26.622,0.462],[26.81,0.337],[27.099,0.201],[27.298,0.178],[27.411,0.212],[27.621,0.376],[27.797,0.711],[27.882,0.815]]]},"properties":{"id":"rumbi","name":"Rumbi","family":"Nilo-Saharan","glottocode":"lomb1254","language":"Lombi","group":"Babwa-Bira","ea":"Ae35","lat":0.633154,"lon":27.0738}},
{"type":"Feature","geometry":{"type":"Polygon","coordinates":[[[29.181,-3.28],[29.206,-3.338],[29.343,-3.376],[29.329,-3.761],[29.6,-4.358],[29.653,-4.405],[29.936,-4.338],[30.165,-4.128],[30.634,-3.831],[30.749,-3.688],[30.815,-3.526],[30.921,-3.019],[31.074,-2.864],[30.77,-2.327],[30.163,-2.401],[30.005,-2.47],[29.904,-2.615],[29.715,-2.684],[29.526,-2.596],[29.265,-2.697],[29.281,-3.241],[29.181,-3.28]]]},"properties":{"id":"rundi","name":"Rundi","family":"Niger-Congo","glottocode":"rund1242","language":"Rundi","group":"West Lacustrine Bantu","ea":"Ae8","lat":-3.28221,"lon":30.0875}},
{"type":"Feature","geometry":{"type":"Polygon","coordinates":[[[13.748,4.799],[13.748,4.093],[14.02,4.058],[14.25,3.979],[14.493,3.943],[14.809,3.846],[14.997,3.944],[15.386,4.014],[15.424,4.176],[15.305,4.263],[14.977,4.318],[14.862,4.463],[14.795,4.73],[14.656,4.888],[14.407,4.937],[14.158,4.912],[13.748,4.799]]]},"properties":{"id":"kaka","name":"Kaka","family":"Niger-Congo","glottocode":"nort2775","language":"Northwest Gbaya","group":"Banda-Baya","ea":"Ai7","lat":4.376082,"lon":14.4458}},
{"type":"Feature","geometry":{"type":"Polygon","coordinates":[[[-11.957,12.413],[-11.69,12.232],[-10.405,11.891],[-10.084,11.777],[-10.003,11.677],[-9.975,11.521],[-9.883,11.405],[-10.017,11.204],[-10.167,11.154],[-10.151,10.995],[-9.95,10.853],[-9.757,10.887],[-9.707,11.305],[-9.607,11.405],[-9.373,11.531],[-9.247,11.648],[-9.214,11.899],[-9.373,12.041],[-9.423,12.15],[-9.716,12.225],[-9.808,12.3],[-9.849,12.501],[-9.975,12.643],[-10.159,12.585],[-10.251,12.426],[-10.443,12.342],[-10.945,12.426],[-11.397,12.626],[-11.631,12.652],[-11.849,12.551],[-11.957,12.413]]]},"properties":{"id":"dialonke","name":"Dialonke","family":"Niger-Congo","glottocode":"kita1249","language":"Kita Maninkakan","group":"Mande, Nuclear","ea":"Ag9","lat":11.9995,"lon":-10.3175}},
{"type":"Feature","geometry":{"type":"Polygon","coordinates":[[[30.567,26.241],[30.577,26.246],[30.32,26.966],[30.064,27.538],[29.788,28.545],[29.783,28.739],[29.778,28.969],[29.827,29.393],[29.868,29.542],[29.887,29.61],[29.916,29.666],[30.015,29.856],[30.103,29.975],[30.026,30.038],[29.778,30.241],[29.383,30.645],[29.276,30.86],[29.035,30.824],[28.812,30.952],[28.41,31.085],[28.32,31.059],[27.915,31.099],[27.841,31.244],[27.663,31.174],[27.439,31.223],[27.343,31.371],[27.221,31.369],[26.547,31.505],[26.373,31.514],[25.881,31.62],[25.404,31.502],[25.177,31.535],[25.012,31.329],[24.805,30.905],[24.765,30.431],[24.773,30.071],[24.969,30.037],[25.215,29.889],[25.442,29.692],[25.649,29.415],[25.866,29.228],[26.389,29.05],[26.931,28.952],[27.079,28.814],[27.119,28.577],[26.951,28.124],[27.267,27.48],[27.628,27.548],[28.259,27.617],[28.377,27.775],[28.496,28.111],[28.634,28.318],[28.782,28.426],[29.038,28.377],[29.147,28.14],[29.078,27.824],[28.91,27.45],[28.88,27.154],[28.94,26.542],[29.003,26.294],[30.008,25.972],[30.567,26.241]]]},"properties":{"id":"saadi","name":"Saadi","family":"Afro-Asiatic","glottocode":"said1239","language":"Saidi Arabic","group":"Arabs, Bedoin","ea":"Cd18","lat":29.3361,"lon":27.8468}},
{"type":"Feature","geometry":{"type":"Polygon","coordinates":[[[-14.348,10.754],[-14.311,10.741],[-14.29,10.733],[-14.217,10.706],[-14.176,10.666],[-14.145,10.647],[-14.11,10.626],[-14.036,10.586],[-13.936,10.66],[-13.948,10.739],[-13.949,10.747],[-13.976,10.834],[-14.023,10.914],[-14.15,11.028],[-14.364,11.108],[-14.511,11.182],[-14.567,11.208],[-14.606,11.226],[-14.618,11.148],[-14.658,11.103],[-14.642,11.081],[-14.607,11.01],[-14.602,11.001],[-14.555,10.921],[-14.484,10.921],[-14.348,10.754]]]},"properties":{"id":"landuma","name":"Landuma","family":"Niger-Congo","glottocode":"susu1250","language":"Susu","group":"Mande, Nuclear","ea":"Ag26","lat":10.9045,"lon":-14.2734}},
{"type":"Feature","geometry":{"type":"Polygon","coordinates":[[[10.47,34.828],[10.448,34.712],[10.482,34.516],[10.902,34.874],[10.924,34.974],[11.124,35.248],[11.029,35.331],[11.057,35.509],[11.01,35.653],[10.718,35.774],[10.472,36.057],[10.455,36.123],[10.457,36.189],[10.461,36.207],[10.467,36.243],[10.467,36.246],[10.329,36.32],[10.221,36.418],[10.034,36.389],[9.924,36.316],[9.915,36.31],[9.84,36.276],[10.004,35.728],[10.122,35.521],[10.398,35.304],[10.408,35.29],[10.507,35.146],[10.497,34.969],[10.47,34.828]]]},"properties":{"id":"sahel","name":"Sahel","family":"Afro-Asiatic","glottocode":"sahi1245","language":"Sahil","group":"Arabs, Littoral North Africa","ea":"Cd19","lat":35.544,"lon":10.4972}},
{"type":"Feature","geometry":{"type":"Polygon","coordinates":[[[21.523,-7.716],[21.819,-7.652],[22.324,-7.635],[22.408,-7.694],[22.879,-7.77],[23.137,-7.698],[23.131,-7.171],[23.24,-6.927],[23.32,-6.871],[23.139,-6.683],[22.685,-6.498],[22.138,-6.49],[21.895,-6.431],[21.777,-6.347],[21.491,-6.557],[21.185,-6.71],[21.239,-6.763],[21.314,-7.167],[21.523,-7.716]]]},"properties":{"id":"mbagani","name":"Mbagani","family":"Niger-Congo","glottocode":"chok1245","language":"Chokwe","group":"Lunda","ea":"Ac12","lat":-7.08356,"lon":22.248}},
{"type":"Feature","geometry":{"type":"Polygon","coordinates":[[[18.836,-3.742],[18.967,-3.475],[18.993,-2.97],[18.928,-2.75],[18.443,-2.517],[18.339,-2.323],[18.178,-2.129],[17.854,-2.019],[17.55,-2.103],[17.052,-2.126],[16.831,-2.11],[16.624,-2.271],[16.573,-2.362],[16.56,-2.88],[16.637,-3.061],[16.935,-3.287],[17.338,-3.415],[17.484,-3.395],[17.794,-3.485],[17.989,-3.447],[18.377,-3.596],[18.518,-3.689],[18.836,-3.742]]]},"properties":{"id":"sakata","name":"Sakata","family":"Niger-Congo","glottocode":"saka1287","language":"Sakata","group":"Kasai","ea":"Ac24","lat":-2.84089,"lon":17.7799}},
{"type":"Feature","geometry":{"type":"Polygon","coordinates":[[[36.155,-0.205],[36.479,-0.42],[36.635,-0.35],[37.045,-0.237],[37.414,-0.063],[37.523,0.162],[37.804,0.623],[37.476,1.275],[37.451,1.47],[37.464,2.015],[37.519,2.344],[37.305,2.393],[37.226,2.463],[37.069,2.768],[37.004,2.834],[36.695,2.869],[36.703,2.48],[36.562,2.395],[36.481,2.101],[36.233,1.76],[36.315,1.186],[36.296,0.316],[36.165,0.125],[36.155,-0.205]]]},"properties":{"id":"samburu","name":"Samburu","family":"Nilo-Saharan","glottocode":"samb1315","language":"Samburu","group":"Masai","ea":"Aj29","lat":1.089914,"lon":36.9134}},
{"type":"Feature","geometry":{"type":"Polygon","coordinates":[[[10.866,-1.404],[11.343,-1.349],[11.768,-1.209],[11.847,-1.142],[11.859,-0.997],[11.58,-0.851],[11.574,-0.754],[11.695,-0.542],[11.887,-0.311],[11.766,-0.22],[11.602,-0.176],[11.044,-0.438],[10.946,-0.526],[10.902,-0.843],[10.847,-1.029],[10.825,-1.302],[10.866,-1.404]]]},"properties":{"id":"kalai","name":"Kalai","family":"Niger-Congo","glottocode":"fang1246","language":"Fang (Equatorial Guinea)","group":"Fang-Dzem","ea":"Ae3","lat":-0.834504,"lon":11.3278}},
{"type":"Feature","geometry":{"type":"Polygon","coordinates":[[[34.771,-15.122],[34.908,-14.785],[34.848,-14.521],[34.816,-14.227],[34.701,-14.274],[34.552,-14.084],[34.627,-13.697],[34.393,-13.518],[34.192,-13.572],[33.996,-13.481],[33.838,-13.534],[33.815,-13.692],[33.876,-13.941],[34.117,-14.009],[34.252,-14.182],[34.094,-14.544],[34.132,-14.664],[34.486,-14.785],[34.771,-15.122]]]},"properties":{"id":"gomani","name":"Gomani","family":"Niger-Congo","glottocode":"chew1246","language":"Chewa","group":"Maravi","ea":"Ac10","lat":-14.2128,"lon":34.3955}},
{"type":"Feature","geometry":{"type":"Polygon","coordinates":[[[-3.343,13.326],[-3.188,13.057],[-2.819,12.651],[-2.669,12.877],[-2.662,13.107],[-2.466,13.436],[-2.46,13.537],[-2.711,13.881],[-2.783,13.917],[-3.055,13.898],[-3.194,13.772],[-3.343,13.326]]]},"properties":{"id":"samo","name":"Samo","family":"Niger-Congo","glottocode":"sout2844","language":"Southern Samo","group":"Marka","ea":"Ag29","lat":13.3766,"lon":-2.9016}},
{"type":"Feature","geometry":{"type":"Polygon","coordinates":[[[36.061,-5.411],[35.919,-4.951],[35.622,-4.829],[35.177,-4.935],[35.213,-5.536],[35.736,-5.589],[35.994,-5.551],[36.061,-5.411]]]},"properties":{"id":"sandawe","name":"Sandawe","family":"Khoisan","glottocode":"sand1273","language":"Sandawe","group":"Rift","ea":"Aa6","lat":-5.22784,"lon":35.5912}},
{"type":"Feature","geometry":{"type":"Polygon","coordinates":[[[15.362,2.79],[15.494,2.899],[15.652,2.887],[15.712,2.808],[15.737,2.578],[15.712,2.39],[15.621,2.274],[15.401,2.297],[15.257,2.098],[15.154,1.819],[15.176,1.716],[15.522,1.748],[15.898,1.621],[16.007,1.536],[16.171,1.16],[16.22,0.978],[16.195,0.402],[16.213,0.298],[16.331,0.316],[16.635,0.522],[16.956,0.644],[17.231,0.84],[17.181,0.945],[17.041,1.685],[17.09,1.982],[17.229,2.094],[17.229,2.226],[17.103,2.579],[17.047,2.706],[16.877,2.907],[16.525,3.052],[16.422,3.143],[16.119,3.544],[16.035,3.785],[15.676,3.72],[15.524,3.78],[15.386,4.014],[14.997,3.944],[14.809,3.846],[15.045,3.251],[15.336,2.887],[15.362,2.79]]]},"properties":{"id":"sanga","name":"Sanga","family":"Niger-Congo","glottocode":"bomw1238","language":"Bomwali","group":"Fang-Dzem","ea":"Ae43","lat":2.260324,"lon":16.1853}},
{"type":"Feature","geometry":{"type":"Polygon","coordinates":[[[34.732,-8.62],[34.738,-8.385],[34.694,-8.051],[34.536,-7.798],[34.448,-7.716],[34.341,-7.382],[33.881,-7.376],[33.723,-7.42],[33.616,-7.533],[33.387,-7.887],[33.383,-8.095],[33.477,-8.372],[33.78,-8.435],[33.988,-8.568],[34.094,-8.826],[34.499,-8.818],[34.646,-8.758],[34.732,-8.62]]]},"properties":{"id":"sangu","name":"Sangu","family":"Niger-Congo","glottocode":"sang1330","language":"Sangu (Tanzania)","group":"Rufiji","ea":"Ad23","lat":-8.08836,"lon":34.0908}},
{"type":"Feature","geometry":{"type":"Polygon","coordinates":[[[28.815,14.636],[27.702,14.358],[27.696,13.652],[28.379,13.506],[29.188,13.384],[30.141,13.629],[30.77,13.793],[31.077,13.773],[31.309,13.513],[31.726,13.329],[31.803,13.272],[32.055,13.483],[32.219,13.828],[32.041,14.066],[31.905,14.422],[31.857,14.62],[31.827,15.021],[31.389,15.193],[31.291,15.036],[30.923,14.995],[30.697,14.9],[30.506,14.722],[30.294,14.62],[29.85,14.531],[29.502,14.387],[29.188,14.408],[28.815,14.636]]]},"properties":{"id":"fezara","name":"Fezara","family":"Afro-Asiatic","glottocode":"nort3133","language":"North Kordofan Arabic","group":"Arabs, Bedoin","ea":"Cc6","lat":14.1156,"lon":30.0847}},
{"type":"Feature","geometry":{"type":"Polygon","coordinates":[[[19.92,31.732],[19.963,31.531],[20.156,31.15],[20.055,30.846],[19.759,30.513],[19.345,30.294],[18.966,30.273],[18.745,30.383],[18.593,30.097],[18.465,29.762],[18.317,29.505],[18.129,29.101],[18.163,28.916],[18.354,28.276],[19.055,28.4],[19.627,28.469],[20.041,28.547],[20.475,28.561],[20.514,29.08],[20.652,29.307],[20.978,29.475],[21.175,29.544],[21.481,29.544],[21.708,29.475],[22.131,29.112],[22.497,29.169],[23.01,29.129],[23.463,29.021],[24.253,28.764],[24.627,28.755],[24.843,28.824],[24.785,29.218],[24.765,29.563],[24.773,30.071],[24.765,30.431],[24.805,30.905],[25.012,31.329],[25.177,31.535],[25.153,31.668],[24.991,31.963],[24.736,32.026],[24.543,31.985],[24.064,32.012],[23.996,32.092],[23.726,32.175],[23.509,32.171],[23.247,32.216],[23.123,32.315],[23.093,32.209],[22.945,32.1],[22.461,32.11],[22.087,32.248],[21.919,32.347],[21.593,32.436],[21.396,32.406],[20.913,32.228],[20.656,32.09],[20.272,31.804],[20.025,31.716],[19.92,31.732]]]},"properties":{"id":"sanusi","name":"Sanusi","family":"Afro-Asiatic","glottocode":"liby1240","language":"Libyan Arabic","group":"Arabs, Bedoin","ea":"Cd20","lat":30.3883,"lon":21.8847}},
{"type":"Feature","geometry":{"type":"Polygon","coordinates":[[[-8.81,6.276],[-8.888,6.127],[-8.847,5.967],[-8.894,5.771],[-9.052,5.625],[-8.924,5.48],[-8.823,5.456],[-8.562,5.527],[-8.306,5.45],[-8.079,5.297],[-8.009,5.434],[-8.045,5.753],[-8.087,5.854],[-8.81,6.276]]]},"properties":{"id":"sapo","name":"Sapo","family":"Niger-Congo","glottocode":"sapo1251","language":"Sapo","group":"Kru","ea":"Af49","lat":5.753776,"lon":-8.5086}},
{"type":"Feature","geometry":{"type":"Polygon","coordinates":[[[35.582,-18.123],[35.62,-18.068],[35.618,-18.067],[35.579,-18.029],[35.418,-17.875],[35.141,-17.564],[35.034,-17.445],[34.846,-17.236],[34.708,-17.148],[34.619,-17.093],[34.458,-16.988],[34.456,-16.987],[34.451,-16.983],[34.351,-17.184],[34.325,-17.236],[34.31,-17.286],[34.224,-17.589],[34.115,-17.992],[34.014,-18.623],[34.034,-18.682],[34.048,-18.721],[34.052,-18.732],[34.35,-18.853],[34.422,-18.874],[34.493,-18.895],[34.72,-18.945],[34.914,-19.038],[35.002,-19.038],[35.099,-18.884],[35.275,-18.598],[35.452,-18.312],[35.582,-18.123]]]},"properties":{"id":"sena","name":"Sena","family":"Niger-Congo","glottocode":"nucl1396","language":"Sena","group":"Maravi","ea":"Ac40","lat":-18.1081,"lon":34.7282}},
{"type":"Feature","geometry":{"type":"Polygon","coordinates":[[[-5.199,10.489],[-5.343,10.402],[-5.682,10.284],[-5.961,10.331],[-6.119,10.482],[-6.275,10.373],[-6.581,10.276],[-6.703,10.07],[-6.673,9.749],[-6.869,9.809],[-6.899,10.082],[-6.976,10.23],[-7.184,10.153],[-7.267,10.016],[-7.267,9.696],[-7.332,9.506],[-7.285,9.345],[-7.136,9.043],[-7.184,8.728],[-7.095,8.532],[-6.917,8.556],[-6.697,8.847],[-6.489,8.948],[-6.02,8.942],[-5.759,8.811],[-5.593,8.532],[-5.606,8.376],[-5.44,8.162],[-5.224,8.17],[-4.85,8.104],[-4.595,7.98],[-4.489,7.861],[-4.34,7.908],[-3.972,7.957],[-3.912,8.312],[-3.918,8.562],[-4.34,8.734],[-4.542,8.93],[-4.524,9.072],[-4.268,9.446],[-4.438,9.75],[-4.553,9.761],[-4.904,9.898],[-5.1,10.218],[-5.051,10.39],[-5.199,10.489]]]},"properties":{"id":"senufo","name":"Senufo","family":"Niger-Congo","glottocode":"ceba1235","language":"Senari","group":"Senufo","ea":"Ag32","lat":9.253283,"lon":-5.60798}},
{"type":"Feature","geometry":{"type":"Polygon","coordinates":[[[13.066,24.696],[13.257,24.635],[14.006,24.635],[15.101,24.783],[15.9,24.812],[16.601,24.881],[17.557,25.013],[17.528,25.434],[17.449,25.759],[17.173,27.199],[17.137,27.608],[16.482,27.775],[16.206,27.884],[15.693,28.18],[15.606,28.252],[15.21,27.934],[14.904,27.717],[14.687,27.52],[14.44,27.401],[14.194,27.372],[13.711,27.401],[13.217,27.273],[12.981,27.115],[12.673,26.785],[12.673,26.634],[12.86,25.391],[13.066,24.696]]]},"properties":{"id":"fezzan","name":"Fezzan","family":"Afro-Asiatic","glottocode":null,"language":"Libyan Arabic","group":"Teda","ea":"Cc2","lat":26.2078,"lon":15.1347}},
{"type":"Feature","geometry":{"type":"Polygon","coordinates":[[[42.929,0.336],[43.068,0.426],[43.104,0.563],[43.004,0.909],[42.813,1.264],[42.667,1.276],[42.54,1.147],[42.558,0.955],[42.758,0.4],[42.929,0.336]]]},"properties":{"id":"gosha","name":"Gosha","family":"Afro-Asiatic","glottocode":"bora1271","language":"Borana-Arsi-Guji Oromo","group":"Galla","ea":"Ca11","lat":0.810545,"lon":42.8191}},
{"type":"Feature","geometry":{"type":"Polygon","coordinates":[[[38.729,-4.073],[38.395,-4.079],[38.363,-4.307],[38.438,-4.334],[38.507,-4.505],[38.486,-4.614],[38.336,-4.703],[38.145,-4.641],[38.075,-4.568],[37.904,-4.646],[37.988,-4.901],[38.121,-5.137],[38.482,-5.17],[38.689,-4.956],[38.781,-4.362],[38.729,-4.073]]]},"properties":{"id":"shambala","name":"Shambala","family":"Niger-Congo","glottocode":"sham1280","language":"Shambala","group":"Kenya Highlands","ea":"Ad10","lat":-4.68555,"lon":38.419}},
{"type":"Feature","geometry":{"type":"MultiPolygon","coordinates":[[[[-12.531,8.208],[-12.576,8.204],[-12.728,8.192],[-12.824,8.173],[-12.906,8.045],[-12.87,7.818],[-12.701,7.699],[-12.573,7.686],[-12.428,7.53],[-12.504,7.387],[-11.842,7.148],[-11.705,7.063],[-11.606,7.313],[-11.577,7.345],[-11.576,7.346],[-11.579,7.349],[-11.642,7.438],[-11.679,7.483],[-12.066,7.667],[-12.076,7.693],[-12.086,7.72],[-12.082,7.819],[-12.092,7.854],[-12.095,7.866],[-12.106,7.878],[-12.119,7.893],[-12.185,7.913],[-12.216,7.926],[-12.269,7.948],[-12.422,8.038],[-12.482,8.104],[-12.494,8.122],[-12.523,8.167],[-12.531,8.208]]],[[[-12.631,7.638],[-12.885,7.614],[-12.859,7.542],[-12.619,7.478],[-12.631,7.638]]]]},"properties":{"id":"sherbro","name":"Sherbro","family":"Niger-Congo","glottocode":"sher1258","language":"Sherbro","group":"Mende-Temne","ea":"Af14","lat":7.644749,"lon":-12.3055}},
{"type":"Feature","geometry":{"type":"Polygon","coordinates":[[[28.582,-10.21],[28.655,-9.925],[28.617,-9.685],[28.617,-9.294],[28.68,-9.112],[28.809,-8.95],[28.825,-8.695],[28.793,-8.531],[28.667,-8.374],[28.457,-8.337],[28.101,-8.908],[27.735,-9.255],[27.616,-9.456],[27.403,-9.906],[27.463,-10.095],[27.57,-10.171],[27.922,-10.279],[28.163,-10.19],[28.276,-10.24],[28.582,-10.21]]]},"properties":{"id":"shila","name":"Shila","family":"Niger-Congo","glottocode":"chew1246","language":"Chewa","group":"Maravi","ea":"Ac10","lat":-9.45047,"lon":28.194}},
{"type":"Feature","geometry":{"type":"Polygon","coordinates":[[[11.091,5.127],[11.104,4.74],[10.97,4.512],[11.369,4.118],[11.53,4.361],[11.582,5.043],[11.603,5.325],[11.296,5.474],[11.104,5.244],[11.091,5.127]]]},"properties":{"id":"fia","name":"Fia","family":"Niger-Congo","glottocode":"fang1246","language":"Fang (Equatorial Guinea)","group":"Fang-Dzem","ea":"Ae3","lat":4.816832,"lon":11.3283}},
{"type":"Feature","geometry":{"type":"Polygon","coordinates":[[[11.298,8.672],[11.073,8.713],[10.827,8.517],[10.765,8.375],[10.839,8.3],[11.036,8.363],[11.227,8.523],[11.298,8.672]]]},"properties":{"id":"kam","name":"Kam","family":"Niger-Congo","glottocode":"samb1311","language":"Sama Mum","group":"Chamba-Yungur","ea":"Ah29","lat":8.51998,"lon":11.025}},
{"type":"Feature","geometry":{"type":"Polygon","coordinates":[[[31.041,9.681],[31.06,9.4],[31.249,9.347],[31.877,9.306],[31.98,9.334],[32.116,9.491],[32.301,10.044],[32.314,10.331],[32.23,10.727],[32.055,10.759],[31.864,10.602],[31.761,10.343],[31.577,10.151],[31.44,10.076],[31.097,9.982],[31.041,9.681]]]},"properties":{"id":"shilluk","name":"Shilluk","family":"Nilo-Saharan","glottocode":"shil1265","language":"Shilluk","group":"Fung","ea":"Ai6","lat":9.904534,"lon":31.7481}},
{"type":"Feature","geometry":{"type":"Polygon","coordinates":[[[-6.309,31.661],[-6.648,31.947],[-6.777,32.005],[-7.215,31.545],[-7.654,31.294],[-7.941,31.229],[-8.307,31.244],[-9.025,31.236],[-9.811,31.271],[-9.842,31.138],[-9.824,30.779],[-9.886,30.628],[-9.702,30.539],[-9.609,30.37],[-9.667,30.09],[-9.853,29.805],[-9.771,29.746],[-9.764,29.43],[-9.153,28.841],[-9.139,28.784],[-8.803,28.938],[-7.718,29.592],[-6.828,29.972],[-6.454,30.17],[-6.684,30.367],[-6.964,30.511],[-7.057,30.662],[-7.093,30.863],[-7.057,31.021],[-6.835,31.294],[-6.526,31.459],[-6.309,31.661]]]},"properties":{"id":"shluh","name":"Shluh","family":"Afro-Asiatic","glottocode":"susi1238","language":"Sus-Agadir","group":"Berbers, Moroccan","ea":"Cd5","lat":30.3575,"lon":-8.31197}},
{"type":"Feature","geometry":{"type":"Polygon","coordinates":[[[11.907,-1.616],[11.968,-1.604],[12.047,-1.567],[12.478,-1.306],[12.684,-1.149],[12.839,-0.969],[12.853,-0.845],[12.495,-0.451],[12.269,-0.247],[11.887,-0.311],[11.695,-0.542],[11.574,-0.754],[11.58,-0.851],[11.859,-0.997],[11.847,-1.142],[11.768,-1.209],[11.343,-1.349],[10.866,-1.404],[10.764,-1.548],[10.797,-1.596],[10.858,-1.685],[10.995,-1.803],[11.022,-1.827],[11.252,-1.805],[11.634,-1.674],[11.864,-1.619],[11.908,-1.608],[11.907,-1.616]]]},"properties":{"id":"shogo","name":"Shogo","family":"Niger-Congo","glottocode":"tsog1243","language":"Tsogo","group":"Lower Congo","ea":"Ac16","lat":-1.07029,"lon":11.9463}},
{"type":"Feature","geometry":{"type":"Polygon","coordinates":[[[17.015,12.036],[17.03,12.291],[16.926,12.485],[16.587,12.583],[16.506,12.657],[16.55,12.799],[16.765,12.904],[16.969,13.046],[17.077,13.238],[16.941,13.207],[16.165,12.826],[16.022,12.806],[15.729,12.935],[15.618,13.049],[15.325,13.069],[15.141,12.931],[14.948,12.893],[14.524,12.876],[14.472,12.665],[14.229,12.681],[14.258,12.578],[13.982,12.503],[13.837,12.695],[13.471,12.644],[13.316,12.527],[13.221,12.27],[13.287,12.02],[13.346,11.939],[13.537,11.932],[13.684,11.991],[13.918,12.299],[14.131,12.394],[14.344,12.409],[14.52,12.321],[14.587,12.174],[14.315,11.969],[14.296,11.591],[14.474,11.449],[14.661,11.383],[14.821,11.573],[15.038,12.023],[15.021,12.251],[15.182,12.368],[15.41,12.118],[15.479,11.964],[15.773,11.982],[16.198,11.951],[16.778,11.982],[17.015,12.036]]]},"properties":{"id":"shuwa","name":"Shuwa","family":"Afro-Asiatic","glottocode":null,"language":"Chadian Arabic","group":"Bornu","ea":"Cb19","lat":12.3774,"lon":15.2744}},
{"type":"Feature","geometry":{"type":"Polygon","coordinates":[[[-1.571,31.488],[-1.344,31.143],[-1.216,31.238],[-0.786,31.813],[-0.534,32.019],[-0.355,32.109],[-0.166,32.414],[-0.085,32.603],[-0.049,32.889],[-0.175,32.935],[-0.597,32.836],[-0.794,32.621],[-0.911,32.558],[-1.156,32.526],[-1.459,31.983],[-1.571,31.488]]]},"properties":{"id":"figig","name":"Figig","family":"Afro-Asiatic","glottocode":"algi1247","language":"Algiers","group":"Arabs, Bedoin","ea":"Cc16","lat":32.132,"lon":-0.860366}},
{"type":"Feature","geometry":{"type":"Polygon","coordinates":[[[33.272,0.398],[33.468,0.351],[33.434,0.224],[33.566,0.177],[33.892,0.174],[33.988,0.27],[34.094,0.609],[34.115,0.917],[34.011,1.206],[34.041,1.467],[33.803,1.6],[33.398,1.581],[33.002,1.455],[32.856,1.468],[32.851,1.379],[32.966,1.054],[33.186,0.844],[33.272,0.691],[33.272,0.398]]]},"properties":{"id":"soga","name":"Soga","family":"Niger-Congo","glottocode":"soga1242","language":"Soga","group":"East Lacustrine Bantu","ea":"Ad46","lat":0.956213,"lon":33.5725}},
{"type":"Feature","geometry":{"type":"Polygon","coordinates":[[[0.807,10.353],[0.952,10.356],[1.192,10.261],[1.25,10.192],[1.408,10.23],[1.553,10.198],[1.623,10.091],[1.48,9.943],[1.613,9.843],[1.791,9.927],[1.962,10.066],[1.863,10.306],[1.901,10.616],[1.956,10.744],[1.477,10.85],[1.351,10.938],[1.079,10.881],[0.861,10.757],[0.789,10.376],[0.807,10.353]]]},"properties":{"id":"somba","name":"Somba","family":"Niger-Congo","glottocode":"dita1238","language":"Ditammari","group":"Borgu-Mango","ea":"Ag51","lat":10.4795,"lon":1.424407}},
{"type":"Feature","geometry":{"type":"Polygon","coordinates":[[[17.01,-9.604],[16.871,-9.775],[16.729,-9.95],[16.543,-10.016],[16.299,-10.027],[16.27,-10.18],[16.117,-10.508],[16.101,-10.618],[16.423,-10.661],[16.554,-10.759],[16.707,-10.781],[16.808,-10.899],[16.926,-10.836],[17.254,-10.792],[17.571,-10.967],[17.691,-11.087],[18.096,-11.71],[18.272,-11.769],[18.785,-11.35],[18.861,-11.229],[18.982,-10.88],[18.768,-10.32],[18.238,-10.169],[17.866,-10.038],[17.582,-9.896],[17.01,-9.604]]]},"properties":{"id":"songo","name":"Songo","family":"Niger-Congo","glottocode":"song1299","language":"Nsong-Mpiin","group":"Kasai","ea":"Ac25","lat":-10.6119,"lon":17.6844}},
{"type":"Feature","geometry":{"type":"Polygon","coordinates":[[[27.394,-4.234],[27.323,-4.07],[27.109,-3.736],[26.995,-3.623],[26.8,-3.61],[26.415,-3.746],[26.534,-3.915],[26.727,-4.369],[26.823,-4.5],[26.818,-4.744],[26.636,-4.812],[26.49,-4.756],[25.896,-4.71],[25.63,-4.829],[25.437,-5.09],[25.147,-4.971],[24.711,-5.033],[24.387,-4.897],[24.018,-4.942],[23.735,-4.863],[23.377,-4.883],[23.272,-5.22],[23.323,-5.506],[23.533,-5.8],[23.71,-6.002],[23.917,-6.409],[24.053,-6.436],[24.608,-6.65],[25.106,-6.625],[25.497,-6.487],[25.873,-6.176],[26.484,-5.754],[26.73,-5.684],[27.02,-5.697],[27.191,-5.615],[27.26,-5.464],[27.342,-4.644],[27.411,-4.335],[27.394,-4.234]]]},"properties":{"id":"songe","name":"Songe","family":"Niger-Congo","glottocode":"song1303","language":"Songe","group":"Luba","ea":"Ae18","lat":-5.4024,"lon":25.4156}},
{"type":"Feature","geometry":{"type":"Polygon","coordinates":[[[-4.29,16.632],[-4.557,16.491],[-4.573,16.251],[-4.43,16.206],[-4.278,16.042],[-4.221,15.82],[-4.272,15.536],[-4.259,15.34],[-4.114,15.333],[-3.702,15.669],[-3.544,15.77],[-3.108,15.852],[-2.538,15.738],[-2.244,15.744],[-2.232,15.915],[-2.359,16.232],[-2.359,16.371],[-2.27,16.599],[-2.049,16.776],[-1.891,16.826],[-1.29,16.921],[-0.891,16.94],[-0.607,16.858],[-0.335,16.599],[0.045,16.048],[0.659,15.251],[0.76,15.004],[0.716,14.739],[0.513,14.422],[0.311,14.359],[0.203,14.473],[0.165,14.707],[0.083,14.821],[-0.107,14.859],[-0.176,14.745],[-0.206,14.382],[0.097,14.205],[0.318,13.807],[0.742,13.579],[0.951,13.522],[1.065,13.44],[1.23,13.194],[1.467,13.156],[1.765,13.248],[1.846,13.606],[1.786,13.783],[1.66,14.006],[1.682,14.228],[1.897,14.451],[1.935,14.621],[1.904,14.809],[1.733,14.823],[1.318,14.98],[0.963,15.257],[0.707,15.631],[0.115,16.371],[-0.132,16.795],[-0.467,17.101],[-0.763,17.17],[-1.14,17.19],[-1.445,17.16],[-2.146,17.042],[-2.461,16.953],[-2.728,16.845],[-3.172,16.716],[-3.497,16.45],[-3.714,16.381],[-4.069,16.48],[-4.29,16.632]]]},"properties":{"id":"songhai","name":"Songhai","family":"Nilo-Saharan","glottocode":"koyr1242","language":"Koyraboro Senni Songhai","group":"Songhai","ea":"Cb3","lat":15.3714,"lon":-0.852617}},
{"type":"Feature","geometry":{"type":"Polygon","coordinates":[[[25.032,-2.991],[25.267,-3.093],[25.63,-3.354],[25.891,-3.666],[26.135,-4.244],[26.464,-4.613],[26.49,-4.756],[26.636,-4.812],[26.818,-4.744],[26.823,-4.5],[26.727,-4.369],[26.534,-3.915],[26.415,-3.746],[26.313,-3.558],[26.222,-3.121],[26.398,-2.86],[26.608,-2.679],[26.727,-2.628],[26.999,-2.605],[27.079,-2.554],[27.147,-2.359],[27.101,-2.041],[26.815,-2.108],[26.674,-2.074],[26.492,-1.847],[26.362,-1.404],[26.243,-1.301],[26.08,-1.47],[25.813,-1.589],[25.647,-1.872],[25.581,-2.159],[25.303,-2.312],[25.121,-2.636],[25.032,-2.991]]]},"properties":{"id":"songola","name":"Songola","family":"Niger-Congo","glottocode":"song1300","language":"Songoora","group":"Riverain Congo","ea":"Ae11","lat":-2.82383,"lon":26.1024}},
{"type":"Feature","geometry":{"type":"Polygon","coordinates":[[[-6.298,15.441],[-6.521,15.498],[-6.776,15.475],[-6.933,15.524],[-7.592,15.879],[-8.056,15.899],[-8.559,15.84],[-9.072,15.849],[-9.723,15.78],[-10.157,15.544],[-10.512,15.386],[-10.857,15.386],[-11.044,15.484],[-11.183,15.721],[-11.394,16.008],[-11.555,16.007],[-11.664,15.918],[-11.92,15.603],[-12.049,15.504],[-12.295,15.445],[-12.486,15.468],[-12.7,15.294],[-12.739,15.166],[-12.739,14.88],[-12.701,14.678],[-12.052,14.513],[-11.983,14.445],[-11.691,14.337],[-11.395,14.729],[-11.209,14.778],[-11.042,14.906],[-10.866,14.925],[-10.758,14.798],[-10.601,14.749],[-10.405,14.749],[-10.258,14.68],[-10.052,14.484],[-9.974,14.553],[-10.023,14.847],[-9.758,14.915],[-9.601,14.837],[-9.446,14.452],[-9.229,14.415],[-8.856,14.425],[-8.67,14.455],[-8.366,14.415],[-7.933,14.567],[-7.739,14.709],[-7.523,14.758],[-7.317,14.857],[-7.112,14.66],[-6.67,14.66],[-6.504,14.719],[-6.416,14.906],[-6.298,15.441]]]},"properties":{"id":"soninke","name":"Soninke","family":"Niger-Congo","glottocode":"soni1259","language":"Soninke","group":"Mande, Nuclear","ea":"Ag25","lat":15.1607,"lon":-9.47774}},
{"type":"Feature","geometry":{"type":"Polygon","coordinates":[[[34.048,-18.721],[33.938,-18.69],[33.576,-18.632],[33.425,-18.59],[33.29,-18.447],[33.173,-18.245],[32.777,-17.807],[32.483,-17.639],[32.333,-17.629],[31.911,-18.346],[31.911,-18.564],[31.995,-18.817],[31.995,-18.968],[32.121,-19.389],[31.943,-19.656],[31.919,-19.761],[32.157,-20.028],[32.179,-19.986],[32.231,-19.887],[32.322,-19.801],[32.365,-19.761],[32.475,-19.669],[32.601,-19.576],[32.92,-19.509],[33.022,-19.527],[33.063,-19.534],[33.206,-19.551],[33.4,-19.542],[33.464,-19.528],[33.551,-19.509],[33.611,-19.467],[33.66,-19.433],[33.77,-19.366],[33.921,-19.08],[33.963,-18.92],[33.977,-18.883],[34.039,-18.727],[34.048,-18.721]]]},"properties":{"id":"manyika","name":"Manyika","family":"Niger-Congo","glottocode":"ndau1241","language":"Ndau","group":"Shona-Thonga","ea":"Ab17","lat":-18.8175,"lon":32.7746}},
{"type":"Feature","geometry":{"type":"Polygon","coordinates":[[[35.939,-2.33],[36.06,-2.164],[35.981,-2.008],[35.71,-1.984],[35.598,-2.118],[35.68,-2.302],[35.939,-2.33]]]},"properties":{"id":"sonjo","name":"Sonjo","family":"Niger-Congo","glottocode":"temi1247","language":"Temi","group":"East Nyanza","ea":"Ad39","lat":-2.15509,"lon":35.8265}},
{"type":"Feature","geometry":{"type":"Polygon","coordinates":[[[-14.768,11.397],[-14.712,11.439],[-14.708,11.442],[-14.627,11.483],[-14.333,11.563],[-14.119,11.563],[-13.891,11.442],[-13.771,11.121],[-13.771,11.041],[-13.766,10.962],[-13.764,10.927],[-13.711,10.834],[-13.684,10.796],[-13.657,10.76],[-13.584,10.726],[-13.525,10.72],[-13.463,10.713],[-12.868,10.747],[-12.82,10.74],[-12.714,10.726],[-12.433,10.599],[-12.319,10.573],[-12.185,10.512],[-11.842,10.266],[-11.364,10.284],[-11.103,10.349],[-10.88,10.556],[-10.92,10.666],[-10.893,10.834],[-10.947,10.974],[-11.148,11.081],[-11.215,11.242],[-11.067,11.463],[-10.659,11.436],[-10.345,11.449],[-9.975,11.521],[-10.003,11.677],[-10.084,11.777],[-10.405,11.891],[-11.69,12.232],[-11.957,12.413],[-12.412,12.471],[-12.781,12.272],[-12.948,12.225],[-13.155,12.359],[-13.45,12.386],[-13.545,12.512],[-14.045,12.506],[-14.152,12.453],[-14.38,12.105],[-14.641,11.777],[-14.878,11.73],[-14.832,11.489],[-14.768,11.397]]]},"properties":{"id":"foutadjalon","name":"Foutadjalon","family":"Niger-Congo","glottocode":"pula1262","language":"Pular","group":"Fulani, Sedentary","ea":"Ag6","lat":11.4976,"lon":-12.44}},
{"type":"Feature","geometry":{"type":"Polygon","coordinates":[[[18.471,-5.675],[18.642,-5.235],[18.636,-5.105],[18.442,-4.976],[18.28,-5.021],[18.189,-5.183],[18.132,-5.482],[18.253,-5.699],[18.471,-5.675]]]},"properties":{"id":"ngongo","name":"Ngongo","family":"Niger-Congo","glottocode":"mbal1257","language":"Mbala","group":"Lower Congo","ea":"Ac15","lat":-5.32895,"lon":18.3865}},
{"type":"Feature","geometry":{"type":"Polygon","coordinates":[[[13.282,-4.086],[13.271,-4.358],[13.581,-5.262],[13.55,-5.523],[13.603,-5.724],[13.788,-5.61],[13.996,-5.216],[14.215,-5.008],[14.521,-4.877],[14.696,-4.877],[15.002,-4.812],[15.067,-4.747],[14.822,-4.371],[14.561,-4.122],[14.434,-4.043],[14.155,-3.74],[14.021,-3.558],[13.612,-3.534],[13.462,-3.823],[13.282,-4.086]]]},"properties":{"id":"sundi","name":"Sundi","family":"Niger-Congo","glottocode":"koon1244","language":"South-Central Koongo","group":"Lower Congo","ea":"Ac18","lat":-4.48785,"lon":13.99}},
{"type":"Feature","geometry":{"type":"Polygon","coordinates":[[[29.716,-27.701],[29.699,-27.558],[29.514,-27.264],[29.363,-27.129],[29.144,-27.037],[28.682,-26.978],[28.195,-26.995],[28.034,-27.07],[27.503,-27.386],[27.395,-27.718],[27.109,-28.08],[26.815,-28.323],[26.537,-28.424],[26.276,-28.391],[25.616,-28.465],[25.288,-28.601],[25.265,-28.93],[25.116,-29.396],[25.73,-29.79],[25.957,-30.11],[26.167,-30.312],[26.596,-30.614],[26.84,-30.648],[27.361,-30.471],[27.588,-30.354],[27.731,-30.37],[27.849,-30.572],[27.824,-30.741],[27.74,-30.858],[27.724,-31.163],[28.431,-30.981],[28.446,-30.906],[28.808,-30.208],[29.026,-29.754],[29.161,-29.426],[29.043,-28.98],[29.068,-28.804],[29.186,-28.593],[29.43,-28.45],[29.573,-28.274],[29.666,-28.055],[29.716,-27.701]]]},"properties":{"id":"sotho","name":"Sotho","family":"Niger-Congo","glottocode":"sout2807","language":"Southern Sotho","group":"Sotho","ea":"Ab8","lat":-28.975,"lon":27.6479}},
{"type":"Feature","geometry":{"type":"Polygon","coordinates":[[[18.253,-5.699],[18.132,-5.482],[17.891,-5.461],[17.769,-5.345],[17.639,-5.144],[17.464,-5.312],[17.438,-5.752],[17.678,-6.451],[17.846,-6.846],[17.918,-6.875],[17.956,-6.667],[18.082,-6.227],[18.112,-6.037],[18.253,-5.699]]]},"properties":{"id":"suku","name":"Suku","family":"Niger-Congo","glottocode":"suku1259","language":"Suku","group":"Lower Congo","ea":"Ac17","lat":-5.91751,"lon":17.8089}},
{"type":"Feature","geometry":{"type":"Polygon","coordinates":[[[31.951,-25.807],[31.888,-25.779],[31.778,-25.686],[31.652,-25.333],[31.517,-25.223],[31.404,-25.223],[31.232,-25.316],[31.038,-25.585],[30.988,-25.821],[30.761,-26.14],[30.651,-26.359],[30.601,-26.578],[30.577,-27.451],[30.878,-27.542],[31.114,-27.534],[31.324,-27.584],[31.728,-27.576],[31.995,-27.508],[31.997,-26.384],[31.988,-26.241],[31.963,-25.972],[31.938,-25.821],[31.939,-25.82],[31.951,-25.807]]]},"properties":{"id":"swazi","name":"Swazi","family":"Niger-Congo","glottocode":"swat1243","language":"Swati","group":"Nguni","ea":"Ab2","lat":-26.5619,"lon":31.3378}},
{"type":"Feature","geometry":{"type":"Polygon","coordinates":[[[35.01,-2.472],[34.553,-2.395],[34.218,-2.366],[33.787,-2.261],[33.508,-2.408],[33.426,-2.557],[33.199,-2.516],[33.105,-2.391],[33.006,-2.381],[32.872,-2.477],[32.864,-2.635],[32.928,-2.821],[32.791,-2.987],[32.72,-2.87],[32.87,-2.738],[32.802,-2.488],[32.626,-2.472],[32.49,-2.528],[32.408,-2.929],[32.461,-2.949],[32.789,-3.466],[32.839,-3.762],[33.072,-3.895],[33.318,-3.945],[33.835,-3.989],[33.999,-4.11],[34.286,-3.881],[34.368,-3.674],[34.702,-3.396],[34.911,-3.183],[34.936,-2.762],[35.01,-2.472]]]},"properties":{"id":"sukuma","name":"Sukuma","family":"Niger-Congo","glottocode":"suku1261","language":"Sukuma","group":"Nyamwezi","ea":"Ad22","lat":-3.10109,"lon":33.7265}},
{"type":"Feature","geometry":{"type":"Polygon","coordinates":[[[31.458,-4.289],[31.635,-4.153],[31.862,-3.895],[32.127,-3.737],[32.215,-3.598],[32.215,-3.466],[32.02,-3.089],[31.691,-3.201],[31.307,-3.385],[31.401,-3.686],[31.364,-4.147],[31.458,-4.289]]]},"properties":{"id":"sumbwa","name":"Sumbwa","family":"Niger-Congo","glottocode":"sumb1240","language":"Sumbwa","group":"Nyamwezi","ea":"Ad47","lat":-3.62756,"lon":31.7279}},
{"type":"Feature","geometry":{"type":"Polygon","coordinates":[[[-13.268,14.651],[-13.301,14.752],[-13.272,14.978],[-13.311,15.205],[-13.459,15.58],[-13.587,15.758],[-13.873,16.014],[-14.633,16.478],[-14.919,16.527],[-15.373,16.537],[-15.689,16.412],[-15.45,15.722],[-15.548,15.499],[-15.842,15.24],[-15.86,15.017],[-15.708,14.848],[-15.373,14.371],[-15.335,14.376],[-15.265,14.387],[-15.171,14.367],[-15.01,14.26],[-15.004,14.236],[-14.983,14.166],[-14.977,14.053],[-14.846,14.004],[-14.561,14.053],[-14.346,14.19],[-14.179,14.406],[-13.915,14.504],[-13.268,14.651]]]},"properties":{"id":"foutatoro","name":"Foutatoro","family":"Niger-Congo","glottocode":"pula1263","language":"Pulaar","group":"Fulani, Sedentary","ea":"Cb23","lat":15.3008,"lon":-14.6155}},
{"type":"Feature","geometry":{"type":"Polygon","coordinates":[[[10.341,7.097],[10.187,6.985],[9.944,6.968],[9.794,6.758],[10.057,6.53],[10.612,6.494],[10.612,6.979],[10.464,6.998],[10.341,7.097]]]},"properties":{"id":"fungon","name":"Fungon","family":"Niger-Congo","glottocode":"mmen1238","language":"Mmen","group":"Cameroon Highlands","ea":"Ae52","lat":6.767145,"lon":10.2652}},
{"type":"Feature","geometry":{"type":"Polygon","coordinates":[[[35.977,6.058],[35.865,5.924],[35.769,5.911],[35.598,6.027],[35.38,6.409],[35.482,6.566],[35.708,6.607],[35.919,6.566],[36.051,6.486],[36.219,6.56],[36.201,6.69],[35.87,6.791],[35.7,6.805],[35.242,6.723],[34.982,6.641],[34.862,6.67],[34.622,6.518],[34.574,6.334],[34.56,6.081],[34.441,5.98],[34.663,5.747],[35.059,5.644],[35.141,5.446],[35.325,5.398],[35.605,5.487],[36.007,5.506],[36.104,5.835],[36.097,5.958],[35.977,6.058]]]},"properties":{"id":"suri","name":"Suri","family":"Nilo-Saharan","glottocode":"suri1267","language":"Tirma-Chai","group":"Beir-Didinga","ea":"Aj20","lat":6.093634,"lon":35.291}},
{"type":"Feature","geometry":{"type":"Polygon","coordinates":[[[48.089,-21.041],[48.097,-20.857],[48.104,-20.678],[48.111,-20.63],[48.165,-20.284],[48.225,-19.981],[48.257,-19.849],[48.301,-19.663],[48.377,-19.133],[48.393,-19.042],[48.483,-18.557],[48.511,-18.469],[48.52,-18.441],[48.42,-18.398],[48.254,-18.37],[48.002,-18.37],[47.838,-19.239],[47.708,-19.72],[47.515,-20.162],[47.523,-20.237],[47.237,-20.617],[47.181,-20.755],[47.209,-21.143],[47.172,-21.689],[47.107,-21.957],[46.922,-22.288],[46.858,-22.48],[46.83,-22.98],[46.959,-23.118],[47.26,-23.137],[47.653,-22.607],[47.754,-22.367],[47.847,-21.951],[48.05,-21.276],[48.089,-21.041]]]},"properties":{"id":"tanala","name":"Tanala","family":"Austronesian","glottocode":"tana1285","language":"Tanala Malagasy","group":"Yao-Makonde","ea":"Ac42","lat":-20.9029,"lon":47.6798}},
{"type":"Feature","geometry":{"type":"Polygon","coordinates":[[[35.504,-4.423],[35.1,-4.583],[35.177,-4.935],[35.622,-4.829],[35.63,-4.561],[35.504,-4.423]]]},"properties":{"id":"tatoga","name":"Tatoga","family":"Niger-Congo","glottocode":"nyat1246","language":"Nyaturu","group":"Rift","ea":"Ad26","lat":-4.6847,"lon":35.3777}},
{"type":"Feature","geometry":{"type":"Polygon","coordinates":[[[-14.348,10.754],[-14.34,10.732],[-14.33,10.706],[-14.243,10.599],[-14.201,10.54],[-14.163,10.486],[-14.144,10.462],[-14.069,10.372],[-13.936,10.225],[-13.708,10.01],[-13.616,9.776],[-13.614,9.561],[-13.428,9.417],[-13.406,9.303],[-13.259,9.223],[-12.862,9.235],[-12.862,9.246],[-12.861,9.316],[-12.564,9.494],[-12.326,9.547],[-12.324,9.548],[-12.202,9.589],[-12.113,9.631],[-12.066,9.652],[-12.024,9.672],[-11.952,9.737],[-11.924,9.76],[-11.887,9.791],[-11.821,9.873],[-11.831,9.936],[-11.839,9.987],[-11.863,10.147],[-11.845,10.266],[-12.185,10.512],[-12.433,10.599],[-12.714,10.726],[-12.82,10.74],[-12.868,10.747],[-13.463,10.713],[-13.525,10.72],[-13.584,10.726],[-13.657,10.76],[-13.684,10.796],[-13.711,10.834],[-13.764,10.927],[-13.766,10.962],[-13.771,11.041],[-13.771,11.121],[-13.891,11.442],[-14.119,11.563],[-14.333,11.563],[-14.627,11.483],[-14.708,11.442],[-14.712,11.439],[-14.768,11.397],[-14.717,11.338],[-14.692,11.309],[-14.606,11.226],[-14.567,11.208],[-14.511,11.182],[-14.364,11.108],[-14.15,11.028],[-14.023,10.914],[-13.976,10.834],[-13.949,10.747],[-13.948,10.739],[-13.936,10.66],[-14.036,10.586],[-14.11,10.626],[-14.145,10.647],[-14.176,10.666],[-14.217,10.706],[-14.29,10.733],[-14.311,10.741],[-14.348,10.754]]]},"properties":{"id":"susu","name":"Susu","family":"Niger-Congo","glottocode":"susu1250","language":"Susu","group":"Mande, Nuclear","ea":"Ag26","lat":10.2601,"lon":-13.1577}},
{"type":"Feature","geometry":{"type":"Polygon","coordinates":[[[5.99,14.021],[6.076,13.948],[6.78,13.74],[7.144,13.688],[7.922,13.503],[8.226,13.451],[8.619,13.318],[8.819,13.288],[9.577,13.259],[9.575,13.47],[9.397,13.714],[9.108,13.9],[8.893,14.152],[8.233,14.646],[7.619,14.485],[7.155,14.347],[6.613,14.268],[6.325,14.342],[6.056,14.131],[5.99,14.021]]]},"properties":{"id":"tazarawa","name":"Tazarawa","family":"Afro-Asiatic","glottocode":"arew1238","language":"Arewa","group":"Hausa","ea":"Cb25","lat":13.9276,"lon":7.943568}},
{"type":"Feature","geometry":{"type":"Polygon","coordinates":[[[19.018,18.918],[19.102,19.118],[19.348,19.335],[19.733,19.575],[19.861,19.703],[20.059,20.028],[20.187,20.364],[20.355,20.719],[20.719,21.36],[21.203,22.12],[21.509,22.484],[21.584,22.635],[21.38,23.042],[21.223,23.466],[21.055,23.781],[20.789,24.117],[20.217,24.746],[19.743,24.641],[19.516,24.65],[18.964,24.611],[18.062,24.808],[17.766,24.897],[17.557,25.013],[16.601,24.881],[15.9,24.812],[15.101,24.783],[14.006,24.635],[13.257,24.635],[13.066,24.696],[12.683,24.296],[12.061,23.547],[11.395,22.918],[11.395,22.583],[11.493,21.538],[11.602,20.694],[11.748,19.853],[12.391,19.832],[12.737,19.855],[13.882,19.832],[14.148,19.658],[14.217,19.543],[14.275,18.988],[14.367,17.705],[14.423,17.162],[14.559,17.162],[15.01,17.254],[15.218,17.335],[15.589,17.395],[15.877,17.832],[16.096,18.11],[16.362,18.26],[16.686,18.399],[17.194,18.537],[17.657,18.607],[18.015,18.722],[18.35,18.734],[19.018,18.918]]]},"properties":{"id":"teda","name":"Teda","family":"Nilo-Saharan","glottocode":"teda1241","language":"Tedaga","group":"Teda","ea":"Cc2","lat":21.7438,"lon":16.325}},
{"type":"Feature","geometry":{"type":"Polygon","coordinates":[[[38.474,7.129],[38.351,7.593],[37.986,8.339],[37.801,8.164],[37.781,8.009],[37.549,7.378],[37.549,7.26],[37.624,7.169],[37.884,7.012],[38.236,6.906],[38.474,7.129]]]},"properties":{"id":"kambata","name":"Kambata","family":"Afro-Asiatic","glottocode":"seba1251","language":"Sebat Bet Gurage","group":"Sidamo","ea":"Ca8","lat":7.514562,"lon":38.0042}},
{"type":"Feature","geometry":{"type":"Polygon","coordinates":[[[17.866,-0.321],[17.766,-0.105],[17.805,0.255],[17.907,0.679],[17.954,1.13],[17.825,1.14],[17.5,0.973],[17.231,0.84],[16.956,0.644],[16.635,0.522],[16.331,0.316],[16.213,0.298],[16.104,0.207],[15.698,0.074],[15.449,-0.041],[15.298,-0.26],[15.231,-0.544],[15.753,-1.107],[16.013,-1.447],[16.177,-1.574],[16.365,-1.611],[16.517,-1.562],[16.869,-1.338],[17.057,-1.37],[17.149,-1.188],[17.492,-0.903],[17.543,-0.793],[17.866,-0.321]]]},"properties":{"id":"bangi","name":"Bangi","family":"Niger-Congo","glottocode":"teke1278","language":"Teke-Eboo-Nzikou","group":"Lower Congo","ea":"Ac19","lat":-0.32296,"lon":16.7047}},
{"type":"Feature","geometry":{"type":"Polygon","coordinates":[[[38.915,-3.771],[39.082,-3.493],[39.082,-3.237],[39.034,-3.094],[39.027,-2.72],[38.356,-2.804],[38,-2.734],[37.801,-2.958],[37.783,-3.221],[37.83,-3.59],[38.029,-3.781],[38.395,-4.079],[38.729,-4.073],[38.915,-3.771]]]},"properties":{"id":"teita","name":"Teita","family":"Niger-Congo","glottocode":"tait1250","language":"Taita","group":"Kenya Highlands","ea":"Ad37","lat":-3.34667,"lon":38.4487}},
{"type":"Feature","geometry":{"type":"Polygon","coordinates":[[[17.057,-1.37],[16.869,-1.338],[16.517,-1.562],[16.365,-1.611],[16.177,-1.574],[16.013,-1.447],[15.753,-1.107],[15.231,-0.544],[14.927,-0.695],[14.698,-0.669],[14.485,-1.101],[14.108,-1.253],[14.005,-1.471],[14.108,-1.884],[14.127,-2.23],[14.078,-2.345],[13.866,-2.654],[13.476,-2.982],[13.612,-3.534],[14.021,-3.558],[14.155,-3.74],[14.434,-4.043],[14.561,-4.122],[14.822,-4.371],[15.067,-4.747],[15.483,-4.866],[15.909,-4.954],[16.21,-5.232],[16.222,-4.924],[16.287,-4.626],[16.41,-4.555],[16.63,-4.62],[16.778,-4.594],[17.108,-4.423],[17.202,-4.199],[17.257,-3.731],[17.338,-3.415],[16.935,-3.287],[16.637,-3.061],[16.56,-2.88],[16.573,-2.362],[16.624,-2.271],[16.831,-2.11],[17.052,-2.126],[17.077,-1.679],[17.057,-1.37]]]},"properties":{"id":"teke","name":"Teke","family":"Niger-Congo","glottocode":"teke1278","language":"Teke-Eboo-Nzikou","group":"Lower Congo","ea":"Ac19","lat":-2.88303,"lon":15.464}},
{"type":"Feature","geometry":{"type":"Polygon","coordinates":[[[12.223,9.292],[12.284,8.829],[12.469,8.787],[12.705,8.666],[12.789,8.744],[12.905,9.193],[12.959,9.268],[12.661,9.559],[12.586,9.537],[12.329,9.434],[12.223,9.292]]]},"properties":{"id":"vere","name":"Vere","family":"Niger-Congo","glottocode":"momj1237","language":"Mom Jango","group":"Chamba-Yungur","ea":"Ah32","lat":9.127365,"lon":12.5701}},
{"type":"Feature","geometry":{"type":"Polygon","coordinates":[[[-9.632,27.173],[-9.433,27.613],[-9.196,28.195],[-9.146,28.36],[-9.139,28.784],[-9.153,28.841],[-9.764,29.43],[-9.771,29.746],[-9.853,29.805],[-10.064,29.584],[-10.141,29.424],[-10.562,28.995],[-11.081,28.739],[-11.514,28.302],[-11.756,28.219],[-11.694,28.113],[-11.68,28.02],[-11.759,27.92],[-11.824,27.894],[-11.867,27.876],[-12.154,27.747],[-12.448,27.604],[-12.843,27.309],[-12.997,27.134],[-13.045,27.079],[-13.138,26.928],[-13.21,26.799],[-13.241,26.752],[-13.282,26.691],[-13.346,26.569],[-13.366,26.536],[-13.389,26.499],[-12.741,26.395],[-12.196,26.495],[-11.621,26.74],[-11.197,26.89],[-10.752,27.005],[-10.12,27.063],[-9.632,27.173]]]},"properties":{"id":"tekna","name":"Tekna","family":"Afro-Asiatic","glottocode":"hass1238","language":"Hassaniyya","group":"Berbers, Moroccan","ea":"Cd9","lat":27.8173,"lon":-10.9085}},
{"type":"Feature","geometry":{"type":"Polygon","coordinates":[[[0.715,8.85],[0.697,8.644],[0.987,8.647],[1.366,8.587],[1.488,8.469],[1.745,8.813],[1.855,8.916],[1.736,9.039],[1.634,9.294],[1.65,9.409],[1.622,9.413],[1.144,9.394],[1.057,9.16],[0.876,8.97],[0.715,8.85]]]},"properties":{"id":"tem","name":"Tem","family":"Niger-Congo","glottocode":"temm1241","language":"Tem","group":"Borgu-Mango","ea":"Ag52","lat":8.949775,"lon":1.30683}},
{"type":"Feature","geometry":{"type":"Polygon","coordinates":[[[-11.204,8.577],[-11.194,8.634],[-11.192,8.645],[-11.192,8.71],[-11.215,8.817],[-11.281,8.864],[-11.29,8.867],[-11.376,8.888],[-11.471,8.888],[-11.715,8.853],[-11.764,8.892],[-11.774,8.9],[-11.775,8.902],[-11.795,8.937],[-11.804,8.954],[-11.851,8.936],[-11.905,8.954],[-11.924,8.96],[-11.958,8.971],[-11.969,8.996],[-11.976,9.013],[-12.237,8.924],[-12.326,8.924],[-12.433,8.924],[-12.499,8.977],[-12.475,9.126],[-12.447,9.144],[-12.404,9.173],[-12.32,9.227],[-12.317,9.229],[-12.237,9.28],[-12.148,9.334],[-12.125,9.387],[-12.115,9.446],[-12.115,9.447],[-12.113,9.458],[-12.427,9.363],[-12.76,9.25],[-12.817,9.242],[-12.862,9.235],[-12.908,9.227],[-12.896,9.15],[-12.855,8.971],[-12.819,8.74],[-12.814,8.687],[-12.807,8.615],[-12.826,8.537],[-12.831,8.514],[-12.867,8.449],[-12.938,8.401],[-13.035,8.38],[-13.037,8.375],[-13.046,8.37],[-13.069,8.371],[-13.198,8.494],[-13.281,8.43],[-13.138,8.186],[-13.007,8.233],[-12.929,8.128],[-12.824,8.173],[-12.728,8.192],[-12.531,8.208],[-12.351,8.221],[-12.248,8.228],[-12.096,8.242],[-11.977,8.253],[-11.921,8.263],[-11.863,8.273],[-11.293,8.555],[-11.204,8.577]]]},"properties":{"id":"temne","name":"Temne","family":"Niger-Congo","glottocode":"timn1235","language":"Timne","group":"Mende-Temne","ea":"Af57","lat":8.66879,"lon":-12.2529}},
{"type":"Feature","geometry":{"type":"Polygon","coordinates":[[[11.183,10.485],[11.183,10.292],[11.43,10.214],[11.866,10.232],[11.956,10.177],[12.131,10.181],[12.322,10.287],[12.334,10.541],[12.29,10.632],[12.068,10.832],[11.996,10.965],[11.801,10.96],[11.661,11.014],[11.488,10.8],[11.183,10.485]]]},"properties":{"id":"tera","name":"Tera","family":"Afro-Asiatic","glottocode":"tera1251","language":"Tera","group":"Bolewa-Tera","ea":"Cb6","lat":10.5371,"lon":11.7827}},
{"type":"Feature","geometry":{"type":"Polygon","coordinates":[[[34.493,1.67],[34.521,1.776],[34.446,2.073],[34.257,2.287],[34.136,2.473],[33.651,2.452],[33.645,2.382],[33.443,1.991],[33.393,1.839],[33.398,1.581],[33.803,1.6],[34.041,1.467],[34.212,1.644],[34.493,1.67]]]},"properties":{"id":"teso","name":"Teso","family":"Nilo-Saharan","glottocode":"teso1249","language":"Teso","group":"Karamojong","ea":"Aj1","lat":1.971395,"lon":33.9391}},
{"type":"Feature","geometry":{"type":"Polygon","coordinates":[[[23.093,-3.101],[23.132,-3.631],[23.242,-3.922],[23.3,-4.181],[23.265,-4.475],[23.318,-4.838],[23.377,-4.883],[23.735,-4.863],[24.018,-4.942],[24.387,-4.897],[24.711,-5.033],[25.147,-4.971],[25.437,-5.09],[25.63,-4.829],[25.896,-4.71],[26.49,-4.756],[26.464,-4.613],[26.135,-4.244],[25.891,-3.666],[25.63,-3.354],[25.267,-3.093],[25.032,-2.991],[24.787,-2.772],[24.713,-2.494],[24.304,-1.977],[24.072,-1.898],[23.822,-1.915],[23.431,-2.125],[23.221,-2.085],[23.164,-2.148],[23.238,-2.556],[23.187,-2.891],[23.093,-3.101]]]},"properties":{"id":"tetela","name":"Tetela","family":"Niger-Congo","glottocode":"tete1250","language":"Tetela","group":"Mongo","ea":"Ae25","lat":-3.68273,"lon":24.4552}},
{"type":"Feature","geometry":{"type":"Polygon","coordinates":[[[20.402,2.85],[20.825,2.957],[20.923,3.178],[21.133,3.32],[21.241,3.507],[21.184,3.666],[20.952,3.802],[20.594,3.851],[20.437,3.485],[20.383,3.2],[20.402,2.85]]]},"properties":{"id":"banza","name":"Banza","family":"Niger-Congo","glottocode":"ngba1284","language":"Ngbaka Ma'bo","group":"Banda-Baya","ea":"Ai23","lat":3.38985,"lon":20.758}},
{"type":"Feature","geometry":{"type":"Polygon","coordinates":[[[23.991,-19.462],[24.149,-19.436],[24.477,-19.545],[24.645,-19.679],[24.847,-19.898],[25.023,-20.193],[25.301,-20.991],[25.561,-21.429],[25.763,-21.647],[25.962,-21.792],[26.561,-21.683],[27.04,-21.523],[27.284,-21.397],[27.627,-21.121],[27.143,-20.459],[27.042,-19.652],[26.915,-19.223],[26.655,-18.819],[26.537,-18.575],[26.462,-18.195],[26.225,-17.987],[25.772,-18.02],[25.494,-18.062],[24.805,-18.087],[24.075,-18.238],[24.093,-18.525],[23.991,-19.462]]]},"properties":{"id":"hiechware","name":"Hiechware","family":"Khoisan","glottocode":null,"language":"Tshwa","group":"Nguni","ea":"Ab9","lat":-19.7582,"lon":25.8184}},
{"type":"Feature","geometry":{"type":"Polygon","coordinates":[[[33.586,-24.65],[33.586,-24.606],[33.556,-24.575],[33.469,-24.488],[33.334,-24.371],[33.264,-24.285],[33.149,-24.144],[32.942,-23.911],[32.872,-23.832],[32.661,-23.614],[32.468,-23.471],[32.455,-23.46],[32.266,-23.311],[32.162,-23.247],[32.089,-23.202],[31.967,-23.102],[31.955,-23.092],[31.871,-22.966],[31.677,-22.647],[31.585,-22.546],[31.486,-22.453],[31.45,-22.42],[31.181,-22.386],[31.099,-22.466],[31.038,-22.722],[30.954,-22.857],[30.685,-23.109],[30.559,-23.378],[30.534,-23.524],[30.719,-23.774],[30.971,-23.975],[31.307,-24.034],[31.425,-24.278],[31.334,-24.636],[31.404,-25.223],[31.517,-25.223],[31.652,-25.333],[31.778,-25.686],[31.888,-25.779],[31.951,-25.807],[31.994,-25.76],[32.064,-25.686],[32.325,-25.333],[32.374,-25.284],[32.401,-25.257],[32.557,-25.194],[32.569,-25.19],[32.572,-25.191],[32.687,-25.223],[32.813,-25.291],[32.994,-25.473],[33.525,-25.199],[33.511,-25.052],[33.586,-24.65]]]},"properties":{"id":"thonga","name":"Thonga","family":"Niger-Congo","glottocode":"tson1249","language":"Tsonga","group":"Shona-Thonga","ea":"Ab4","lat":-24.1481,"lon":32.0217}},
{"type":"Feature","geometry":{"type":"Polygon","coordinates":[[[10.612,6.979],[10.612,6.494],[10.615,6.494],[10.847,6.437],[10.925,6.653],[11.116,6.61],[11.365,6.708],[11.502,7.28],[11.091,7.17],[10.722,7.128],[10.612,6.979]]]},"properties":{"id":"tigon","name":"Tigon","family":"Niger-Congo","glottocode":"tigo1236","language":"Tigon Mbembe","group":"Tiv-Jukun","ea":"Ah25","lat":6.879668,"lon":11.0081}},
{"type":"Feature","geometry":{"type":"Polygon","coordinates":[[[37.613,15.906],[37.653,15.826],[37.695,15.75],[37.702,15.737],[37.709,15.728],[37.761,15.658],[37.809,15.615],[38.116,15.688],[38.123,15.696],[38.195,15.796],[38.245,15.885],[38.373,15.974],[38.462,15.993],[38.55,15.974],[38.669,15.914],[38.728,15.845],[38.758,15.688],[38.766,15.684],[39.29,15.461],[39.455,15.54],[39.455,15.55],[39.454,15.556],[39.433,15.591],[39.478,15.612],[39.47,15.668],[39.425,15.817],[39.306,15.902],[39.229,16.127],[39.147,16.721],[39.019,17.122],[38.669,17.072],[38.373,17.033],[38.077,16.915],[38.03,16.884],[37.929,16.816],[37.767,16.625],[37.761,16.619],[37.759,16.611],[37.683,16.392],[37.623,15.909],[37.621,15.908],[37.613,15.906]]]},"properties":{"id":"tigre","name":"Tigre","family":"Afro-Asiatic","glottocode":"mans1267","language":"Mansa'","group":"Beja","ea":"Ca38","lat":16.3021,"lon":38.5367}},
{"type":"Feature","geometry":{"type":"Polygon","coordinates":[[[39.786,13.063],[39.97,13.297],[39.941,13.693],[39.872,13.999],[39.665,14.62],[39.409,15.242],[39.29,15.461],[38.766,15.684],[38.708,15.626],[38.629,15.577],[38.472,15.528],[38.324,15.548],[38.195,15.617],[38.123,15.696],[38.116,15.688],[37.809,15.615],[37.7,15.462],[37.85,15.056],[37.83,14.928],[37.594,14.859],[37.071,14.889],[36.864,15.027],[36.903,15.273],[37.071,15.484],[37.046,15.762],[36.611,15.455],[36.394,15.258],[36.246,15.119],[36.187,15.001],[36.179,15.006],[36.321,14.216],[36.344,14.214],[36.893,14.157],[37.525,14.108],[37.978,14.048],[38.264,13.96],[38.443,13.791],[38.659,13.654],[38.866,13.466],[39.192,13.318],[39.239,13.129],[39.786,13.063]]]},"properties":{"id":"tigrinya","name":"Tigrinya","family":"Afro-Asiatic","glottocode":"tigr1271","language":"Tigrinya","group":"Ethiopia, Central","ea":"Ca3","lat":14.5248,"lon":38.3149}},
{"type":"Feature","geometry":{"type":"Polygon","coordinates":[[[18.927,4.634],[19.078,4.586],[19.103,4.668],[19.37,4.985],[19.546,5.025],[19.846,5.002],[20.158,4.872],[20.3,4.764],[20.706,4.546],[20.856,4.469],[21.14,4.385],[21.307,4.815],[20.697,5.104],[19.744,5.399],[19.625,5.399],[19.307,5.286],[19.194,5.195],[18.927,4.634]]]},"properties":{"id":"banziri","name":"Banziri","family":"Niger-Congo","glottocode":"west2458","language":"West Central Banda","group":"Banda-Baya","ea":"Ai1","lat":4.944058,"lon":20.2202}},
{"type":"Feature","geometry":{"type":"Polygon","coordinates":[[[11.296,5.474],[11.603,5.325],[12.075,5.595],[12.239,6.146],[11.982,6.302],[11.844,6.476],[11.383,6.331],[11.331,6.177],[11.326,5.535],[11.296,5.474]]]},"properties":{"id":"tikar","name":"Tikar","family":"Niger-Congo","glottocode":"tige1238","language":"Tige","group":"Cameroon Highlands","ea":"Ae58","lat":5.908455,"lon":11.7249}},
{"type":"Feature","geometry":{"type":"Polygon","coordinates":[[[10.326,5.698],[10.314,5.802],[10.249,5.778],[10.07,5.737],[9.923,5.848],[9.886,6.007],[9.949,6.105],[10.031,6.363],[10.031,6.371],[9.628,6.53],[9.58,6.478],[9.694,5.846],[9.768,5.673],[9.931,5.523],[10.326,5.698]]]},"properties":{"id":"widekum","name":"Widekum","family":"Niger-Congo","glottocode":"meta1238","language":"Meta'","group":"Cameroon Highlands","ea":"Ae59","lat":6.025734,"lon":9.85516}},
{"type":"Feature","geometry":{"type":"Polygon","coordinates":[[[9.072,8.069],[8.644,8.074],[8.453,7.975],[8.279,7.75],[8.342,7.187],[8.527,7.108],[8.933,6.881],[8.966,6.78],[9.096,6.584],[9.406,6.42],[9.58,6.478],[9.628,6.53],[9.794,6.758],[9.944,6.968],[9.93,7.508],[9.849,7.686],[9.634,7.773],[9.449,7.76],[9.382,7.917],[9.072,8.069]]]},"properties":{"id":"tiv","name":"Tiv","family":"Niger-Congo","glottocode":"tivv1240","language":"Tiv","group":"Tiv-Jukun","ea":"Ah3","lat":7.330618,"lon":9.155446}},
{"type":"Feature","geometry":{"type":"Polygon","coordinates":[[[-9.737,7.261],[-9.583,7.332],[-9.322,7.647],[-9.09,7.986],[-8.835,8.104],[-8.731,8.238],[-9.043,8.532],[-9.179,8.419],[-9.268,8.479],[-9.173,8.674],[-9.197,8.833],[-9.601,8.859],[-9.678,8.9],[-9.767,8.657],[-9.786,8.414],[-9.63,8.336],[-9.565,8.164],[-9.565,7.885],[-9.69,7.659],[-9.761,7.457],[-9.737,7.261]]]},"properties":{"id":"toma","name":"Toma","family":"Niger-Congo","glottocode":"toma1245","language":"Toma","group":"Mende-Temne","ea":"Af11","lat":8.196487,"lon":-9.37147}},
{"type":"Feature","geometry":{"type":"Polygon","coordinates":[[[24.342,0.17],[24.177,0.944],[23.696,0.989],[23.645,0.359],[23.679,-0.066],[23.747,-0.236],[24.003,-0.316],[24.116,-0.253],[24.269,-0.077],[24.342,0.17]]]},"properties":{"id":"topoke","name":"Topoke","family":"Niger-Congo","glottocode":"poke1238","language":"Poke","group":"Mongo","ea":"Ae26","lat":0.336627,"lon":23.9641}},
{"type":"Feature","geometry":{"type":"Polygon","coordinates":[[[17.883,-8.28],[17.787,-8.124],[17.804,-8.012],[17.649,-7.745],[17.424,-7.581],[17.174,-7.563],[17.068,-7.556],[17.051,-7.614],[17.003,-7.774],[17.003,-7.993],[17.017,-8.148],[17.025,-8.234],[17.068,-8.409],[17.078,-8.469],[17.101,-8.605],[17.167,-8.835],[17.27,-9.062],[17.276,-9.076],[17.265,-9.088],[17.398,-9.022],[17.511,-8.944],[17.795,-8.685],[17.89,-8.383],[17.883,-8.28]]]},"properties":{"id":"holo","name":"Holo","family":"Niger-Congo","glottocode":"yaka1269","language":"Yaka-Pelende-Lonzo","group":"Lower Congo","ea":"Ac20","lat":-8.26189,"lon":17.4115}},
{"type":"Feature","geometry":{"type":"Polygon","coordinates":[[[36.007,5.506],[35.605,5.487],[35.325,5.398],[35.141,5.446],[35.059,5.644],[34.663,5.747],[34.441,5.98],[34.134,5.9],[33.403,5.607],[33.342,5.415],[33.342,5.265],[33.403,5.04],[33.384,4.931],[33.618,4.817],[33.802,4.812],[34.155,4.725],[34.263,4.583],[34.734,4.731],[35.188,4.813],[35.555,4.91],[35.598,5.021],[35.806,5.242],[36.11,5.365],[36.007,5.506]]]},"properties":{"id":"topotha","name":"Topotha","family":"Nilo-Saharan","glottocode":"topo1242","language":"Toposa","group":"Karamojong","ea":"Aj24","lat":5.257206,"lon":34.4871}},
{"type":"Feature","geometry":{"type":"Polygon","coordinates":[[[30.117,0.46],[30.199,0.269],[30.199,0.025],[30.375,0.02],[30.82,0.139],[30.874,0.264],[31.18,0.547],[31.209,0.661],[31.22,0.944],[31.2,1.014],[31.192,1.007],[31.159,1.025],[31.101,1.058],[31.01,1.171],[30.987,1.22],[30.965,1.268],[30.897,1.358],[30.877,1.402],[30.6,1.036],[30.497,1.034],[30.474,1.233],[30.395,1.251],[30.499,1.507],[30.588,1.597],[30.545,1.574],[30.414,1.415],[30.324,1.268],[30.205,1.194],[30.002,1.154],[30.122,0.723],[30.117,0.46]]]},"properties":{"id":"toro","name":"Toro","family":"Niger-Congo","glottocode":"toor1238","language":"Tooro","group":"West Lacustrine Bantu","ea":"Ad48","lat":0.697194,"lon":30.6045}},
{"type":"Feature","geometry":{"type":"Polygon","coordinates":[[[12.972,5.947],[12.239,6.146],[12.075,5.595],[11.603,5.325],[11.582,5.043],[11.737,5.067],[12.137,4.907],[12.352,4.784],[12.493,4.759],[12.647,4.882],[12.962,5.058],[12.93,5.208],[12.93,5.614],[12.972,5.947]]]},"properties":{"id":"wute","name":"Wute","family":"Niger-Congo","glottocode":"vute1244","language":"Vute","group":"Wute","ea":"Ah8","lat":5.413402,"lon":12.3927}},
{"type":"Feature","geometry":{"type":"Polygon","coordinates":[[[-15.978,18.915],[-15.977,18.913],[-15.976,18.912],[-16.165,18.906],[-16.178,18.905],[-16.138,18.654],[-16.056,18.422],[-16.029,18.081],[-16.039,17.728],[-16.13,17.373],[-15.846,17.4],[-15.619,17.499],[-15.205,17.548],[-15.027,17.4],[-15.144,16.922],[-14.209,16.825],[-13.301,16.637],[-13.292,16.652],[-13.074,17.052],[-13.035,17.357],[-13.045,17.555],[-13.173,17.949],[-13.222,18.176],[-13.311,18.393],[-13.294,18.629],[-13.711,18.784],[-14.049,18.992],[-14.386,19.019],[-14.906,18.912],[-15.057,18.904],[-15.366,18.962],[-15.804,18.947],[-15.978,18.915]]]},"properties":{"id":"trarza","name":"Trarza","family":"Afro-Asiatic","glottocode":"hass1238","language":"Hassaniyya","group":"Arabs, Bedoin","ea":"Cc19","lat":17.9258,"lon":-14.5152}},
{"type":"Feature","geometry":{"type":"Polygon","coordinates":[[[14.792,10.331],[14.952,9.918],[15.152,9.84],[15.264,9.847],[15.269,9.957],[15.397,10.463],[15.413,10.616],[15.019,10.696],[14.884,10.771],[14.792,10.331]]]},"properties":{"id":"tuburi","name":"Tuburi","family":"Niger-Congo","glottocode":"tupu1244","language":"Tupuri","group":"Logone","ea":"Ai20","lat":10.3103,"lon":15.0941}},
{"type":"Feature","geometry":{"type":"Polygon","coordinates":[[[36.082,-8.927],[36.221,-9.058],[36.582,-9.288],[37.082,-9.051],[37.28,-8.867],[37.303,-8.512],[36.857,-8.496],[36.365,-8.36],[36.275,-8.315],[36.119,-8.614],[36.057,-8.846],[36.082,-8.927]]]},"properties":{"id":"pogoro","name":"Pogoro","family":"Niger-Congo","glottocode":"makh1264","language":"Makhuwa","group":"Yao-Makonde","ea":"Ac42","lat":-8.79373,"lon":36.6562}},
{"type":"Feature","geometry":{"type":"Polygon","coordinates":[[[29.087,-7.109],[29.353,-7.166],[29.542,-7.072],[29.699,-6.946],[29.493,-6.69],[29.266,-6.116],[29.189,-6.075],[29.186,-5.912],[29.325,-5.823],[29.378,-5.63],[29.31,-5.499],[29.09,-5.574],[28.986,-5.678],[28.948,-5.97],[29.005,-6.667],[29.087,-7.109]]]},"properties":{"id":"holoholo","name":"Holoholo","family":"Niger-Congo","glottocode":"buyu1239","language":"Buyu","group":"Bemba-Lamba","ea":"Ac31","lat":-6.43508,"lon":29.2246}},
{"type":"Feature","geometry":{"type":"Polygon","coordinates":[[[-12.701,14.678],[-12.739,14.88],[-12.739,15.166],[-12.7,15.294],[-12.486,15.468],[-12.591,15.906],[-12.729,16.211],[-12.778,16.507],[-12.956,16.596],[-13.292,16.652],[-13.301,16.637],[-14.209,16.825],[-15.144,16.922],[-15.846,16.749],[-16.469,16.508],[-16.537,16.302],[-16.53,16.106],[-16.438,16.113],[-15.905,16.28],[-15.689,16.412],[-15.373,16.537],[-14.919,16.527],[-14.633,16.478],[-13.873,16.014],[-13.587,15.758],[-13.459,15.58],[-13.311,15.205],[-13.272,14.978],[-13.301,14.752],[-13.268,14.651],[-13.242,14.574],[-12.936,14.574],[-12.701,14.678]]]},"properties":{"id":"tukulor","name":"Tukulor","family":"Niger-Congo","glottocode":"pula1263","language":"Pulaar","group":"Fulani, Sedentary","ea":"Cb23","lat":16.0805,"lon":-13.904}},
{"type":"Feature","geometry":{"type":"Polygon","coordinates":[[[34.052,-12.32],[34.027,-12.19],[34.068,-12.005],[34.327,-11.641],[34.229,-11.276],[34.226,-10.875],[34.185,-10.576],[34.248,-10.375],[34.012,-10.099],[33.898,-9.76],[33.788,-9.771],[33.372,-9.698],[33.168,-10.053],[32.966,-10.162],[32.9,-10.426],[33.077,-10.697],[33.159,-10.912],[33.178,-11.082],[33.276,-11.279],[33.456,-11.271],[33.664,-11.599],[33.885,-11.813],[33.903,-12.325],[34.052,-12.32]]]},"properties":{"id":"tumbuka","name":"Tumbuka","family":"Niger-Congo","glottocode":"tumb1250","language":"Tumbuka","group":"Bemba-Lamba","ea":"Ac36","lat":-10.7866,"lon":33.6968}},
{"type":"Feature","geometry":{"type":"Polygon","coordinates":[[[7.888,36.349],[7.948,36.33],[7.982,36.32],[8.012,36.314],[8.09,36.3],[8.169,36.28],[8.209,36.211],[8.229,36.123],[8.199,36.024],[8.153,35.96],[8.15,35.955],[8.26,35.918],[8.298,35.906],[8.712,35.807],[8.949,35.817],[9.442,35.994],[9.613,36.099],[9.619,36.103],[9.627,36.117],[9.669,36.201],[9.807,36.261],[9.84,36.276],[9.915,36.31],[9.924,36.316],[10.034,36.389],[10.221,36.418],[10.329,36.32],[10.467,36.246],[10.53,36.371],[10.8,36.466],[11.102,36.904],[11.029,37.088],[10.705,36.883],[10.57,36.861],[10.407,36.723],[10.346,36.874],[10.17,37.045],[10.208,37.206],[10.056,37.261],[9.808,37.151],[9.75,37.339],[9.328,37.228],[9.191,37.229],[8.821,36.977],[8.48,36.9],[8.229,36.955],[7.879,36.847],[7.86,36.764],[7.86,36.754],[7.869,36.635],[7.869,36.458],[7.888,36.349]]]},"properties":{"id":"tunisians","name":"Tunisians","family":"Afro-Asiatic","glottocode":"sout3117","language":"Southern Morocco Arabic","group":"Arabs, Littoral North Africa","ea":"Cd16","lat":36.5799,"lon":9.292339}},
{"type":"Feature","geometry":{"type":"Polygon","coordinates":[[[34.201,4.106],[34.312,4.067],[34.476,3.897],[34.602,3.575],[34.694,3.229],[34.843,3.044],[34.975,2.773],[35.02,2.59],[35.146,2.268],[35.275,2.064],[35.873,1.943],[36.088,1.785],[36.233,1.76],[36.481,2.101],[36.562,2.395],[36.434,2.654],[36.384,2.847],[36.132,3.026],[36.112,3.209],[35.955,3.322],[35.848,3.605],[35.847,3.946],[35.927,4.127],[35.925,4.486],[35.771,4.582],[35.555,4.91],[35.188,4.813],[34.734,4.731],[34.263,4.583],[34.106,4.43],[34.092,4.304],[34.201,4.106]]]},"properties":{"id":"turkana","name":"Turkana","family":"Nilo-Saharan","glottocode":"turk1308","language":"Turkana","group":"Karamojong","ea":"Aj5","lat":3.404871,"lon":35.3972}},
{"type":"Feature","geometry":{"type":"Polygon","coordinates":[[[6.044,9.887],[5.997,10.233],[6.041,10.597],[5.972,10.961],[5.671,10.925],[5.574,10.955],[5.426,11.103],[5.293,11.17],[5.041,11.098],[5.078,10.947],[4.915,10.737],[4.959,10.649],[4.956,9.985],[5.211,9.848],[5.589,9.766],[5.832,9.674],[6.044,9.887]]]},"properties":{"id":"kamberi","name":"Kamberi","family":"Niger-Congo","glottocode":null,"language":"Kambari","group":"Hausa","ea":"Cb25","lat":10.4087,"lon":5.498453}},
{"type":"Feature","geometry":{"type":"Polygon","coordinates":[[[35.213,-5.536],[35.177,-4.935],[35.1,-4.583],[34.964,-4.293],[34.576,-4.684],[34.443,-4.861],[34.082,-4.959],[34.027,-5.069],[34.084,-5.415],[34.311,-5.699],[34.503,-5.802],[35.011,-5.583],[35.213,-5.536]]]},"properties":{"id":"turu","name":"Turu","family":"Niger-Congo","glottocode":"nyat1246","language":"Nyaturu","group":"Rift","ea":"Ad26","lat":-5.1471,"lon":34.6764}},
{"type":"Feature","geometry":{"type":"Polygon","coordinates":[[[23.147,13.569],[22.941,13.739],[22.791,13.801],[22.388,13.903],[22.227,13.968],[22.175,13.773],[22.101,13.491],[21.917,13.111],[21.907,12.765],[22.046,12.589],[22.367,12.398],[22.52,12.368],[22.715,12.717],[22.968,13.025],[23.05,13.161],[23.147,13.569]]]},"properties":{"id":"masalit","name":"Masalit","family":"Nilo-Saharan","glottocode":"furr1244","language":"Fur","group":"Darfur","ea":"Cb17","lat":13.1873,"lon":22.4792}},
{"type":"Feature","geometry":{"type":"Polygon","coordinates":[[[-0.206,14.382],[-0.176,14.745],[-0.107,14.859],[0.083,14.821],[0.165,14.707],[0.203,14.473],[0.311,14.359],[0.513,14.422],[0.716,14.739],[0.76,15.004],[0.659,15.251],[0.045,16.048],[-0.335,16.599],[-0.607,16.858],[-0.891,16.94],[-1.29,16.921],[-1.891,16.826],[-2.049,16.776],[-2.27,16.599],[-2.359,16.371],[-2.359,16.232],[-2.232,15.915],[-2.244,15.744],[-1.748,15.308],[-1.754,14.751],[-1.634,14.543],[-1.479,14.511],[-1.412,14.553],[-1.071,14.61],[-0.932,14.579],[-0.736,14.452],[-0.674,14.333],[-0.283,14.326],[-0.206,14.382]]]},"properties":{"id":"udalan","name":"Udalan","family":"Nilo-Saharan","glottocode":"koyr1242","language":"Koyraboro Senni Songhai","group":"Songhai","ea":"Cb3","lat":15.6386,"lon":-0.863684}},
{"type":"Feature","geometry":{"type":"Polygon","coordinates":[[[-2.515,9.04],[-2.405,8.909],[-2.169,9.002],[-2.055,9.141],[-2.131,9.268],[-2.542,9.211],[-2.515,9.04]]]},"properties":{"id":"vagala","name":"Vagala","family":"Niger-Congo","glottocode":"vagl1239","language":"Vagla","group":"Grusi","ea":"Ag43","lat":9.106235,"lon":-2.29926}},
{"type":"Feature","geometry":{"type":"Polygon","coordinates":[[[8.071,5.986],[8.035,5.675],[8.15,5.436],[8.342,5.408],[8.585,5.763],[8.579,5.89],[8.071,5.986]]]},"properties":{"id":"yako","name":"Yako","family":"Niger-Congo","glottocode":"loka1252","language":"Lokaa","group":"Cross River","ea":"Af4","lat":5.722876,"lon":8.28226}},
{"type":"Feature","geometry":{"type":"Polygon","coordinates":[[[6.206,33.465],[6.01,33.98],[5.606,33.98],[5.577,33.753],[5.646,33.379],[5.587,33.191],[5.608,33.032],[5.763,32.757],[5.861,32.678],[6.088,32.708],[6.197,32.777],[6.305,33.073],[6.206,33.465]]]},"properties":{"id":"ruarha","name":"Ruarha","family":"Afro-Asiatic","glottocode":"algi1247","language":"Algiers","group":"Arabs, Bedoin","ea":"Cc16","lat":33.3226,"lon":5.911598}},
{"type":"Feature","geometry":{"type":"Polygon","coordinates":[[[-11.311,7.236],[-11.576,7.346],[-11.577,7.345],[-11.606,7.313],[-11.705,7.063],[-11.384,6.836],[-11.359,6.698],[-10.97,6.538],[-10.829,6.441],[-10.674,6.639],[-10.696,6.857],[-11.075,7.111],[-11.311,7.236]]]},"properties":{"id":"vai","name":"Vai","family":"Niger-Congo","glottocode":"vaii1241","language":"Vai","group":"Mende-Temne","ea":"Af58","lat":6.902233,"lon":-11.1583}},
{"type":"Feature","geometry":{"type":"Polygon","coordinates":[[[39.239,13.129],[39.192,13.318],[38.866,13.466],[38.659,13.654],[38.443,13.791],[38.259,13.544],[38.239,13.298],[38.554,13.16],[38.791,12.953],[38.86,12.657],[38.91,12.597],[39.205,12.617],[39.343,12.716],[39.353,12.824],[39.239,13.129]]]},"properties":{"id":"kamir","name":"Kamir","family":"Afro-Asiatic","glottocode":"amha1245","language":"Amharic","group":"Ethiopia, Central","ea":"Ca7","lat":13.1756,"lon":38.8192}},
{"type":"Feature","geometry":{"type":"Polygon","coordinates":[[[30.534,-23.524],[30.559,-23.378],[30.685,-23.109],[30.954,-22.857],[31.038,-22.722],[31.099,-22.466],[30.819,-22.12],[30.676,-21.792],[30.642,-21.682],[30.626,-21.632],[30.576,-21.433],[30.063,-21.649],[29.701,-21.733],[29.701,-21.901],[29.608,-22.314],[29.322,-22.843],[29.348,-23.104],[29.457,-23.205],[29.869,-23.298],[30.12,-23.566],[30.534,-23.524]]]},"properties":{"id":"venda","name":"Venda","family":"Niger-Congo","glottocode":"vend1245","language":"Venda","group":"Sotho","ea":"Ab6","lat":-22.5545,"lon":30.2053}},
{"type":"Feature","geometry":{"type":"Polygon","coordinates":[[[27.704,-25.596],[27.746,-25.558],[27.191,-25.239],[26.838,-25.062],[26.12,-24.773],[26.061,-24.927],[25.876,-25.213],[25.806,-25.587],[26.061,-25.873],[26.347,-26.293],[26.961,-26.941],[27.339,-27.286],[27.503,-27.386],[28.034,-27.07],[28.195,-26.995],[28.217,-26.567],[28.152,-26.483],[27.83,-26.315],[27.645,-26.088],[27.612,-25.945],[27.704,-25.596]]]},"properties":{"id":"hurutshe","name":"Hurutshe","family":"Niger-Congo","glottocode":"sout2807","language":"Southern Sotho","group":"Sotho","ea":"Ab8","lat":-26.061,"lon":27.006}},
{"type":"Feature","geometry":{"type":"Polygon","coordinates":[[[-16.896,14.256],[-16.83,14.3],[-16.813,14.311],[-16.79,14.327],[-16.743,14.38],[-16.77,14.594],[-16.67,14.641],[-16.315,14.681],[-16.199,14.58],[-16.074,14.357],[-15.887,14.205],[-15.735,14.187],[-15.658,14.192],[-15.601,14.196],[-15.432,14.285],[-15.369,14.366],[-15.373,14.371],[-15.708,14.848],[-15.86,15.017],[-15.842,15.24],[-15.548,15.499],[-15.45,15.722],[-15.689,16.412],[-15.905,16.28],[-16.438,16.113],[-16.53,16.106],[-16.546,15.757],[-16.884,15.217],[-17.167,14.903],[-17.383,14.797],[-17.226,14.689],[-17.089,14.487],[-16.977,14.411],[-16.896,14.256]]]},"properties":{"id":"wolof","name":"Wolof","family":"Niger-Congo","glottocode":"nucl1347","language":"Wolof","group":"Senegal","ea":"Cb2","lat":15.215,"lon":-16.2226}},
{"type":"Feature","geometry":{"type":"Polygon","coordinates":[[[-4.144,10.741],[-4.393,10.812],[-4.589,10.711],[-4.407,10.147],[-4.126,10.212],[-4.043,10.331],[-4.132,10.551],[-4.144,10.741]]]},"properties":{"id":"karaboro","name":"Karaboro","family":"Niger-Congo","glottocode":"mama1271","language":"Mamara Senoufo","group":"Senufo","ea":"Ag31","lat":10.4914,"lon":-4.30928}},
{"type":"Feature","geometry":{"type":"Polygon","coordinates":[[[13.814,11.423],[13.685,11.305],[13.561,11.264],[13.618,11.05],[13.897,10.967],[14.068,11.213],[13.913,11.383],[13.814,11.423]]]},"properties":{"id":"wakura","name":"Wakura","family":"Nilo-Saharan","glottocode":"cent2050","language":"Central Kanuri","group":"Bornu","ea":"Cb19","lat":11.1913,"lon":13.8204}},
{"type":"Feature","geometry":{"type":"Polygon","coordinates":[[[20.317,-32.848],[20.381,-32.854],[20.7,-32.896],[21.289,-32.921],[21.491,-32.955],[21.659,-33.031],[21.928,-33.005],[22.09,-32.965],[22.197,-32.938],[22.483,-32.879],[22.653,-32.798],[22.677,-32.787],[22.7,-32.75],[22.82,-32.56],[22.937,-32.341],[23.106,-32.156],[23.366,-32.038],[23.703,-31.988],[23.761,-31.991],[24.039,-32.005],[24.283,-32.097],[25.166,-32.291],[25.385,-32.291],[25.637,-32.298],[25.671,-32.299],[25.923,-32.333],[26.1,-32.363],[26.167,-32.375],[26.394,-32.375],[26.587,-32.349],[26.589,-32.351],[26.591,-32.354],[26.672,-32.173],[27.117,-31.685],[27.724,-31.163],[27.74,-30.858],[27.824,-30.741],[27.849,-30.572],[27.731,-30.37],[27.588,-30.354],[27.361,-30.471],[26.84,-30.648],[26.596,-30.614],[26.167,-30.312],[25.957,-30.11],[25.73,-29.79],[25.116,-29.396],[24.762,-29.311],[24.241,-29.319],[23.694,-29.412],[23.324,-29.319],[23.089,-29.193],[22.963,-29.033],[22.499,-28.662],[22.123,-28.585],[21.905,-28.509],[21.072,-28.35],[20.492,-28.333],[20.357,-28.282],[20.271,-28.16],[20.044,-28.387],[20.011,-28.53],[19.834,-28.791],[19.531,-29.069],[19.187,-29.274],[18.901,-29.82],[18.791,-30.148],[18.59,-30.577],[18.842,-31.079],[18.959,-31.214],[18.984,-31.232],[19.102,-31.323],[19.456,-31.55],[19.548,-31.668],[19.637,-31.854],[19.649,-31.878],[19.682,-32.107],[19.683,-32.114],[19.649,-32.349],[19.678,-32.494],[19.683,-32.518],[19.742,-32.619],[20.128,-32.829],[20.317,-32.848]]]},"properties":{"id":"xam","name":"Xam","family":"Khoisan","glottocode":"xamm1241","language":"/Xam","group":"Bushmen","ea":"Aa8","lat":-30.7489,"lon":22.6347}},
{"type":"Feature","geometry":{"type":"Polygon","coordinates":[[[18.342,-8.096],[18.332,-8.008],[18.524,-7.523],[18.131,-7.234],[18.014,-7.124],[17.918,-6.875],[17.846,-6.846],[17.678,-6.451],[17.438,-5.752],[17.464,-5.312],[17.639,-5.144],[17.613,-4.808],[17.451,-4.568],[17.29,-4.471],[17.108,-4.423],[16.778,-4.594],[16.63,-4.62],[16.41,-4.555],[16.287,-4.626],[16.222,-4.924],[16.21,-5.232],[16.336,-5.413],[16.358,-5.555],[16.15,-5.774],[16.117,-6.025],[16.15,-6.222],[16.565,-6.998],[16.721,-7.187],[17.068,-7.556],[17.174,-7.563],[17.424,-7.581],[17.649,-7.745],[17.804,-8.012],[17.787,-8.124],[17.883,-8.28],[18.137,-8.218],[18.342,-8.096]]]},"properties":{"id":"yaka","name":"Yaka","family":"Niger-Congo","glottocode":"yaka1269","language":"Yaka-Pelende-Lonzo","group":"Lower Congo","ea":"Ac20","lat":-6.25624,"lon":17.1523}},
{"type":"Feature","geometry":{"type":"Polygon","coordinates":[[[30.562,4.707],[30.312,4.583],[30.302,4.452],[30.394,4.399],[30.596,4.404],[30.748,4.52],[30.727,4.67],[30.562,4.707]]]},"properties":{"id":"idio","name":"Idio","family":"Nilo-Saharan","glottocode":"poju1239","language":"Pöjulu","group":"Bari-Lotuko","ea":"Aj13","lat":4.544307,"lon":30.5275}},
{"type":"Feature","geometry":{"type":"Polygon","coordinates":[[[33.903,-12.325],[33.885,-11.813],[33.664,-11.599],[33.456,-11.271],[33.276,-11.279],[33.166,-11.479],[33.122,-11.65],[32.977,-11.921],[33.04,-12.179],[33.115,-12.274],[33.292,-12.356],[33.531,-12.684],[33.721,-12.652],[33.821,-12.526],[33.903,-12.325]]]},"properties":{"id":"mombera","name":"Mombera","family":"Niger-Congo","glottocode":"chew1246","language":"Chewa","group":"Maravi","ea":"Ac10","lat":-11.9885,"lon":33.4738}},
{"type":"Feature","geometry":{"type":"Polygon","coordinates":[[[-10.88,10.556],[-11.103,10.349],[-11.364,10.284],[-11.842,10.266],[-11.845,10.266],[-11.863,10.147],[-11.839,9.987],[-11.831,9.936],[-11.821,9.873],[-11.392,9.677],[-10.955,9.874],[-10.654,9.941],[-10.67,10.373],[-10.741,10.533],[-10.88,10.556]]]},"properties":{"id":"yalunka","name":"Yalunka","family":"Niger-Congo","glottocode":"pula1262","language":"Pular","group":"Fulani, Sedentary","ea":"Ag6","lat":10.0869,"lon":-11.2258}},
{"type":"Feature","geometry":{"type":"Polygon","coordinates":[[[19.198,-4.699],[19.095,-4.463],[18.785,-4.023],[18.59,-3.861],[18.518,-3.689],[18.377,-3.596],[17.989,-3.447],[17.794,-3.485],[17.484,-3.395],[17.338,-3.415],[17.257,-3.731],[17.202,-4.199],[17.27,-4.23],[17.749,-4.197],[18.183,-4.197],[18.487,-4.262],[18.752,-4.476],[18.927,-4.773],[19.033,-4.9],[19.198,-4.699]]]},"properties":{"id":"yanzi","name":"Yanzi","family":"Niger-Congo","glottocode":"yans1239","language":"Yansi","group":"Kasai","ea":"Ac26","lat":-3.98035,"lon":18.101}},
{"type":"Feature","geometry":{"type":"Polygon","coordinates":[[[10.064,8.963],[10.203,9.322],[10.107,9.421],[9.841,9.468],[9.751,9.322],[9.781,9.144],[10.064,8.963]]]},"properties":{"id":"yergum","name":"Yergum","family":"Niger-Congo","glottocode":"taro1263","language":"Tarok","group":"Jos Plateau","ea":"Ah22","lat":9.240933,"lon":9.967925}},
{"type":"Feature","geometry":{"type":"Polygon","coordinates":[[[9.837,9.811],[10.033,9.863],[10.258,10.106],[10.095,10.196],[9.763,10.134],[9.541,10.177],[9.382,10.454],[9.331,10.63],[9.021,10.544],[9.08,10.282],[9.16,10.109],[9.246,10.097],[9.345,9.962],[9.346,9.821],[9.449,9.636],[9.837,9.811]]]},"properties":{"id":"jarawa","name":"Jarawa","family":"Afro-Asiatic","glottocode":"ngas1240","language":"Ngas","group":"Jos Plateau","ea":"Ah16","lat":10.0998,"lon":9.560615}},
{"type":"Feature","geometry":{"type":"Polygon","coordinates":[[[38.12,-10.885],[38.004,-10.82],[37.833,-10.752],[37.676,-10.656],[37.43,-10.41],[36.97,-10.285],[36.96,-10.406],[36.853,-10.583],[36.683,-10.665],[36.639,-10.778],[36.607,-11.106],[36.469,-11.201],[36.204,-11.314],[35.989,-11.365],[35.547,-11.425],[35.415,-11.522],[35.175,-11.622],[35.223,-12.018],[35.126,-12.511],[35.135,-12.704],[35.231,-13.18],[35.249,-13.488],[35.223,-13.716],[35.12,-13.896],[35.179,-14.109],[35.29,-14.345],[35.236,-14.405],[34.913,-14.025],[34.816,-14.227],[34.848,-14.521],[34.908,-14.785],[34.771,-15.122],[34.744,-15.373],[35.018,-15.472],[35.337,-15.438],[35.472,-15.363],[35.657,-15.06],[35.724,-14.665],[35.825,-14.496],[36,-14.416],[36.03,-14.344],[36.059,-14.273],[36.135,-14.062],[36.21,-13.911],[36.274,-13.797],[36.337,-13.684],[36.622,-13.238],[36.629,-13.231],[36.824,-13.011],[37.043,-12.834],[37.211,-12.717],[37.648,-12.515],[37.825,-12.456],[37.919,-12.432],[38.019,-12.406],[38.187,-12.347],[38.313,-12.221],[38.389,-12.052],[38.389,-11.867],[38.296,-11.447],[38.178,-11.22],[38.145,-11.052],[38.12,-10.885]]]},"properties":{"id":"yao","name":"Yao","family":"Niger-Congo","glottocode":"yaoo1241","language":"Yao","group":"Yao-Makonde","ea":"Ac7","lat":-12.5433,"lon":36.4136}},
{"type":"Feature","geometry":{"type":"Polygon","coordinates":[[[27.922,-10.279],[27.57,-10.171],[27.463,-10.095],[27.403,-9.906],[27.269,-9.854],[26.928,-10.03],[26.815,-10.295],[26.755,-10.347],[26.885,-10.646],[27.121,-10.623],[27.285,-10.684],[27.38,-10.899],[27.518,-11.08],[27.794,-11.14],[28,-11.049],[28.056,-10.959],[28.018,-10.719],[27.923,-10.474],[27.922,-10.279]]]},"properties":{"id":"yeke","name":"Yeke","family":"Niger-Congo","glottocode":"sang1331","language":"Sanga (Democratic Republic of Congo)","group":"Luba","ea":"Ae19","lat":-10.5036,"lon":27.4487}},
{"type":"Feature","geometry":{"type":"Polygon","coordinates":[[[34.567,1.526],[34.78,1.429],[34.891,1.446],[35.114,1.764],[35.275,2.064],[35.146,2.268],[35.02,2.59],[34.975,2.773],[34.843,3.044],[34.694,3.229],[34.325,3.039],[34.129,2.869],[34.136,2.473],[34.257,2.287],[34.446,2.073],[34.521,1.776],[34.493,1.67],[34.567,1.526]]]},"properties":{"id":"karamojong","name":"Karamojong","family":"Nilo-Saharan","glottocode":"turk1308","language":"Turkana","group":"Karamojong","ea":"Aj5","lat":2.341051,"lon":34.6873}},
{"type":"Feature","geometry":{"type":"Polygon","coordinates":[[[11.824,9.642],[11.897,9.747],[11.837,9.922],[11.509,9.784],[11.419,9.567],[11.67,9.544],[11.824,9.642]]]},"properties":{"id":"jen","name":"Jen","family":"Niger-Congo","glottocode":"long1389","language":"Longuda","group":"Chamba-Yungur","ea":"Ah30","lat":9.714203,"lon":11.6702}},
{"type":"Feature","geometry":{"type":"Polygon","coordinates":[[[12.161,-4.03],[12.167,-4.188],[12.182,-4.216],[12.209,-4.267],[12.331,-4.522],[12.446,-4.734],[12.628,-4.995],[12.689,-5.113],[12.707,-5.147],[12.974,-5.517],[13.028,-5.681],[13.05,-5.846],[13.053,-5.846],[13.064,-5.849],[13.099,-5.869],[13.111,-5.871],[13.179,-5.857],[13.603,-5.724],[13.55,-5.523],[13.581,-5.262],[13.271,-4.358],[13.282,-4.086],[13.016,-4],[12.561,-3.939],[12.379,-4.012],[12.252,-4.012],[12.16,-4.028],[12.161,-4.03]]]},"properties":{"id":"yombe","name":"Yombe","family":"Niger-Congo","glottocode":"yomb1244","language":"Yombe","group":"Lower Congo","ea":"Ac8","lat":-4.79305,"lon":12.9609}},
{"type":"Feature","geometry":{"type":"Polygon","coordinates":[[[3.829,7.039],[4.425,7.048],[4.449,7.434],[4.628,7.588],[4.8,7.816],[5.021,8.019],[5.213,8.079],[5.421,8.302],[5.461,8.695],[4.936,8.861],[4.652,9.614],[4.008,9.387],[3.788,9.178],[3.504,9.014],[3.003,8.807],[2.914,8.411],[2.923,8.217],[3.007,7.995],[3.196,7.778],[3.219,7.626],[3.321,7.413],[3.727,7.297],[3.829,7.039]]]},"properties":{"id":"yoruba","name":"Yoruba","family":"Niger-Congo","glottocode":"egba1238","language":"Egba","group":"Yoruba","ea":"Af32","lat":8.316554,"lon":4.11471}},
{"type":"Feature","geometry":{"type":"Polygon","coordinates":[[[12.718,10.115],[12.4,10.254],[12.342,9.8],[12.586,9.537],[12.661,9.559],[12.718,10.115]]]},"properties":{"id":"yungur","name":"Yungur","family":"Niger-Congo","glottocode":"bena1260","language":"Bena (Nigeria)","group":"Chamba-Yungur","ea":"Ah33","lat":9.909568,"lon":12.5352}},
{"type":"Feature","geometry":{"type":"Polygon","coordinates":[[[9.16,10.109],[9.08,10.282],[9.021,10.544],[8.847,10.528],[8.773,10.355],[8.536,10.094],[8.771,9.886],[8.977,9.976],[9.16,10.109]]]},"properties":{"id":"jerawa-chawai-sw","name":"Jerawa, Chawai (Sw)","family":"Niger-Congo","glottocode":"juku1254","language":"Jukun Takum","group":"Tiv-Jukun","ea":"Ah2","lat":10.2013,"lon":8.876322}},
{"type":"Feature","geometry":{"type":"Polygon","coordinates":[[[-2.603,34.335],[-2.609,34.059],[-2.294,34.032],[-2.078,34.077],[-1.748,34.08],[-1.513,34.265],[-1.504,34.381],[-1.683,34.463],[-2.249,34.364],[-2.603,34.335]]]},"properties":{"id":"zekara","name":"Zekara","family":"Afro-Asiatic","glottocode":"tari1263","language":"Tarifiyt-Beni-Iznasen-Eastern Middle Atlas Berber","group":"Berbers, Moroccan","ea":"Cd10","lat":34.2385,"lon":-2.05469}},
{"type":"Feature","geometry":{"type":"Polygon","coordinates":[[[1.904,14.809],[1.935,14.621],[1.897,14.451],[1.682,14.228],[1.66,14.006],[1.786,13.783],[1.846,13.606],[1.765,13.248],[1.851,13.2],[2.196,12.828],[2.448,12.49],[2.757,12.468],[3.035,12.468],[3.161,12.424],[3.411,12.173],[3.709,12.299],[3.654,12.664],[3.465,12.803],[3.457,12.937],[3.628,13.471],[3.613,13.574],[3.678,14.01],[3.346,14.234],[3.273,14.627],[2.512,14.714],[2.107,14.793],[1.904,14.809]]]},"properties":{"id":"zerma","name":"Zerma","family":"Nilo-Saharan","glottocode":"koyr1242","language":"Koyraboro Senni Songhai","group":"Songhai","ea":"Cb3","lat":13.5842,"lon":2.723258}},
{"type":"Feature","geometry":{"type":"Polygon","coordinates":[[[38.702,-5.852],[38.721,-5.77],[38.813,-5.497],[38.813,-5.496],[38.868,-5.393],[38.713,-5.366],[38.482,-5.17],[38.121,-5.137],[37.941,-5.252],[37.77,-5.006],[37.579,-5.04],[37.44,-5.368],[37.529,-5.457],[37.863,-5.655],[38.027,-5.819],[38.115,-5.973],[38.164,-5.996],[38.458,-5.894],[38.58,-5.894],[38.649,-5.86],[38.702,-5.852]]]},"properties":{"id":"zigula","name":"Zigula","family":"Niger-Congo","glottocode":"zigu1242","language":"Zigula","group":"Luguru-Zigula","ea":"Ad28","lat":-5.48752,"lon":38.165}},
{"type":"Feature","geometry":{"type":"Polygon","coordinates":[[[1.093,7.929],[0.89,7.907],[0.545,7.768],[0.705,7.57],[0.932,7.579],[1.029,7.672],[1.093,7.929]]]},"properties":{"id":"kebu","name":"Kebu","family":"Niger-Congo","glottocode":"siwu1238","language":"Siwu","group":"Ewe-Fon","ea":"Af37","lat":7.741482,"lon":0.840645}},
{"type":"Feature","geometry":{"type":"Polygon","coordinates":[[[13.794,5.355],[13.914,5.43],[13.96,5.605],[13.869,5.999],[13.778,6.13],[13.636,6.203],[13.12,6.323],[13.126,6.487],[13.58,6.691],[13.897,6.737],[14.181,6.646],[14.431,6.697],[14.68,6.881],[14.726,6.992],[14.635,7.142],[14.414,7.255],[14.296,7.263],[14.028,7.176],[13.625,6.966],[13.444,6.898],[12.791,6.83],[12.576,6.841],[12.315,6.989],[12.246,7.102],[12.19,7.42],[12.235,7.493],[12.422,7.488],[12.456,7.613],[12.576,7.669],[12.757,7.63],[12.876,7.431],[13.041,7.408],[13.075,7.505],[13.041,7.743],[13.237,7.821],[13.3,7.976],[13.239,8.038],[13.097,8.634],[13.092,8.838],[13.234,8.969],[13.449,8.872],[13.636,8.719],[13.747,8.47],[13.92,8.22],[14.13,8.254],[14.216,8.518],[14.052,8.783],[13.996,8.994],[14.135,9.178],[14.213,9.172],[14.424,8.955],[14.544,8.893],[14.559,8.979],[14.474,9.15],[14.302,9.362],[14.152,9.729],[14.146,9.969],[13.99,9.995],[13.957,9.858],[13.701,9.519],[13.443,9.483],[12.959,9.268],[12.905,9.193],[12.789,8.744],[12.705,8.666],[12.636,8.549],[12.906,8.275],[12.962,8.114],[12.917,8.02],[12.723,7.953],[12.45,7.925],[12.088,8.055],[11.725,7.888],[11.701,7.495],[11.934,7.213],[12.02,6.998],[11.844,6.476],[11.982,6.302],[12.239,6.146],[12.972,5.947],[13.23,5.877],[13.266,5.822],[13.582,5.683],[13.691,5.47],[13.794,5.355]]]},"properties":{"id":"adamawa","name":"Adamawa","family":"Niger-Congo","glottocode":"nort2775","language":"Northwest Gbaya","group":"Banda-Baya","ea":"Ai7","lat":7.556091,"lon":13.1847}},
{"type":"Feature","geometry":{"type":"Polygon","coordinates":[[[3.003,8.807],[3.504,9.014],[3.788,9.178],[4.008,9.387],[3.887,9.647],[4.043,9.855],[4.176,10.107],[4.169,10.196],[3.976,10.247],[3.82,10.24],[3.546,10.314],[3.457,10.522],[3.435,10.796],[3.45,11.078],[3.392,11.393],[3.072,11.807],[2.812,12.282],[2.757,12.468],[2.448,12.49],[2.301,12.316],[2.196,12.105],[2.146,11.766],[2.162,11.382],[2.257,11.104],[2.251,10.965],[2.124,10.787],[1.956,10.744],[1.901,10.616],[1.863,10.306],[1.962,10.066],[2.124,10.014],[2.239,9.899],[2.318,9.714],[2.401,9.257],[2.35,8.979],[2.517,8.989],[2.775,8.873],[3.003,8.807]]]},"properties":{"id":"bargu","name":"Bargu","family":"Niger-Congo","glottocode":"gour1243","language":"Gourmanchéma","group":"Mole","ea":"Ag45","lat":10.4433,"lon":2.893602}},
{"type":"Feature","geometry":{"type":"Polygon","coordinates":[[[2.013,8.979],[1.999,9.229],[1.879,9.418],[1.65,9.409],[1.634,9.294],[1.736,9.039],[1.855,8.916],[2.013,8.979]]]},"properties":{"id":"basila","name":"Basila","family":"Niger-Congo","glottocode":"temm1241","language":"Tem","group":"Borgu-Mango","ea":"Ag52","lat":9.191773,"lon":1.834714}},
{"type":"Feature","geometry":{"type":"Polygon","coordinates":[[[39.107,6.06],[38.551,6.04],[38.269,5.735],[38.124,5.361],[37.953,5.225],[37.277,5.266],[37.055,5.243],[36.82,4.798],[36.782,4.582],[36.808,4.483],[36.972,4.3],[37.596,3.72],[37.735,3.373],[37.773,3.077],[37.741,2.891],[37.519,2.344],[37.464,2.015],[37.451,1.47],[37.476,1.275],[37.804,0.623],[38.056,0.66],[38.206,0.633],[38.691,0.291],[38.862,0.194],[38.973,0.451],[39.533,0.731],[39.669,0.95],[39.642,1.203],[39.485,1.79],[39.266,2.432],[39.314,2.689],[39.505,2.888],[39.621,3.065],[39.669,3.256],[39.697,4.028],[39.751,4.342],[39.819,4.554],[39.994,4.915],[39.867,5.022],[39.71,5.254],[39.58,5.37],[39.396,5.616],[39.107,6.06]]]},"properties":{"id":"boran","name":"Boran","family":"Afro-Asiatic","glottocode":"bora1271","language":"Borana-Arsi-Guji Oromo","group":"Galla","ea":"Ca11","lat":3.286504,"lon":38.5271}},
{"type":"Feature","geometry":{"type":"Polygon","coordinates":[[[-10.696,6.857],[-10.674,6.639],[-10.829,6.441],[-10.81,6.307],[-10.7,6.24],[-10.367,6.157],[-10.063,5.917],[-10.042,5.852],[-9.785,5.611],[-9.524,5.402],[-9.399,5.426],[-9.286,5.581],[-9.052,5.625],[-8.894,5.771],[-8.847,5.967],[-8.888,6.127],[-8.81,6.276],[-8.716,6.549],[-8.853,6.638],[-9.036,6.621],[-9.126,6.531],[-9.642,6.792],[-9.815,6.768],[-10.034,6.661],[-10.133,6.664],[-10.354,6.624],[-10.557,6.82],[-10.696,6.857]]]},"properties":{"id":"bassa","name":"Bassa","family":"Niger-Congo","glottocode":"basa1282","language":"Basa (Nigeria)","group":"Niger, Middle","ea":"Ah11","lat":6.206145,"lon":-9.67354}},
{"type":"Feature","geometry":{"type":"Polygon","coordinates":[[[33.927,16.994],[33.848,16.941],[33.68,16.823],[33.463,16.665],[33.078,16.438],[32.861,16.182],[32.812,15.915],[32.851,15.768],[33.118,15.314],[33.266,15.205],[33.577,15.09],[34.955,15.793],[34.944,15.8],[34.935,16.145],[34.915,16.275],[34.904,16.353],[33.927,16.994]]]},"properties":{"id":"batahin","name":"Batahin","family":"Afro-Asiatic","glottocode":"bish1251","language":"Bisharin","group":"Beja","ea":"Ca5","lat":16.0164,"lon":33.8501}},
{"type":"Feature","geometry":{"type":"Polygon","coordinates":[[[23.082,3.775],[23.022,3.533],[23.089,3.16],[23.214,2.882],[23.367,2.729],[23.483,2.711],[23.561,2.77],[23.641,2.98],[23.845,3.127],[24.22,3.143],[24.225,3.349],[24.06,3.462],[23.924,3.405],[23.731,3.434],[23.714,3.57],[23.828,3.655],[24.043,3.689],[24.146,3.768],[24.089,3.888],[23.862,3.91],[23.533,3.871],[23.082,3.775]]]},"properties":{"id":"bati","name":"Bati","family":"Niger-Congo","glottocode":"zand1248","language":"Zande","group":"Azande","ea":"Ai3","lat":3.377714,"lon":23.5517}},
{"type":"Feature","geometry":{"type":"Polygon","coordinates":[[[10.101,8.406],[10.181,8.406],[10.396,8.578],[10.661,8.959],[10.685,9.427],[10.814,9.931],[11.067,10.214],[11.183,10.292],[11.183,10.485],[10.944,10.645],[10.876,10.749],[10.839,11.034],[10.31,11.198],[10.304,11.032],[10.402,10.688],[10.372,10.3],[10.267,10.115],[10.415,9.777],[10.433,9.55],[10.316,9.365],[10.203,9.322],[10.064,8.963],[10.101,8.406]]]},"properties":{"id":"bauchi","name":"Bauchi","family":"Niger-Congo","glottocode":"juku1254","language":"Jukun Takum","group":"Tiv-Jukun","ea":"Ah2","lat":9.886525,"lon":10.5572}},
{"type":"Feature","geometry":{"type":"Polygon","coordinates":[[[-12.908,9.227],[-12.921,9.225],[-12.968,9.221],[-13.057,9.209],[-13.24,9.221],[-13.326,9.062],[-13.243,8.802],[-13.241,8.665],[-13.127,8.442],[-13.063,8.417],[-13.058,8.387],[-13.046,8.385],[-13.035,8.38],[-12.938,8.401],[-12.867,8.449],[-12.831,8.514],[-12.826,8.537],[-12.807,8.615],[-12.814,8.687],[-12.819,8.74],[-12.855,8.971],[-12.896,9.15],[-12.908,9.227]]]},"properties":{"id":"bulom","name":"Bulom","family":"Niger-Congo","glottocode":"timn1235","language":"Timne","group":"Mende-Temne","ea":"Af57","lat":8.840077,"lon":-13.0367}},
{"type":"Feature","geometry":{"type":"Polygon","coordinates":[[[6.219,7.622],[6.51,7.883],[6.608,8.019],[6.722,8.381],[6.343,8.418],[5.778,8.449],[5.655,8.511],[5.624,8.652],[5.461,8.695],[5.421,8.302],[5.742,8.014],[5.931,7.797],[6.219,7.622]]]},"properties":{"id":"bunu","name":"Bunu","family":"Niger-Congo","glottocode":"nupe1254","language":"Nupe-Nupe-Tako","group":"Nupe-Idoma","ea":"Af8","lat":8.163123,"lon":6.068274}},
{"type":"Feature","geometry":{"type":"Polygon","coordinates":[[[-4.933,5.646],[-4.913,5.942],[-4.993,6.222],[-5.107,6.37],[-5.348,6.334],[-5.325,6.222],[-5.705,6.127],[-5.783,5.984],[-5.961,5.8],[-6.151,5.723],[-6.234,5.622],[-6.518,5.621],[-6.436,5.367],[-6.293,5.1],[-6.406,4.945],[-6.414,4.82],[-6.22,4.876],[-5.821,5.039],[-5.511,5.091],[-5.01,5.125],[-5.187,5.203],[-5.289,5.119],[-5.413,5.161],[-5.438,5.319],[-5.331,5.391],[-5.011,5.397],[-4.933,5.646]]]},"properties":{"id":"dida","name":"Dida","family":"Niger-Congo","glottocode":"bakw1243","language":"Bakwé","group":"Kru","ea":"Af46","lat":5.587336,"lon":-5.64321}},
{"type":"Feature","geometry":{"type":"Polygon","coordinates":[[[-13.294,18.629],[-13.311,18.393],[-13.222,18.176],[-13.173,17.949],[-13.045,17.555],[-13.035,17.357],[-13.074,17.052],[-13.292,16.652],[-12.956,16.596],[-12.778,16.507],[-12.729,16.211],[-12.591,15.906],[-12.486,15.468],[-12.295,15.445],[-12.049,15.504],[-11.92,15.603],[-11.664,15.918],[-11.555,16.007],[-11.394,16.008],[-11.289,16.313],[-11.21,16.786],[-11.21,17.102],[-11.289,17.447],[-11.171,17.94],[-11.161,18.266],[-11.217,18.892],[-11.585,18.82],[-12.081,18.812],[-13.294,18.629]]]},"properties":{"id":"duaish","name":"Duaish","family":"Afro-Asiatic","glottocode":"zena1248","language":"Zenaga","group":"Arabs, Bedoin","ea":"Cc20","lat":17.3523,"lon":-12.1479}},
{"type":"Feature","geometry":{"type":"Polygon","coordinates":[[[-3.853,32.045],[-3.856,31.827],[-3.712,31.387],[-3.685,31.136],[-3.776,30.752],[-3.529,30.444],[-3.429,30.069],[-3.025,30.067],[-2.585,29.933],[-2.414,29.816],[-1.974,29.403],[-1.741,29.125],[-1.57,28.981],[-1.358,28.885],[-0.956,29.655],[-1.202,30.058],[-1.256,30.301],[-1.283,30.705],[-1.355,30.902],[-1.344,31.143],[-1.571,31.488],[-2.001,31.558],[-2.432,31.737],[-2.594,31.881],[-2.706,32.066],[-3.385,32.045],[-3.853,32.045]]]},"properties":{"id":"dui-menia","name":"Dui-Menia","family":"Afro-Asiatic","glottocode":"hass1238","language":"Hassaniyya","group":"Berbers, Moroccan","ea":"Cd9","lat":30.682,"lon":-2.40157}},
{"type":"Feature","geometry":{"type":"Polygon","coordinates":[[[12.102,-3.185],[12.564,-3.149],[12.825,-3.083],[13.476,-2.982],[13.866,-2.654],[14.078,-2.345],[14.127,-2.23],[14.108,-1.884],[14.005,-1.471],[14.108,-1.253],[14.485,-1.101],[14.698,-0.669],[14.704,-0.39],[14.601,-0.19],[14.486,-0.184],[14.237,-0.311],[13.837,-0.706],[13.533,-0.9],[13.139,-0.997],[12.839,-0.969],[12.684,-1.149],[12.478,-1.306],[12.047,-1.567],[11.968,-1.604],[11.907,-1.616],[11.886,-1.783],[11.788,-2.045],[11.788,-2.264],[11.822,-2.444],[11.831,-2.494],[11.883,-2.592],[11.919,-2.658],[11.928,-2.687],[11.995,-2.898],[12.085,-3.13],[12.105,-3.183],[12.103,-3.184],[12.102,-3.185]]]},"properties":{"id":"duma","name":"Duma","family":"Niger-Congo","glottocode":"teke1278","language":"Teke-Eboo-Nzikou","group":"Lower Congo","ea":"Ac19","lat":-1.8722,"lon":13.1622}},
{"type":"Feature","geometry":{"type":"Polygon","coordinates":[[[32.564,19.383],[32.165,19.03],[31.943,18.759],[32.141,18.643],[32.516,18.682],[32.851,18.87],[32.999,18.83],[33.187,18.672],[33.295,18.436],[33.335,18.209],[33.315,17.893],[33.256,17.577],[33.137,17.301],[32.97,17.124],[32.654,16.907],[32.385,16.826],[32.376,16.656],[32.103,15.289],[32.585,15.281],[32.792,15.133],[32.842,15.035],[32.792,14.778],[32.625,14.601],[32.506,14.532],[32.457,14.403],[32.496,14.295],[32.664,14.117],[32.816,14.034],[32.93,14.236],[33.137,14.433],[33.474,14.512],[33.577,15.09],[33.266,15.205],[33.118,15.314],[32.851,15.768],[32.812,15.915],[32.861,16.182],[33.078,16.438],[33.463,16.665],[33.68,16.823],[33.848,16.941],[33.927,16.994],[33.909,17.006],[33.918,17.059],[33.938,17.184],[33.985,17.283],[34.076,17.48],[34.155,17.894],[34.135,18.22],[34.126,18.358],[34.1,18.506],[34.067,18.703],[34.032,18.805],[33.948,19.048],[33.82,19.285],[33.769,19.352],[33.662,19.492],[33.514,19.729],[33.371,19.819],[32.564,19.383]]]},"properties":{"id":"gaaliin","name":"Gaaliin","family":"Afro-Asiatic","glottocode":"nort3133","language":"North Kordofan Arabic","group":"Arabs, Bedoin","ea":"Cc6","lat":17.2547,"lon":33.1469}},
{"type":"Feature","geometry":{"type":"Polygon","coordinates":[[[16.101,9.909],[15.994,9.425],[15.929,9.321],[16.056,8.927],[16.146,8.743],[16.733,9.025],[16.963,9.214],[16.987,9.383],[16.768,9.511],[16.733,9.705],[16.579,9.889],[16.417,9.978],[16.101,9.909]]]},"properties":{"id":"gaberi","name":"Gaberi","family":"Nilo-Saharan","glottocode":"laka1254","language":"Laka (Chad)","group":"Adamawa","ea":"Ai13","lat":9.366559,"lon":16.4057}},
{"type":"Feature","geometry":{"type":"Polygon","coordinates":[[[9.674,29.914],[9.961,30.07],[10.069,30.317],[9.951,30.603],[9.813,30.731],[9.483,30.885],[9.418,30.879],[9.024,30.633],[8.954,30.465],[8.964,30.312],[9.053,30.065],[9.329,29.908],[9.674,29.914]]]},"properties":{"id":"gadames","name":"Gadames","family":"Afro-Asiatic","glottocode":"ghat1242","language":"Ghat","group":"Tuareg","ea":"Cc11","lat":30.3662,"lon":9.498527}},
{"type":"Feature","geometry":{"type":"Polygon","coordinates":[[[8.438,34.398],[8.613,34.235],[8.761,34.185],[9.06,34.175],[9.205,34.254],[9.274,34.383],[9.205,34.6],[8.968,34.679],[8.593,34.688],[8.505,34.619],[8.438,34.398]]]},"properties":{"id":"gafsa","name":"Gafsa","family":"Afro-Asiatic","glottocode":"sout3114","language":"South-Western Tunisian","group":"Arabs, Bedoin","ea":"Cd13","lat":34.4384,"lon":8.860143}},
{"type":"Feature","geometry":{"type":"Polygon","coordinates":[[[12.876,7.431],[12.757,7.63],[12.576,7.669],[12.456,7.613],[12.422,7.488],[12.449,7.367],[12.612,7.321],[12.811,7.336],[12.876,7.431]]]},"properties":{"id":"galim","name":"Galim","family":"Niger-Congo","glottocode":"mbum1254","language":"Mbum","group":"Adamawa","ea":"Ai14","lat":7.484686,"lon":12.6396}},
{"type":"Feature","geometry":{"type":"Polygon","coordinates":[[[-3.764,7.772],[-3.972,7.957],[-4.34,7.908],[-4.489,7.861],[-4.5,7.718],[-4.435,7.576],[-4.197,7.505],[-4.049,7.517],[-3.859,7.635],[-3.764,7.772]]]},"properties":{"id":"gan","name":"Gan","family":"Niger-Congo","glottocode":"baou1238","language":"Baoulé","group":"Akan","ea":"Af9","lat":7.733584,"lon":-4.15143}},
{"type":"Feature","geometry":{"type":"Polygon","coordinates":[[[10.267,10.115],[10.372,10.3],[10.402,10.688],[10.304,11.032],[10.31,11.198],[10.166,11.368],[10.058,11.272],[9.96,11.093],[9.904,10.86],[9.794,10.755],[9.664,10.774],[9.495,10.957],[9.29,10.868],[9.331,10.63],[9.382,10.454],[9.541,10.177],[9.763,10.134],[10.095,10.196],[10.258,10.106],[10.267,10.115]]]},"properties":{"id":"gerawa","name":"Gerawa","family":"Niger-Congo","glottocode":"juku1254","language":"Jukun Takum","group":"Tiv-Jukun","ea":"Ah2","lat":10.6237,"lon":9.92368}},
{"type":"Feature","geometry":{"type":"Polygon","coordinates":[[[42.427,9.032],[42.565,8.775],[42.72,8.57],[42.969,8.519],[43.213,8.915],[43.363,8.904],[43.484,9.294],[43.49,9.475],[43.495,9.588],[43.455,9.586],[43.422,9.584],[43.335,9.598],[43.218,9.618],[43.137,9.656],[43.111,9.669],[42.811,9.686],[42.771,9.481],[42.664,9.317],[42.517,9.261],[42.427,9.032]]]},"properties":{"id":"geri","name":"Geri","family":"Afro-Asiatic","glottocode":"nort3051","language":"Northern Somali","group":"Afar-Somali","ea":"Ca10","lat":9.136258,"lon":42.9782}},
{"type":"Feature","geometry":{"type":"Polygon","coordinates":[[[-7.4,5.373],[-7.819,5.391],[-8.009,5.434],[-8.079,5.297],[-8.009,5.218],[-8.015,5.064],[-8.11,4.832],[-8.273,4.596],[-7.939,4.498],[-7.7,4.355],[-7.442,4.348],[-7.487,4.637],[-7.243,4.773],[-7.125,4.892],[-7.071,5.082],[-7.125,5.284],[-7.4,5.373]]]},"properties":{"id":"grebo","name":"Grebo","family":"Niger-Congo","glottocode":"bakw1243","language":"Bakwé","group":"Kru","ea":"Af46","lat":4.92476,"lon":-7.65541}},
{"type":"Feature","geometry":{"type":"Polygon","coordinates":[[[-1.608,9.954],[-1.371,10.161],[-1.468,10.53],[-1.21,10.702],[-1.011,10.75],[-0.779,11.221],[-0.819,11.245],[-1.159,11.454],[-1.549,11.354],[-1.846,11.056],[-2.273,11.02],[-2.031,10.388],[-2.036,10.252],[-1.644,10.014],[-1.608,9.954]]]},"properties":{"id":"grunshi","name":"Grunshi","family":"Niger-Congo","glottocode":"moss1236","language":"Mossi","group":"Mole","ea":"Ag47","lat":10.7936,"lon":-1.54884}},
{"type":"Feature","geometry":{"type":"MultiPolygon","coordinates":[[[[-15.418,28.128],[-15.697,28.147],[-15.817,27.999],[-15.785,27.837],[-15.579,27.731],[-15.368,27.87],[-15.418,28.128]]],[[[-17.233,28.195],[-17.331,28.091],[-17.245,28.011],[-17.094,28.081],[-17.233,28.195]]],[[[-16.147,28.585],[-16.314,28.567],[-16.502,28.413],[-16.913,28.341],[-16.678,27.984],[-16.532,28.021],[-16.42,28.136],[-16.341,28.37],[-16.119,28.516],[-16.147,28.585]]],[[[-13.87,28.751],[-14.002,28.715],[-14.029,28.587],[-14.146,28.426],[-14.209,28.228],[-13.953,28.224],[-13.844,28.402],[-13.82,28.577],[-13.87,28.751]]],[[[-17.886,28.838],[-18.003,28.764],[-17.879,28.559],[-17.789,28.506],[-17.716,28.746],[-17.886,28.838]]],[[[-13.463,29.121],[-13.649,29.126],[-13.826,29.009],[-13.864,28.854],[-13.481,28.997],[-13.463,29.121]]]]},"properties":{"id":"guanche","name":"Guanche","family":"Afro-Asiatic","glottocode":"guan1277","language":"Guanche","group":"Canary Islands","ea":"Cd11","lat":28.3354,"lon":-15.6735}},
{"type":"Feature","geometry":{"type":"Polygon","coordinates":[[[-1.146,8.279],[-0.981,8.06],[-0.875,8.055],[-0.459,8.18],[-0.246,8.175],[-0.251,8.485],[-0.202,8.629],[-0.26,8.832],[-0.159,9.009],[-0.203,9.218],[-0.374,9.363],[-1.025,9.407],[-1.127,9.591],[-1.133,9.736],[-1.078,10.082],[-1.215,10.17],[-1.371,10.161],[-1.608,9.954],[-1.778,9.838],[-2.037,9.755],[-2.575,9.689],[-2.58,9.426],[-2.542,9.211],[-2.131,9.268],[-2.055,9.141],[-2.169,9.002],[-2.405,8.909],[-2.234,8.548],[-2.089,8.354],[-1.784,8.482],[-1.595,8.735],[-1.297,8.817],[-1.051,8.691],[-0.994,8.589],[-1.12,8.45],[-1.146,8.279]]]},"properties":{"id":"guang","name":"Guang","family":"Niger-Congo","glottocode":"dagb1246","language":"Dagbani","group":"Mole","ea":"Ag44","lat":9.079253,"lon":-1.31821}},
{"type":"Feature","geometry":{"type":"Polygon","coordinates":[[[-5.051,10.39],[-5.1,10.218],[-4.904,9.898],[-4.553,9.761],[-4.438,9.75],[-4.369,9.957],[-4.407,10.147],[-4.589,10.711],[-4.785,10.719],[-4.791,10.515],[-5.051,10.39]]]},"properties":{"id":"guin","name":"Guin","family":"Niger-Congo","glottocode":"ceba1235","language":"Senari","group":"Senufo","ea":"Ag32","lat":10.1941,"lon":-4.70708}},
{"type":"Feature","geometry":{"type":"Polygon","coordinates":[[[18.981,9.778],[19.109,9.591],[19.133,9.379],[19.334,9.373],[20.236,9.045],[20.619,8.656],[20.774,8.454],[21.165,8.498],[21.635,8.668],[21.602,8.977],[21.602,9.545],[21.465,9.532],[20.994,9.709],[20.741,9.942],[20.489,10.065],[20.134,10.119],[19.977,10.181],[19.778,10.392],[19.728,10.505],[19.389,10.568],[18.993,10.279],[19.013,10.069],[18.981,9.778]]]},"properties":{"id":"gula","name":"Gula","family":"Niger-Congo","glottocode":"west2458","language":"West Central Banda","group":"Banda-Baya","ea":"Ai1","lat":9.492076,"lon":20.3222}},
{"type":"Feature","geometry":{"type":"Polygon","coordinates":[[[32.157,-20.681],[32.015,-20.681],[31.943,-20.694],[31.923,-20.698],[31.654,-20.732],[31.469,-20.782],[31.398,-20.803],[31.242,-20.849],[31.031,-20.925],[31.019,-20.934],[30.863,-21.043],[30.737,-21.211],[30.678,-21.284],[30.628,-21.346],[30.579,-21.429],[30.576,-21.433],[30.626,-21.632],[30.642,-21.682],[30.676,-21.792],[30.819,-22.12],[31.063,-22.414],[31.181,-22.386],[31.45,-22.42],[31.486,-22.453],[31.585,-22.546],[31.677,-22.647],[31.871,-22.966],[31.955,-23.092],[31.967,-23.102],[32.089,-23.202],[32.162,-23.247],[32.266,-23.311],[32.455,-23.46],[32.468,-23.471],[32.661,-23.614],[32.872,-23.832],[32.942,-23.911],[33.149,-24.144],[33.264,-24.285],[33.334,-24.371],[33.469,-24.488],[33.556,-24.575],[33.586,-24.606],[34.034,-24.546],[34.454,-24.419],[34.707,-24.251],[34.808,-24.158],[34.816,-24.15],[34.819,-24.144],[34.875,-24.033],[34.925,-23.89],[35.018,-23.721],[35.048,-23.639],[35.077,-23.562],[35.098,-23.537],[35.169,-23.452],[35.295,-23.393],[35.402,-23.363],[35.413,-23.36],[35.46,-23.366],[35.535,-22.95],[35.486,-22.626],[35.534,-22.453],[35.3,-22.358],[35.338,-22.107],[35.27,-21.648],[35.112,-21.311],[34.942,-21.278],[34.808,-21.236],[34.185,-21.228],[34.082,-21.268],[34.034,-21.287],[33.26,-21.472],[33.109,-21.463],[32.957,-21.421],[32.814,-21.295],[32.503,-21.102],[32.293,-20.891],[32.158,-20.681],[32.157,-20.681]]]},"properties":{"id":"hlengwe","name":"Hlengwe","family":"Niger-Congo","glottocode":"ndau1241","language":"Ndau","group":"Shona-Thonga","ea":"Ab17","lat":-22.4909,"lon":33.2965}},
{"type":"Feature","geometry":{"type":"Polygon","coordinates":[[[3.295,6.386],[3.443,6.578],[3.552,6.457],[3.991,6.421],[4.379,6.368],[4.629,6.216],[4.647,6.493],[4.531,6.775],[4.54,6.92],[4.425,7.048],[3.829,7.039],[3.727,6.822],[3.64,6.734],[3.367,6.632],[3.295,6.386]]]},"properties":{"id":"ijebu","name":"Ijebu","family":"Niger-Congo","glottocode":"egba1238","language":"Egba","group":"Yoruba","ea":"Af32","lat":6.672812,"lon":4.086722}},
{"type":"Feature","geometry":{"type":"Polygon","coordinates":[[[17.229,2.094],[17.09,1.982],[17.041,1.685],[17.181,0.945],[17.231,0.84],[17.5,0.973],[17.46,1.472],[17.393,1.885],[17.229,2.094]]]},"properties":{"id":"ikasa","name":"Ikasa","family":"Niger-Congo","glottocode":"bomw1238","language":"Bomwali","group":"Fang-Dzem","ea":"Ae43","lat":1.469112,"lon":17.2701}},
{"type":"Feature","geometry":{"type":"Polygon","coordinates":[[[-14.969,24.152],[-14.95,24.178],[-14.941,24.192],[-14.804,24.372],[-14.682,24.544],[-14.438,25.071],[-14.395,25.265],[-14.353,25.394],[-14.301,25.552],[-14.265,25.652],[-14.251,25.689],[-14.24,25.708],[-14.172,25.825],[-14.043,25.99],[-13.934,26.093],[-13.921,26.105],[-13.901,26.121],[-13.748,26.242],[-13.605,26.332],[-13.526,26.375],[-13.432,26.426],[-13.389,26.499],[-13.366,26.536],[-13.346,26.569],[-13.282,26.691],[-13.241,26.752],[-13.21,26.799],[-13.138,26.928],[-13.045,27.079],[-12.997,27.134],[-12.843,27.309],[-12.448,27.604],[-12.154,27.747],[-11.867,27.876],[-11.824,27.894],[-11.759,27.92],[-11.68,28.02],[-11.694,28.113],[-11.756,28.219],[-12.06,28.085],[-12.958,27.929],[-13.034,27.763],[-13.166,27.69],[-13.303,27.322],[-13.412,27.161],[-13.476,26.917],[-13.63,26.677],[-14.042,26.44],[-14.177,26.428],[-14.48,26.171],[-14.5,25.976],[-14.628,25.776],[-14.711,25.526],[-14.789,25.436],[-14.847,25.207],[-14.834,24.922],[-14.904,24.684],[-15.031,24.542],[-15.166,24.496],[-15.296,24.334],[-15.626,24.018],[-15.754,23.963],[-15.772,23.773],[-15.963,23.517],[-16.147,23.162],[-16.19,22.942],[-16.287,22.901],[-16.357,22.573],[-16.504,22.319],[-16.669,22.296],[-16.917,21.943],[-17.029,21.333],[-16.974,21.073],[-16.779,20.931],[-16.678,20.678],[-16.534,20.705],[-16.383,20.55],[-16.351,20.425],[-16.197,20.229],[-16.217,20.001],[-16.307,19.911],[-16.234,19.791],[-16.337,19.629],[-16.313,19.464],[-16.463,19.369],[-16.457,19.25],[-16.348,19.202],[-16.178,18.905],[-16.165,18.906],[-15.976,18.912],[-15.977,18.913],[-15.978,18.915],[-15.986,18.94],[-15.991,18.955],[-16.055,19.077],[-16.163,19.321],[-16.17,19.594],[-16.142,19.687],[-16.122,19.735],[-16.113,19.759],[-16.07,19.946],[-16.084,20.183],[-16.113,20.291],[-16.124,20.35],[-16.156,20.518],[-16.242,20.683],[-16.343,20.834],[-16.558,21.107],[-16.644,21.33],[-16.666,21.567],[-16.587,21.847],[-16.501,21.991],[-16.437,22.077],[-16.328,22.224],[-16.185,22.425],[-15.991,22.684],[-15.782,22.942],[-15.485,23.366],[-15.341,23.589],[-15.241,23.732],[-15.14,23.897],[-15.047,24.041],[-14.969,24.152]]]},"properties":{"id":"imragen","name":"Imragen","family":"Afro-Asiatic","glottocode":"hass1238","language":"Hassaniyya","group":"Arabs, Bedoin","ea":"Cc1","lat":24.276,"lon":-14.8975}},
{"type":"Feature","geometry":{"type":"Polygon","coordinates":[[[34.987,-3.893],[34.765,-3.913],[34.286,-3.881],[33.999,-4.11],[33.951,-4.331],[33.958,-4.552],[34.082,-4.959],[34.443,-4.861],[34.576,-4.684],[34.964,-4.293],[35.023,-4.185],[34.987,-3.893]]]},"properties":{"id":"iramba","name":"Iramba","family":"Niger-Congo","glottocode":"nyam1276","language":"Nyamwezi","group":"Nyamwezi","ea":"Ad20","lat":-4.34547,"lon":34.4267}},
{"type":"Feature","geometry":{"type":"Polygon","coordinates":[[[37.015,12.17],[37.073,12.246],[37.266,12.203],[37.325,12.291],[37.476,12.306],[37.545,12.238],[37.646,12.351],[37.712,12.521],[37.613,12.653],[37.283,12.857],[37.123,12.868],[36.991,12.813],[36.81,12.56],[36.826,12.307],[37.015,12.17]]]},"properties":{"id":"kemant","name":"Kemant","family":"Afro-Asiatic","glottocode":"amha1245","language":"Amharic","group":"Ethiopia, Central","ea":"Ca7","lat":12.5206,"lon":37.2238}},
{"type":"Feature","geometry":{"type":"Polygon","coordinates":[[[44.122,10.051],[44.022,9.98],[43.846,9.884],[43.699,9.782],[43.518,9.589],[43.507,9.589],[43.495,9.588],[43.49,9.475],[43.484,9.294],[43.363,8.904],[43.412,8.689],[43.565,8.5],[43.857,8.449],[44.265,8.186],[44.461,8.106],[45.037,7.982],[45.496,8.055],[45.794,7.902],[46.086,7.635],[46.392,7.8],[46.539,8.004],[46.664,8.253],[46.755,8.514],[46.914,8.753],[47.209,9.138],[47.356,9.422],[47.538,9.865],[47.833,10.205],[47.901,10.387],[47.821,10.704],[47.821,11.125],[47.714,11.101],[47.508,11.186],[47.388,11.177],[47.166,11.072],[47.055,10.969],[46.656,10.748],[46.424,10.687],[46.25,10.786],[45.974,10.793],[45.805,10.873],[45.442,10.662],[45.324,10.665],[44.978,10.43],[44.716,10.457],[44.418,10.348],[44.141,10.065],[44.122,10.051]]]},"properties":{"id":"ishaak","name":"Ishaak","family":"Afro-Asiatic","glottocode":"nort3051","language":"Northern Somali","group":"Afar-Somali","ea":"Ca10","lat":9.439222,"lon":45.6732}},
{"type":"Feature","geometry":{"type":"Polygon","coordinates":[[[40.239,9.288],[40.199,9.226],[40.075,9.1],[40.233,8.802],[40.646,8.377],[41.008,8.174],[41.302,8.123],[42.05,8.094],[42.094,8.111],[42.259,8.474],[42.565,8.775],[42.427,9.032],[42.171,8.96],[42.081,9],[41.99,9.181],[42.03,9.373],[42.149,9.475],[42.415,9.43],[42.517,9.261],[42.664,9.317],[42.771,9.481],[42.811,9.686],[42.579,9.816],[42.432,9.816],[42.333,9.797],[42.285,9.788],[42.002,9.674],[41.995,9.672],[41.866,9.623],[41.802,9.611],[41.719,9.595],[41.583,9.578],[41.407,9.578],[41.226,9.674],[41.206,9.687],[41.142,9.725],[41.086,9.756],[41.084,9.755],[40.977,9.693],[40.954,9.677],[40.77,9.555],[40.533,9.397],[40.385,9.278],[40.316,9.259],[40.293,9.267],[40.239,9.288]]]},"properties":{"id":"ittu","name":"Ittu","family":"Afro-Asiatic","glottocode":"afar1241","language":"Afar","group":"Afar-Somali","ea":"Ca6","lat":8.944976,"lon":41.4322}},
{"type":"Feature","geometry":{"type":"Polygon","coordinates":[[[8.165,6.759],[8.662,6.699],[8.803,6.684],[8.966,6.78],[8.933,6.881],[8.527,7.108],[8.342,7.187],[8.182,6.875],[8.165,6.759]]]},"properties":{"id":"iyala","name":"Iyala","family":"Niger-Congo","glottocode":"tivv1240","language":"Tiv","group":"Tiv-Jukun","ea":"Ah3","lat":6.892153,"lon":8.537691}},
{"type":"Feature","geometry":{"type":"Polygon","coordinates":[[[20.475,28.561],[20.745,28.478],[21.011,28.439],[21.505,28.478],[21.889,28.656],[22.116,28.962],[22.131,29.112],[21.708,29.475],[21.481,29.544],[21.175,29.544],[20.978,29.475],[20.652,29.307],[20.514,29.08],[20.475,28.561]]]},"properties":{"id":"jalo","name":"Jalo","family":"Afro-Asiatic","glottocode":"liby1240","language":"Libyan Arabic","group":"Arabs, Bedoin","ea":"Cd20","lat":28.9727,"lon":21.2612}},
{"type":"Feature","geometry":{"type":"Polygon","coordinates":[[[10.851,33.879],[10.726,33.881],[10.714,33.741],[10.883,33.673],[11.057,33.798],[10.851,33.879]]]},"properties":{"id":"jerba","name":"Jerba","family":"Afro-Asiatic","glottocode":"sout3114","language":"South-Western Tunisian","group":"Arabs, Bedoin","ea":"Cd13","lat":33.7935,"lon":10.8641}},
{"type":"Feature","geometry":{"type":"Polygon","coordinates":[[[9.241,33.361],[9.185,33.433],[9.219,33.631],[9.304,33.808],[9.313,34.012],[9.06,34.175],[8.761,34.185],[8.613,34.235],[8.438,34.398],[7.307,34.351],[7.351,34.039],[7.429,33.859],[7.755,33.788],[8.189,33.63],[8.613,33.403],[8.882,33.147],[9.126,33.226],[9.241,33.361]]]},"properties":{"id":"jerid","name":"Jerid","family":"Afro-Asiatic","glottocode":"sout3114","language":"South-Western Tunisian","group":"Arabs, Bedoin","ea":"Cd13","lat":33.8922,"lon":8.407821}},
{"type":"Feature","geometry":{"type":"Polygon","coordinates":[[[18.163,28.916],[17.478,29.209],[17.261,29.357],[16.66,29.683],[16.186,29.9],[15.644,29.979],[14.959,29.971],[14.894,29.68],[14.944,29.423],[15.121,29.049],[15.338,28.723],[15.606,28.252],[15.693,28.18],[16.206,27.884],[16.482,27.775],[17.137,27.608],[17.469,27.844],[18.354,28.276],[18.163,28.916]]]},"properties":{"id":"jofra","name":"Jofra","family":"Afro-Asiatic","glottocode":"liby1240","language":"Libyan Arabic","group":"Arabs, Bedoin","ea":"Cd20","lat":28.8224,"lon":16.5391}},
{"type":"Feature","geometry":{"type":"Polygon","coordinates":[[[29.377,-19.179],[29.378,-19.61],[29.42,-19.778],[29.412,-20.089],[29.487,-20.274],[29.487,-20.552],[29.319,-20.888],[29.142,-21.393],[29.144,-21.679],[29.381,-21.75],[29.701,-21.733],[30.063,-21.649],[30.576,-21.433],[30.579,-21.429],[30.628,-21.346],[30.678,-21.284],[30.737,-21.211],[30.863,-21.043],[31.019,-20.934],[31.031,-20.925],[31.242,-20.849],[31.398,-20.803],[31.469,-20.782],[31.654,-20.732],[31.923,-20.698],[31.943,-20.694],[32.015,-20.681],[32.157,-20.681],[32.162,-20.53],[32.163,-20.476],[32.155,-20.316],[32.157,-20.028],[31.919,-19.761],[31.943,-19.656],[31.667,-19.425],[31.146,-19.181],[30.927,-19.097],[30.641,-19.172],[30.532,-19.139],[30.355,-18.996],[29.783,-19.122],[29.68,-19.128],[29.377,-19.179]]]},"properties":{"id":"karanga","name":"Karanga","family":"Niger-Congo","glottocode":"nort2795","language":"Zimbabwean Ndebele","group":"Nguni","ea":"Ab9","lat":-20.2863,"lon":30.5081}},
{"type":"Feature","geometry":{"type":"Polygon","coordinates":[[[26.54,4.771],[26.452,5.19],[25.936,5.605],[25.601,5.529],[25.393,5.142],[25.383,5.002],[25.495,4.736],[26.094,4.533],[26.24,4.557],[26.54,4.771]]]},"properties":{"id":"kare","name":"Kare","family":"Niger-Congo","glottocode":"zand1248","language":"Zande","group":"Azande","ea":"Ai3","lat":5.041338,"lon":25.9417}},
{"type":"Feature","geometry":{"type":"Polygon","coordinates":[[[29.236,11.647],[29.343,11.52],[29.647,11.561],[29.658,11.903],[29.439,11.909],[29.289,11.8],[29.236,11.647]]]},"properties":{"id":"katla","name":"Katla","family":"Niger-Congo","glottocode":null,"language":"Katla","group":"Nilotes, Northern","ea":"Aj11","lat":11.7154,"lon":29.4656}},
{"type":"Feature","geometry":{"type":"Polygon","coordinates":[[[10.93,16.821],[11.235,16.734],[11.558,16.723],[12.645,16.642],[12.888,16.665],[13.338,16.769],[14.425,17.139],[14.423,17.162],[14.367,17.705],[14.275,18.988],[14.217,19.543],[14.148,19.658],[13.882,19.832],[12.737,19.855],[12.391,19.832],[11.748,19.853],[11.651,19.165],[11.533,18.436],[11.424,18.066],[11.079,17.306],[10.93,16.821]]]},"properties":{"id":"kawar","name":"Kawar","family":"Nilo-Saharan","glottocode":"teda1241","language":"Tedaga","group":"Teda","ea":"Cc2","lat":18.2052,"lon":12.8163}},
{"type":"Feature","geometry":{"type":"Polygon","coordinates":[[[24.667,-23.919],[24.471,-23.754],[23.815,-23.258],[23.572,-23.039],[23.378,-22.812],[23.159,-22.451],[23.05,-22.182],[22.806,-21.711],[22.646,-21.45],[22.524,-21.346],[22.327,-21.551],[22.268,-21.702],[22.016,-22.139],[21.881,-22.333],[21.57,-22.678],[21.166,-22.989],[20.765,-23.234],[20.781,-23.488],[20.84,-23.774],[20.823,-24.017],[20.958,-24.253],[21.126,-24.648],[21.235,-24.842],[21.521,-25.229],[21.715,-25.557],[21.874,-25.876],[22.009,-26.271],[22.004,-26.382],[22.068,-26.302],[22.455,-26.125],[22.825,-26.007],[23.449,-25.852],[23.891,-25.755],[24.154,-25.656],[24.404,-25.424],[24.675,-25.052],[24.699,-24.902],[24.69,-24.011],[24.667,-23.919]]]},"properties":{"id":"kgalagadi","name":"Kgalagadi","family":"Niger-Congo","glottocode":null,"language":"Kgalagadi","group":"Bushmen","ea":"Aa7","lat":-24.1061,"lon":22.7094}},
{"type":"Feature","geometry":{"type":"Polygon","coordinates":[[[28.438,-25.289],[28.599,-24.874],[28.231,-24.81],[28.079,-24.507],[28.164,-23.994],[28.113,-23.8],[28.021,-23.655],[27.676,-23.615],[26.658,-23.767],[26.523,-23.81],[26.347,-24.271],[26.095,-24.489],[26.12,-24.773],[26.838,-25.062],[27.191,-25.239],[27.746,-25.558],[27.704,-25.596],[27.957,-25.44],[28.438,-25.289]]]},"properties":{"id":"kgatla","name":"Kgatla","family":"Niger-Congo","glottocode":"nort2795","language":"Zimbabwean Ndebele","group":"Nguni","ea":"Ab9","lat":-24.5332,"lon":27.3673}},
{"type":"Feature","geometry":{"type":"Polygon","coordinates":[[[30.283,21.995],[30.537,22.567],[30.873,23.169],[31.297,23.79],[31.514,24.145],[31.644,24.29],[31.662,24.444],[31.682,24.661],[31.677,24.766],[31.672,24.908],[31.534,25.391],[31.476,25.468],[31.386,25.588],[31.267,25.776],[31.176,25.841],[31.129,25.874],[30.735,26.062],[30.666,26.17],[30.643,26.187],[30.567,26.241],[30.008,25.972],[29.906,25.412],[29.808,25.096],[29.704,24.901],[29.689,24.552],[29.709,24.246],[29.62,23.635],[29.541,22.628],[29.417,21.995],[30.283,21.995]]]},"properties":{"id":"kharga","name":"Kharga","family":"Nilo-Saharan","glottocode":"kenu1236","language":"Kenuzi-Dongola","group":"Nubians","ea":"Cd1","lat":24.1886,"lon":30.4822}},
{"type":"Feature","geometry":{"type":"Polygon","coordinates":[[[2.35,8.979],[2.401,9.257],[2.318,9.714],[2.239,9.899],[2.124,10.014],[1.962,10.066],[1.791,9.927],[1.613,9.843],[1.667,9.492],[1.622,9.413],[1.65,9.409],[1.879,9.418],[1.999,9.229],[2.013,8.979],[2.35,8.979]]]},"properties":{"id":"kilinga","name":"Kilinga","family":"Niger-Congo","glottocode":"temm1241","language":"Tem","group":"Borgu-Mango","ea":"Ag52","lat":9.539586,"lon":2.047741}},
{"type":"Feature","geometry":{"type":"Polygon","coordinates":[[[32.063,-7.939],[32.331,-7.923],[32.455,-8.112],[32.734,-8.124],[32.999,-7.992],[33.387,-7.887],[33.616,-7.533],[33.723,-7.42],[33.881,-7.376],[34.341,-7.382],[34.663,-6.947],[34.758,-6.882],[34.758,-6.667],[34.595,-6.245],[34.565,-6.035],[34.349,-6.1],[34.052,-6.258],[33.945,-6.359],[33.819,-6.624],[33.705,-6.775],[33.529,-6.895],[33.258,-6.914],[33.053,-6.871],[32.488,-7.172],[32.278,-7.333],[32.173,-7.708],[32.006,-7.806],[32.063,-7.939]]]},"properties":{"id":"kimbu","name":"Kimbu","family":"Niger-Congo","glottocode":"nyam1276","language":"Nyamwezi","group":"Nyamwezi","ea":"Ad20","lat":-7.18343,"lon":33.4886}},
{"type":"Feature","geometry":{"type":"Polygon","coordinates":[[[24.653,-0.897],[24.957,-0.784],[25.275,-0.704],[25.501,-0.738],[25.717,-1.016],[25.717,-1.277],[25.598,-1.448],[25.331,-1.561],[25.121,-1.601],[25.022,-1.769],[25.172,-1.771],[25.647,-1.872],[25.813,-1.589],[26.08,-1.47],[26.243,-1.301],[26.267,-0.926],[26.211,-0.738],[26.125,-0.665],[25.819,-0.545],[25.581,-0.194],[25.428,-0.126],[25.314,0.118],[25.29,0.297],[25.165,0.299],[25.025,-0.018],[24.934,-0.137],[24.577,-0.25],[24.452,-0.489],[24.526,-0.693],[24.653,-0.897]]]},"properties":{"id":"lengola","name":"Lengola","family":"Niger-Congo","glottocode":"komo1260","language":"Komo (Democratic Republic of Congo)","group":"Babwa-Bira","ea":"Ae32","lat":-0.770535,"lon":25.419}},
{"type":"Feature","geometry":{"type":"Polygon","coordinates":[[[17.068,-7.556],[16.721,-7.187],[16.618,-7.221],[16.565,-7.239],[16.525,-7.269],[16.434,-7.337],[16.259,-7.436],[15.964,-7.742],[15.833,-7.851],[15.752,-7.932],[15.702,-7.982],[15.603,-8.124],[15.439,-8.212],[15.357,-8.222],[15.264,-8.234],[15.068,-8.266],[14.941,-8.248],[14.761,-8.223],[14.543,-8.168],[14.39,-8.157],[13.974,-8.212],[13.385,-8.372],[13.375,-8.471],[13.345,-8.47],[13.372,-8.593],[13.387,-8.74],[13.193,-8.833],[13.019,-9.086],[13.169,-9.406],[13.329,-9.371],[13.438,-9.349],[13.522,-9.321],[13.57,-9.305],[13.712,-9.272],[13.821,-9.283],[13.909,-9.316],[13.939,-9.335],[13.996,-9.371],[14.062,-9.458],[14.081,-9.491],[14.127,-9.568],[14.213,-9.724],[14.51,-9.764],[14.587,-9.745],[14.597,-9.742],[14.947,-9.699],[15.221,-9.677],[15.931,-9.841],[16.012,-9.886],[16.106,-9.939],[16.281,-10.027],[16.299,-10.027],[16.543,-10.016],[16.729,-9.95],[16.871,-9.775],[17.01,-9.604],[17.014,-9.6],[17.052,-9.486],[17.079,-9.404],[17.156,-9.218],[17.265,-9.088],[17.276,-9.076],[17.27,-9.062],[17.167,-8.835],[17.101,-8.605],[17.078,-8.469],[17.068,-8.409],[17.025,-8.234],[17.017,-8.148],[17.003,-7.993],[17.003,-7.774],[17.051,-7.614],[17.068,-7.556]]]},"properties":{"id":"kimbundu","name":"Kimbundu","family":"Niger-Congo","glottocode":"sans1272","language":"San Salvador Kongo","group":"Lower Congo","ea":"Ac14","lat":-8.81355,"lon":15.4847}},
{"type":"Feature","geometry":{"type":"Polygon","coordinates":[[[23.964,14.69],[23.617,14.866],[23.33,14.941],[23.105,14.948],[22.92,14.907],[22.934,14.702],[23.064,14.525],[23.494,14.395],[23.738,14.233],[23.952,14.614],[23.964,14.69]]]},"properties":{"id":"kimr","name":"Kimr","family":"Nilo-Saharan","glottocode":"furr1244","language":"Fur","group":"Darfur","ea":"Cb17","lat":14.6549,"lon":23.4353}},
{"type":"Feature","geometry":{"type":"Polygon","coordinates":[[[35.217,-3.411],[34.911,-3.183],[34.702,-3.396],[34.368,-3.674],[34.286,-3.881],[34.765,-3.913],[34.987,-3.893],[35.162,-3.422],[35.217,-3.411]]]},"properties":{"id":"kindiga","name":"Kindiga","family":"Niger-Congo","glottocode":"suku1261","language":"Sukuma","group":"Nyamwezi","ea":"Ad22","lat":-3.61617,"lon":34.7731}},
{"type":"Feature","geometry":{"type":"Polygon","coordinates":[[[-9.051,9.095],[-9.197,8.833],[-9.173,8.674],[-9.268,8.479],[-9.179,8.419],[-9.043,8.532],[-8.731,8.238],[-8.354,8.241],[-8.128,8.146],[-8.011,8.012],[-7.819,8.015],[-7.683,7.843],[-7.612,7.825],[-7.242,8.092],[-7.31,8.279],[-7.502,8.603],[-7.76,8.949],[-7.952,9.267],[-7.974,9.476],[-8.205,9.53],[-8.518,9.454],[-8.726,9.212],[-9.051,9.095]]]},"properties":{"id":"konyanke","name":"Konyanke","family":"Niger-Congo","glottocode":"kita1249","language":"Kita Maninkakan","group":"Mande, Nuclear","ea":"Ag9","lat":8.688369,"lon":-8.23764}},
{"type":"Feature","geometry":{"type":"Polygon","coordinates":[[[25.288,-28.601],[24.786,-28.417],[24.433,-28.232],[24.13,-28.19],[23.553,-27.903],[22.515,-27.904],[22.515,-27.936],[22.499,-28.662],[22.963,-29.033],[23.089,-29.193],[23.324,-29.319],[23.694,-29.412],[24.241,-29.319],[24.762,-29.311],[25.116,-29.396],[25.265,-28.93],[25.288,-28.601]]]},"properties":{"id":"korana","name":"Korana","family":"Khoisan","glottocode":"xamm1241","language":"/Xam","group":"Bushmen","ea":"Aa8","lat":-28.6745,"lon":23.8126}},
{"type":"Feature","geometry":{"type":"Polygon","coordinates":[[[12.687,-16.172],[12.728,-15.92],[12.936,-15.603],[12.942,-15.58],[13.001,-15.384],[13.045,-15.078],[13.056,-14.772],[13.033,-14.696],[13.012,-14.63],[13.033,-14.525],[13.045,-14.466],[12.957,-14.323],[12.804,-14.214],[12.684,-14.127],[12.613,-14.118],[12.498,-14.105],[12.34,-14.073],[12.34,-14.076],[12.334,-14.083],[12.33,-14.094],[12.332,-14.105],[12.353,-14.139],[12.316,-14.194],[12.342,-14.391],[12.188,-14.935],[12.057,-15.218],[12.009,-15.592],[11.894,-15.751],[11.731,-15.855],[11.811,-15.993],[11.779,-16.104],[11.82,-16.472],[11.815,-16.803],[11.761,-17.081],[11.786,-17.074],[11.919,-17.035],[12.148,-16.98],[12.301,-16.893],[12.413,-16.837],[12.476,-16.805],[12.497,-16.758],[12.553,-16.63],[12.651,-16.379],[12.687,-16.172]]]},"properties":{"id":"koroca","name":"Koroca","family":"Niger-Congo","glottocode":"here1253","language":"Herero","group":"Southwestern Bantu","ea":"Ab1","lat":-15.5824,"lon":12.4102}},
{"type":"Feature","geometry":{"type":"Polygon","coordinates":[[[9.902,5.458],[9.423,5.265],[9.568,5.024],[9.559,4.756],[9.435,4.545],[9.596,4.396],[9.702,4.22],[9.725,4.183],[9.737,4.165],[9.844,4.168],[9.896,4.169],[10.025,4.229],[10.09,4.303],[10.099,4.333],[9.947,4.534],[9.947,4.802],[10.126,5.195],[10.081,5.311],[9.902,5.458]]]},"properties":{"id":"kossi","name":"Kossi","family":"Niger-Congo","glottocode":"orok1266","language":"Oroko","group":"Biafra Coast","ea":"Ae45","lat":4.828666,"lon":9.790193}},
{"type":"Feature","geometry":{"type":"Polygon","coordinates":[[[12.088,8.055],[12.45,7.925],[12.723,7.953],[12.917,8.02],[12.962,8.114],[12.906,8.275],[12.636,8.549],[12.364,8.517],[12.167,8.308],[12.155,8.123],[12.088,8.055]]]},"properties":{"id":"kotopo","name":"Kotopo","family":"Niger-Congo","glottocode":"nort2775","language":"Northwest Gbaya","group":"Banda-Baya","ea":"Ai7","lat":8.212118,"lon":12.5353}},
{"type":"Feature","geometry":{"type":"Polygon","coordinates":[[[12.842,13.599],[12.853,13.401],[12.742,13.238],[12.415,13.15],[12.479,12.755],[12.786,12.786],[13.031,12.905],[13.142,13.009],[13.246,13.224],[13.186,13.39],[12.996,13.67],[12.842,13.599]]]},"properties":{"id":"koyam","name":"Koyam","family":"Nilo-Saharan","glottocode":"cent2050","language":"Central Kanuri","group":"Bornu","ea":"Cb19","lat":13.1383,"lon":12.853}},
{"type":"Feature","geometry":{"type":"Polygon","coordinates":[[[28.117,-15.389],[28.381,-15.532],[28.591,-15.608],[28.826,-15.633],[29.39,-15.425],[29.792,-15.271],[29.901,-15.187],[30.045,-14.848],[29.884,-14.722],[29.481,-14.856],[29.245,-14.831],[29.132,-14.596],[28.858,-14.31],[28.749,-14.066],[28.581,-13.881],[28.269,-13.83],[27.95,-13.839],[27.807,-13.755],[27.639,-13.746],[27.403,-13.889],[27.286,-14.251],[27.22,-14.57],[27.388,-14.88],[27.691,-14.994],[27.842,-14.986],[28.044,-15.137],[28.117,-15.389]]]},"properties":{"id":"lenje","name":"Lenje","family":"Niger-Congo","glottocode":"lamb1271","language":"Lamba","group":"Bemba-Lamba","ea":"Ac5","lat":-14.7136,"lon":28.4588}},
{"type":"Feature","geometry":{"type":"Polygon","coordinates":[[[9.949,6.105],[9.886,6.007],[9.923,5.848],[10.07,5.737],[10.249,5.778],[10.144,5.977],[9.949,6.105]]]},"properties":{"id":"li","name":"Li","family":"Niger-Congo","glottocode":"mung1266","language":"Mungaka","group":"Cameroon Highlands","ea":"Ae49","lat":5.903453,"lon":10.0459}},
{"type":"Feature","geometry":{"type":"Polygon","coordinates":[[[-2.692,8.328],[-2.447,8.401],[-2.234,8.548],[-2.405,8.909],[-2.515,9.04],[-2.665,8.806],[-2.692,8.328]]]},"properties":{"id":"ligbi-degha-se","name":"Ligbi, Degha (Se)","family":"Niger-Congo","glottocode":"adan1247","language":"Adangme","group":"Ewe-Fon","ea":"Af35","lat":8.66276,"lon":-2.50018}},
{"type":"Feature","geometry":{"type":"Polygon","coordinates":[[[-11.392,9.677],[-11.821,9.873],[-11.887,9.791],[-11.924,9.76],[-11.952,9.737],[-12.024,9.672],[-12.066,9.652],[-12.113,9.631],[-12.202,9.589],[-12.324,9.548],[-12.326,9.547],[-12.564,9.494],[-12.861,9.316],[-12.862,9.246],[-12.862,9.235],[-12.817,9.242],[-12.76,9.25],[-12.427,9.363],[-12.113,9.458],[-12.115,9.447],[-12.115,9.446],[-12.053,9.464],[-11.982,9.476],[-11.911,9.476],[-11.893,9.345],[-11.917,9.179],[-11.94,9.084],[-11.969,8.996],[-11.958,8.971],[-11.924,8.96],[-11.905,8.954],[-11.851,8.936],[-11.804,8.954],[-11.795,8.937],[-11.756,9.037],[-11.709,9.203],[-11.655,9.298],[-11.483,9.446],[-11.392,9.677]]]},"properties":{"id":"limba","name":"Limba","family":"Niger-Congo","glottocode":"kura1250","language":"Kuranko","group":"Mande, Nuclear","ea":"Ag24","lat":9.464188,"lon":-11.9531}},
{"type":"Feature","geometry":{"type":"Polygon","coordinates":[[[19.084,12.531],[19.279,12.8],[19.246,12.972],[19.061,13.245],[18.884,13.307],[18.768,13.457],[18.545,13.862],[18.201,13.746],[17.915,13.46],[17.649,13.33],[17.363,13.255],[17.077,13.238],[16.969,13.046],[16.765,12.904],[16.55,12.799],[16.506,12.657],[16.587,12.583],[16.926,12.485],[17.03,12.291],[17.399,12.284],[17.643,12.234],[17.827,12.379],[18.283,12.502],[18.732,12.57],[19.084,12.531]]]},"properties":{"id":"lisi","name":"Lisi","family":"Nilo-Saharan","glottocode":"cent2050","language":"Central Kanuri","group":"Bornu","ea":"Cb19","lat":12.9419,"lon":17.9824}},
{"type":"Feature","geometry":{"type":"Polygon","coordinates":[[[-11.969,8.996],[-11.94,9.084],[-11.917,9.179],[-11.893,9.345],[-11.911,9.476],[-11.982,9.476],[-12.053,9.464],[-12.115,9.446],[-12.125,9.387],[-12.148,9.334],[-12.237,9.28],[-12.317,9.229],[-12.32,9.227],[-12.404,9.173],[-12.447,9.144],[-12.475,9.126],[-12.499,8.977],[-12.433,8.924],[-12.326,8.924],[-12.237,8.924],[-11.976,9.013],[-11.969,8.996]]]},"properties":{"id":"loko","name":"Loko","family":"Niger-Congo","glottocode":"timn1235","language":"Timne","group":"Mende-Temne","ea":"Af57","lat":9.162403,"lon":-12.1581}},
{"type":"Feature","geometry":{"type":"Polygon","coordinates":[[[37.172,-17.157],[37.281,-17.186],[37.366,-17.208],[37.66,-17.208],[37.825,-17.176],[37.909,-17.078],[37.968,-16.986],[38.094,-16.893],[38.313,-16.86],[38.532,-16.759],[38.784,-16.557],[38.842,-16.539],[38.893,-16.523],[39.188,-16.246],[39.431,-15.909],[39.465,-15.497],[39.406,-15.295],[39.238,-14.9],[39.179,-14.572],[39.223,-14.425],[39.23,-14.404],[39.278,-14.299],[39.322,-14.202],[39.398,-13.807],[39.371,-13.766],[39.331,-13.706],[39.204,-13.731],[38.977,-13.874],[38.91,-13.883],[38.851,-13.891],[38.54,-13.891],[38.389,-13.866],[38.086,-13.924],[37.867,-13.941],[37.86,-13.941],[37.716,-13.933],[37.522,-13.992],[37.43,-14.126],[37.186,-14.37],[37.077,-14.446],[37.039,-14.455],[36.934,-14.48],[36.74,-14.53],[36.564,-14.572],[36.412,-14.572],[36.316,-14.579],[36.315,-14.579],[36.37,-14.984],[36.311,-15.144],[36.151,-15.363],[35.739,-15.556],[35.739,-15.632],[35.84,-15.791],[35.915,-15.848],[35.919,-15.837],[35.923,-15.84],[36.054,-15.946],[36.136,-16.025],[36.231,-16.114],[36.277,-16.195],[36.348,-16.316],[36.559,-16.728],[36.684,-16.837],[36.685,-16.838],[37.004,-17.09],[37.1,-17.128],[37.172,-17.157]]]},"properties":{"id":"lomwe","name":"Lomwe","family":"Niger-Congo","glottocode":"makh1264","language":"Makhuwa","group":"Yao-Makonde","ea":"Ac42","lat":-15.4821,"lon":37.8044}},
{"type":"Feature","geometry":{"type":"Polygon","coordinates":[[[32.126,-9.483],[32.071,-9.125],[32.191,-8.709],[32.386,-8.472],[32.455,-8.112],[32.331,-7.923],[32.063,-7.939],[31.899,-8.254],[31.813,-8.302],[31.412,-8.206],[31.117,-8.381],[31.191,-8.736],[31.009,-8.789],[30.832,-8.601],[30.752,-8.675],[30.475,-8.79],[30.494,-9.095],[30.38,-9.306],[30.045,-9.43],[29.893,-9.699],[30.006,-9.934],[30.109,-9.938],[30.399,-10.134],[30.613,-10.128],[30.67,-10.046],[30.651,-9.73],[30.771,-9.598],[31.017,-9.617],[31.231,-9.541],[31.364,-9.636],[31.818,-9.585],[32.126,-9.483]]]},"properties":{"id":"lungu","name":"Lungu","family":"Niger-Congo","glottocode":"town1238","language":"Town Bemba","group":"Bemba-Lamba","ea":"Ac3","lat":-9.05051,"lon":31.272}},
{"type":"Feature","geometry":{"type":"Polygon","coordinates":[[[14.065,-10.215],[14.422,-10.508],[14.554,-10.901],[14.619,-11.218],[14.718,-11.35],[14.805,-11.35],[15.024,-11.164],[15.166,-10.934],[15.286,-10.825],[16.095,-10.661],[16.101,-10.618],[16.117,-10.508],[16.27,-10.18],[16.299,-10.027],[16.281,-10.027],[16.106,-9.939],[16.012,-9.886],[15.931,-9.841],[15.221,-9.677],[14.947,-9.699],[14.597,-9.742],[14.587,-9.745],[14.51,-9.764],[14.213,-9.724],[14.065,-10.215]]]},"properties":{"id":"lupolo","name":"Lupolo","family":"Niger-Congo","glottocode":"umbu1257","language":"Umbundu","group":"Western Angola","ea":"Ab5","lat":-10.3262,"lon":15.1352}},
{"type":"Feature","geometry":{"type":"Polygon","coordinates":[[[33.553,26.326],[34.1,26.433],[33.935,26.659],[33.946,26.931],[33.841,27.106],[33.825,27.259],[33.704,27.32],[33.633,27.49],[33.501,27.658],[33.469,27.812],[33.583,27.847],[33.469,27.996],[33.245,28.142],[32.999,28.484],[32.866,28.577],[32.831,28.733],[32.62,28.978],[32.666,29.098],[32.566,29.384],[32.374,29.534],[32.356,29.675],[32.571,30.003],[32.637,31.058],[32.599,31.06],[32.41,31.207],[31.948,30.706],[31.912,30.677],[31.751,30.548],[31.679,30.46],[31.573,30.331],[31.519,30.23],[31.425,30.055],[31.368,29.743],[31.366,29.729],[31.346,29.443],[31.292,29.236],[31.198,28.881],[31.07,28.565],[30.991,28.279],[31.021,27.944],[31.149,27.658],[31.396,27.313],[31.563,27.125],[31.8,26.8],[32.056,26.681],[32.342,26.642],[32.359,26.646],[32.5,26.681],[32.717,26.573],[32.806,26.445],[32.94,26.213],[32.944,26.206],[33.553,26.326]]]},"properties":{"id":"maaza","name":"Maaza","family":"Afro-Asiatic","glottocode":"egyp1253","language":"Egyptian Arabic","group":"Arabs, Littoral North Africa","ea":"Cd2","lat":28.2755,"lon":32.333}},
{"type":"Feature","geometry":{"type":"Polygon","coordinates":[[[20.254,12.816],[20.379,12.836],[20.933,13.006],[21.261,13.163],[21.506,13.184],[21.917,13.111],[22.101,13.491],[22.175,13.773],[21.8,13.944],[21.493,14.033],[21.247,14.04],[21.144,14.101],[20.712,14.62],[20.222,14.47],[19.949,14.443],[19.778,14.573],[19.707,14.759],[19.136,14.745],[18.937,14.68],[18.85,14.598],[18.665,14.256],[18.545,13.862],[18.768,13.457],[18.884,13.307],[19.061,13.245],[19.246,12.972],[19.279,12.8],[19.785,12.979],[20.079,12.952],[20.254,12.816]]]},"properties":{"id":"maba","name":"Maba","family":"Nilo-Saharan","glottocode":"cent2050","language":"Central Kanuri","group":"Bornu","ea":"Cb19","lat":13.7494,"lon":20.1806}},
{"type":"Feature","geometry":{"type":"Polygon","coordinates":[[[9.123,8.917],[8.902,8.966],[8.834,9.169],[8.989,9.389],[8.955,9.416],[8.847,9.439],[8.695,9.597],[8.357,9.419],[8.33,9.31],[8.145,9.113],[8.035,8.946],[8.084,8.861],[8.606,8.642],[9.106,8.646],[9.123,8.917]]]},"properties":{"id":"mada","name":"Mada","family":"Afro-Asiatic","glottocode":"ngas1240","language":"Ngas","group":"Jos Plateau","ea":"Ah16","lat":9.044453,"lon":8.600568}},
{"type":"Feature","geometry":{"type":"Polygon","coordinates":[[[35.251,-9.808],[35.195,-9.921],[35.132,-10.242],[35.148,-10.407],[35.334,-10.791],[35.547,-11.425],[35.989,-11.365],[36.204,-11.314],[36.469,-11.201],[36.607,-11.106],[36.639,-10.778],[36.683,-10.665],[36.853,-10.583],[36.96,-10.406],[36.97,-10.285],[36.863,-10.185],[36.802,-9.973],[36.802,-9.789],[36.672,-9.707],[36.462,-9.693],[35.934,-9.685],[35.731,-9.801],[35.472,-9.839],[35.251,-9.808]]]},"properties":{"id":"magwangara","name":"Magwangara","family":"Niger-Congo","glottocode":"yaoo1241","language":"Yao","group":"Yao-Makonde","ea":"Ac7","lat":-10.4752,"lon":36.0219}},
{"type":"Feature","geometry":{"type":"Polygon","coordinates":[[[10.078,13.125],[10.84,13.088],[11.144,13.051],[11.262,12.992],[11.555,12.705],[11.667,12.734],[12.479,12.755],[12.415,13.15],[12.268,13.238],[12.231,13.439],[12.314,13.572],[12.127,13.713],[11.801,13.861],[11.437,13.928],[11.126,14.195],[10.692,14.224],[10.692,13.929],[10.654,13.811],[10.291,13.529],[10.128,13.351],[10.078,13.125]]]},"properties":{"id":"manga","name":"Manga","family":"Nilo-Saharan","glottocode":"cent2050","language":"Central Kanuri","group":"Bornu","ea":"Cb19","lat":13.4071,"lon":11.3481}},
{"type":"Feature","geometry":{"type":"Polygon","coordinates":[[[45.192,-24.464],[44.704,-23.978],[44.297,-23.765],[43.995,-23.788],[43.872,-23.876],[43.846,-23.905],[43.742,-24.024],[43.664,-24.138],[43.712,-24.417],[43.906,-24.599],[43.918,-24.741],[44.017,-24.985],[44.545,-25.289],[44.602,-25.161],[44.852,-24.856],[45.11,-24.644],[45.192,-24.464]]]},"properties":{"id":"mahafaly","name":"Mahafaly","family":"Austronesian","glottocode":null,"language":"Malagasy","group":"Yao-Makonde","ea":"Ac42","lat":-24.4556,"lon":44.3809}},
{"type":"Feature","geometry":{"type":"Polygon","coordinates":[[[36.275,-8.315],[36.365,-8.36],[36.857,-8.496],[37.303,-8.512],[37.581,-8.408],[37.833,-8.087],[37.868,-7.933],[37.535,-7.85],[37.365,-7.755],[37.151,-7.705],[36.771,-7.666],[36.481,-7.875],[36.085,-7.977],[35.983,-8.116],[36.153,-8.155],[36.275,-8.315]]]},"properties":{"id":"mbunga","name":"Mbunga","family":"Niger-Congo","glottocode":"hehe1240","language":"Hehe","group":"Rufiji","ea":"Ad8","lat":-8.10787,"lon":36.9843}},
{"type":"Feature","geometry":{"type":"Polygon","coordinates":[[[19.068,15.563],[18.979,15.257],[18.931,14.915],[18.937,14.68],[19.136,14.745],[19.707,14.759],[19.758,14.868],[20.058,15.052],[20.42,15.12],[20.823,15.011],[20.872,14.892],[21.78,14.84],[21.98,14.865],[22.357,15.103],[22.319,15.153],[22.207,15.571],[21.43,15.591],[20.887,15.67],[20.108,15.917],[19.911,15.874],[19.367,15.689],[19.068,15.563]]]},"properties":{"id":"mahamid","name":"Mahamid","family":"Afro-Asiatic","glottocode":null,"language":"Arabic","group":"Teda","ea":"Cc2","lat":15.2939,"lon":20.5109}},
{"type":"Feature","geometry":{"type":"Polygon","coordinates":[[[13.229,4.836],[12.99,4.143],[12.793,4.022],[12.487,3.749],[12.465,3.651],[12.695,3.516],[12.867,3.585],[13.037,3.585],[13.34,3.706],[13.71,3.991],[13.748,4.093],[13.748,4.799],[13.721,4.815],[13.229,4.836]]]},"properties":{"id":"maka","name":"Maka","family":"Niger-Congo","glottocode":"fang1246","language":"Fang (Equatorial Guinea)","group":"Fang-Dzem","ea":"Ae3","lat":4.147225,"lon":13.2438}},
{"type":"Feature","geometry":{"type":"Polygon","coordinates":[[[26.379,3.208],[26.231,3.239],[25.998,3.154],[25.845,2.955],[25.811,2.694],[25.834,2.388],[26.063,2.388],[26.256,2.326],[26.489,2.093],[26.585,2.078],[26.818,2.15],[27.124,2.067],[27.232,2.156],[27.039,2.382],[26.869,2.655],[26.868,2.763],[26.693,2.961],[26.379,3.208]]]},"properties":{"id":"makere","name":"Makere","family":"Niger-Congo","glottocode":"zand1248","language":"Zande","group":"Azande","ea":"Ai3","lat":2.622908,"lon":26.4279}},
{"type":"Feature","geometry":{"type":"Polygon","coordinates":[[[8.989,9.389],[8.834,9.169],[8.902,8.966],[9.123,8.917],[9.209,9.021],[9.209,9.187],[8.989,9.389]]]},"properties":{"id":"mama","name":"Mama","family":"Afro-Asiatic","glottocode":"ngas1240","language":"Ngas","group":"Jos Plateau","ea":"Ah16","lat":9.123582,"lon":9.025488}},
{"type":"Feature","geometry":{"type":"Polygon","coordinates":[[[26.214,-15.008],[26.159,-14.876],[26.049,-14.792],[25.873,-14.776],[25.603,-14.86],[25.469,-14.826],[25.292,-14.658],[24.955,-14.565],[24.897,-14.639],[24.771,-15.051],[24.742,-15.392],[24.99,-15.749],[25.269,-16.402],[25.721,-16.311],[25.738,-16.062],[25.847,-15.381],[25.881,-15.289],[26.192,-15.087],[26.214,-15.008]]]},"properties":{"id":"mashasha","name":"Mashasha","family":"Niger-Congo","glottocode":"kaon1241","language":"Kaonde","group":"Bemba-Lamba","ea":"Ac32","lat":-15.3989,"lon":25.39}},
{"type":"Feature","geometry":{"type":"Polygon","coordinates":[[[22.243,-14.499],[21.937,-14.638],[21.903,-14.839],[21.97,-15.176],[22.004,-15.672],[21.902,-15.972],[21.935,-16.25],[22.002,-16.494],[22.228,-16.861],[22.446,-16.998],[23.06,-17.301],[23.523,-17.407],[23.583,-17.142],[23.521,-17.005],[23.269,-16.719],[22.89,-16.231],[22.604,-15.643],[22.503,-15.096],[22.276,-14.684],[22.243,-14.499]]]},"properties":{"id":"mashi","name":"Mashi","family":"Niger-Congo","glottocode":"lozi1239","language":"Lozi","group":"Barotseland","ea":"Ab3","lat":-16.1651,"lon":22.5396}},
{"type":"Feature","geometry":{"type":"Polygon","coordinates":[[[-4.974,14.512],[-4.923,14.559],[-4.322,14.863],[-4.069,14.907],[-3.877,14.842],[-3.795,14.957],[-3.668,15.374],[-3.586,15.374],[-3.365,15.223],[-3.112,15.21],[-2.7,15.305],[-2.574,15.185],[-2.593,14.957],[-2.713,14.609],[-2.574,14.432],[-2.296,14.356],[-2.177,14.222],[-2.03,14.191],[-1.815,13.862],[-1.524,13.698],[-1.366,13.679],[-1.233,13.899],[-1.267,13.946],[-1.479,14.511],[-1.634,14.543],[-1.754,14.751],[-1.748,15.308],[-2.244,15.744],[-2.538,15.738],[-3.108,15.852],[-3.544,15.77],[-3.702,15.669],[-4.114,15.333],[-4.259,15.34],[-4.272,15.536],[-4.221,15.82],[-4.278,16.042],[-4.43,16.206],[-4.573,16.251],[-4.576,16.204],[-4.872,16.076],[-5.207,16.017],[-5.927,15.978],[-6.174,15.938],[-6.421,15.672],[-6.521,15.498],[-6.298,15.441],[-6.037,15.451],[-5.98,15.388],[-5.935,15.09],[-6.037,14.648],[-5.961,14.534],[-5.853,14.559],[-5.67,14.724],[-5.461,14.983],[-5.227,15.128],[-5.132,15.052],[-4.974,14.512]]]},"properties":{"id":"masina","name":"Masina","family":"Afro-Asiatic","glottocode":"zena1248","language":"Zenaga","group":"Arabs, Bedoin","ea":"Cc20","lat":15.2041,"lon":-3.8538}},
{"type":"Feature","geometry":{"type":"Polygon","coordinates":[[[34.966,7.273],[35.181,7.285],[35.276,7.799],[35.21,7.903],[35.019,8.442],[34.831,8.414],[34.699,8.293],[34.865,7.58],[34.966,7.273]]]},"properties":{"id":"masongo","name":"Masongo","family":"Nilo-Saharan","glottocode":"anua1242","language":"Anuak","group":"Fung","ea":"Ai44","lat":7.869989,"lon":34.9947}},
{"type":"Feature","geometry":{"type":"Polygon","coordinates":[[[34.88,-10.415],[34.886,-10.721],[35.075,-11.377],[35.175,-11.622],[35.415,-11.522],[35.547,-11.425],[35.334,-10.791],[35.148,-10.407],[34.88,-10.415]]]},"properties":{"id":"matengo","name":"Matengo","family":"Niger-Congo","glottocode":"yaoo1241","language":"Yao","group":"Yao-Makonde","ea":"Ac7","lat":-11.0086,"lon":35.1834}},
{"type":"Feature","geometry":{"type":"Polygon","coordinates":[[[9.219,33.631],[9.185,33.433],[9.241,33.361],[9.53,33.326],[9.688,33.346],[9.797,33.583],[9.669,33.75],[9.471,33.75],[9.219,33.631]]]},"properties":{"id":"matmata","name":"Matmata","family":"Afro-Asiatic","glottocode":"sout3114","language":"South-Western Tunisian","group":"Arabs, Bedoin","ea":"Cd13","lat":33.5354,"lon":9.496361}},
{"type":"Feature","geometry":{"type":"Polygon","coordinates":[[[35.934,-9.685],[36.462,-9.693],[36.582,-9.288],[36.221,-9.058],[36.082,-8.927],[35.965,-9.09],[35.934,-9.256],[35.934,-9.685]]]},"properties":{"id":"matumbi","name":"Matumbi","family":"Niger-Congo","glottocode":"bena1262","language":"Bena (Tanzania)","group":"Rufiji","ea":"Ad11","lat":-9.37831,"lon":36.2099}},
{"type":"Feature","geometry":{"type":"Polygon","coordinates":[[[17.197,7.122],[17.102,7.176],[16.745,7.286],[16.394,7.276],[16.13,7.526],[15.823,7.562],[15.508,7.491],[14.972,7.462],[14.826,7.471],[14.658,7.491],[14.401,7.433],[14.296,7.263],[14.414,7.255],[14.635,7.142],[14.726,6.992],[14.889,6.995],[15.734,6.95],[16.018,6.837],[16.143,6.598],[16.285,6.502],[16.455,6.479],[16.614,6.524],[16.948,6.888],[17.166,7.031],[17.197,7.122]]]},"properties":{"id":"mbere","name":"Mbere","family":"Niger-Congo","glottocode":"west2458","language":"West Central Banda","group":"Banda-Baya","ea":"Ai1","lat":7.116408,"lon":15.8599}},
{"type":"Feature","geometry":{"type":"Polygon","coordinates":[[[23.456,1.261],[23.35,1.602],[23.034,2.014],[22.863,1.934],[22.682,1.911],[22.54,1.488],[22.518,1.338],[22.698,1.261],[22.987,1.216],[23.456,1.261]]]},"properties":{"id":"mbesa","name":"Mbesa","family":"Niger-Congo","glottocode":"long1393","language":"Longo (Democratic Republic of Congo)","group":"Mongo","ea":"Ae24","lat":1.553898,"lon":22.9672}},
{"type":"Feature","geometry":{"type":"Polygon","coordinates":[[[22.077,-1.804],[21.791,-1.494],[21.405,-1.222],[21.258,-1.023],[21.133,-0.927],[20.855,-0.847],[20.708,-0.677],[20.664,-0.398],[20.352,-0.208],[20.089,-0.222],[20.024,-0.371],[20.251,-0.791],[20.251,-0.901],[20.167,-1.063],[19.992,-1.141],[19.804,-1.406],[19.804,-1.509],[19.929,-1.735],[20.111,-1.819],[20.131,-1.987],[20.305,-2.143],[20.571,-2.22],[20.862,-2.22],[20.94,-2.272],[21.03,-2.622],[21.095,-2.699],[21.438,-2.55],[21.858,-2.641],[22.17,-2.824],[22.239,-2.708],[22.234,-2.198],[22.287,-2.072],[22.077,-1.804]]]},"properties":{"id":"mbole","name":"Mbole","family":"Niger-Congo","glottocode":"ekon1238","language":"Ekonda Mongo","group":"Mongo","ea":"Ae20","lat":-1.64343,"lon":21.0044}},
{"type":"Feature","geometry":{"type":"Polygon","coordinates":[[[12.329,9.434],[12.586,9.537],[12.342,9.8],[12.17,9.669],[12.329,9.434]]]},"properties":{"id":"mbubula","name":"Mbubula","family":"Niger-Congo","glottocode":"bena1260","language":"Bena (Nigeria)","group":"Chamba-Yungur","ea":"Ah33","lat":9.604869,"lon":12.3676}},
{"type":"Feature","geometry":{"type":"Polygon","coordinates":[[[38.075,-4.568],[38.145,-4.641],[38.336,-4.703],[38.486,-4.614],[38.507,-4.505],[38.438,-4.334],[38.363,-4.307],[38.111,-4.368],[38.075,-4.568]]]},"properties":{"id":"mbugu","name":"Mbugu","family":"Niger-Congo","glottocode":"sham1280","language":"Shambala","group":"Kenya Highlands","ea":"Ad10","lat":-4.4999,"lon":38.2889}},
{"type":"Feature","geometry":{"type":"Polygon","coordinates":[[[21.56,-18.723],[21.847,-18.777],[22.016,-18.76],[22.487,-18.651],[22.661,-18.579],[22.625,-18.394],[22.086,-17.831],[22.044,-17.52],[22.228,-16.861],[22.002,-16.494],[21.935,-16.25],[21.902,-15.972],[21.683,-15.981],[21.384,-15.91],[21.276,-15.918],[20.99,-16.044],[20.477,-16.178],[20.115,-16.305],[19.77,-16.496],[19.93,-16.898],[20.081,-17.058],[20.594,-17.495],[20.67,-17.664],[20.636,-17.916],[20.535,-18.156],[20.754,-18.382],[21.074,-18.592],[21.25,-18.668],[21.56,-18.723]]]},"properties":{"id":"mbukushu","name":"Mbukushu","family":"Niger-Congo","glottocode":null,"language":"Mbukushu","group":"Bushmen","ea":"Aa1","lat":-17.3129,"lon":21.2783}},
{"type":"Feature","geometry":{"type":"Polygon","coordinates":[[[23.047,-14.088],[22.134,-13.902],[21.592,-13.83],[21.255,-13.746],[20.911,-13.595],[20.456,-13.477],[20.002,-13.401],[19.775,-13.427],[19.615,-13.494],[19.443,-13.791],[19.694,-14.194],[19.972,-14.572],[20.35,-14.917],[20.544,-15.009],[20.83,-14.993],[20.973,-15.026],[21.133,-15.152],[21.36,-15.598],[21.384,-15.91],[21.683,-15.981],[21.902,-15.972],[22.004,-15.672],[21.97,-15.176],[21.903,-14.839],[21.937,-14.638],[22.243,-14.499],[22.635,-14.427],[22.778,-14.377],[22.98,-14.209],[23.047,-14.088]]]},"properties":{"id":"mbunda","name":"Mbunda","family":"Niger-Congo","glottocode":"luva1239","language":"Luvale","group":"Lunda","ea":"Ac11","lat":-14.4308,"lon":21.107}},
{"type":"Feature","geometry":{"type":"Polygon","coordinates":[[[17.538,-16.338],[17.903,-16.234],[18.467,-16.175],[18.996,-16.192],[19.274,-16.234],[19.72,-16.427],[19.77,-16.496],[20.115,-16.305],[20.477,-16.178],[20.99,-16.044],[21.276,-15.918],[21.384,-15.91],[21.36,-15.598],[21.133,-15.152],[20.973,-15.026],[20.83,-14.993],[20.544,-15.009],[20.35,-14.917],[19.972,-14.572],[19.694,-14.194],[19.443,-13.791],[18.828,-13.908],[18.692,-13.906],[18.576,-14.076],[18.192,-14.135],[18.14,-14.323],[17.888,-14.728],[17.702,-14.837],[17.527,-14.99],[17.363,-15.307],[17.298,-15.668],[17.287,-16.096],[17.538,-16.338]]]},"properties":{"id":"mbwela","name":"Mbwela","family":"Niger-Congo","glottocode":"chok1245","language":"Chokwe","group":"Lunda","ea":"Ac12","lat":-15.3011,"lon":19.1854}},
{"type":"Feature","geometry":{"type":"Polygon","coordinates":[[[26.868,2.763],[26.869,2.655],[27.039,2.382],[27.232,2.156],[27.532,2.434],[27.631,2.577],[27.657,2.768],[27.613,2.842],[27.468,3.04],[27.033,2.859],[26.868,2.763]]]},"properties":{"id":"medji","name":"Medji","family":"Niger-Congo","glottocode":"zand1248","language":"Zande","group":"Azande","ea":"Ai3","lat":2.631291,"lon":27.2818}},
{"type":"Feature","geometry":{"type":"Polygon","coordinates":[[[-3.306,5.515],[-3.318,5.486],[-3.33,5.456],[-3.318,5.403],[-3.256,5.339],[-2.98,5.29],[-2.926,5.332],[-2.932,5.48],[-3.14,5.587],[-3.306,5.515]]]},"properties":{"id":"mekyibo","name":"Mekyibo","family":"Niger-Congo","glottocode":"abur1243","language":"Abure","group":"Akan","ea":"Af40","lat":5.442308,"lon":-3.11319}},
{"type":"Feature","geometry":{"type":"Polygon","coordinates":[[[2.474,36.586],[2.339,36.635],[2.041,36.566],[1.635,36.542],[1.8,36.319],[2.105,36.26],[2.421,36.398],[2.474,36.586]]]},"properties":{"id":"menasser","name":"Menasser","family":"Afro-Asiatic","glottocode":"algi1247","language":"Algiers","group":"Arabs, Littoral North Africa","ea":"Cd12","lat":36.4474,"lon":2.08202}},
{"type":"Feature","geometry":{"type":"Polygon","coordinates":[[[22.227,13.968],[22.203,14.292],[22.012,14.736],[21.98,14.865],[21.78,14.84],[20.872,14.892],[20.712,14.62],[21.144,14.101],[21.247,14.04],[21.493,14.033],[21.8,13.944],[22.175,13.773],[22.227,13.968]]]},"properties":{"id":"merarit","name":"Merarit","family":"Nilo-Saharan","glottocode":"cent2050","language":"Central Kanuri","group":"Bornu","ea":"Cb19","lat":14.4209,"lon":21.5433}},
{"type":"Feature","geometry":{"type":"Polygon","coordinates":[[[49.073,6.367],[49.219,6.758],[49.379,7.041],[49.59,7.317],[49.82,7.738],[49.832,7.95],[50.077,8.145],[50.237,8.441],[50.32,8.53],[50.424,8.858],[50.644,9.083],[50.642,9.174],[50.841,9.443],[50.803,9.575],[50.904,10.01],[50.893,10.309],[51.077,10.409],[51.159,10.584],[51.115,10.988],[51.17,11.147],[51.073,11.198],[51.123,11.503],[51.242,11.672],[51.277,11.837],[51.059,11.871],[50.786,11.991],[50.546,11.886],[50.431,11.678],[50.101,11.517],[49.762,11.453],[49.583,11.455],[49.429,11.342],[49.016,11.251],[48.886,11.246],[48.654,11.329],[48.338,11.272],[48.163,11.146],[47.821,11.125],[47.821,10.704],[47.901,10.387],[47.833,10.205],[47.538,9.865],[47.356,9.422],[47.209,9.138],[46.914,8.753],[46.755,8.514],[46.664,8.253],[46.539,8.004],[46.392,7.8],[46.086,7.635],[45.972,7.448],[45.926,7.255],[45.983,7.096],[46.131,6.971],[46.528,6.767],[46.964,6.44],[47.288,6.529],[47.844,6.778],[47.969,6.744],[48.037,6.62],[48.321,6.529],[48.491,6.517],[48.74,6.393],[49.073,6.367]]]},"properties":{"id":"mijertein","name":"Mijertein","family":"Afro-Asiatic","glottocode":"bora1271","language":"Borana-Arsi-Guji Oromo","group":"Galla","ea":"Ca11","lat":9.018183,"lon":48.7741}},
{"type":"Feature","geometry":{"type":"Polygon","coordinates":[[[20.712,14.62],[20.872,14.892],[20.823,15.011],[20.42,15.12],[20.058,15.052],[19.758,14.868],[19.707,14.759],[19.778,14.573],[19.949,14.443],[20.222,14.47],[20.712,14.62]]]},"properties":{"id":"mimi","name":"Mimi","family":"Nilo-Saharan","glottocode":"teda1241","language":"Tedaga","group":"Teda","ea":"Cc2","lat":14.787,"lon":20.2787}},
{"type":"Feature","geometry":{"type":"Polygon","coordinates":[[[29.479,4.632],[29.571,4.543],[29.622,4.387],[29.708,4.4],[29.835,4.563],[29.858,4.693],[29.824,5.001],[29.858,5.281],[30.309,5.499],[30.547,5.907],[30.603,6.177],[30.571,6.233],[30.27,6.279],[30.112,6.436],[30.112,6.532],[29.873,6.798],[29.757,6.867],[29.383,6.889],[29.298,6.321],[29.058,5.708],[29.196,5.322],[29.421,4.905],[29.479,4.632]]]},"properties":{"id":"mittu","name":"Mittu","family":"Nilo-Saharan","glottocode":"sout2832","language":"Southwestern Dinka","group":"Nilotes, Northern","ea":"Aj11","lat":5.8087,"lon":29.7388}},
{"type":"Feature","geometry":{"type":"Polygon","coordinates":[[[29.568,3.99],[29.857,4.061],[30.21,3.858],[30.331,3.867],[30.405,3.96],[30.57,4.213],[30.596,4.404],[30.394,4.399],[30.302,4.452],[30.312,4.583],[30.562,4.707],[30.53,4.954],[30.23,4.891],[30.066,4.639],[29.835,4.563],[29.708,4.4],[29.622,4.387],[29.582,4.278],[29.564,3.991],[29.568,3.99]]]},"properties":{"id":"mundu","name":"Mundu","family":"Niger-Congo","glottocode":"zand1248","language":"Zande","group":"Azande","ea":"Ai3","lat":4.345631,"lon":30.1312}},
{"type":"Feature","geometry":{"type":"Polygon","coordinates":[[[20.774,8.454],[20.619,8.656],[20.236,9.045],[19.334,9.373],[19.133,9.379],[18.623,8.866],[18.25,8.386],[18.069,8.177],[18.057,8.005],[18.099,7.448],[18.087,7.276],[18.345,7.269],[19.06,7.291],[19.167,7.333],[19.56,7.698],[19.867,7.912],[20.389,8.127],[20.774,8.454]]]},"properties":{"id":"nduka","name":"Nduka","family":"Niger-Congo","glottocode":"west2458","language":"West Central Banda","group":"Banda-Baya","ea":"Ai1","lat":8.304579,"lon":19.2515}},
{"type":"Feature","geometry":{"type":"Polygon","coordinates":[[[33.051,7.428],[32.764,7.192],[32.516,7.03],[32.461,6.936],[32.338,6.389],[32.207,5.913],[32.133,5.495],[32.133,5.369],[32.154,5.322],[32.376,5.34],[32.522,5.511],[32.952,5.497],[33.021,5.409],[33.007,5.258],[32.789,5.115],[32.795,5.033],[33.014,4.842],[33.294,4.828],[33.384,4.931],[33.403,5.04],[33.342,5.265],[33.342,5.415],[33.403,5.607],[34.134,5.9],[34.441,5.98],[34.56,6.081],[34.574,6.334],[34.622,6.518],[34.862,6.67],[34.788,6.896],[34.209,6.869],[34.032,6.903],[33.697,7.128],[33.437,7.231],[33.051,7.428]]]},"properties":{"id":"murle","name":"Murle","family":"Nilo-Saharan","glottocode":"sout2832","language":"Southwestern Dinka","group":"Nilotes, Northern","ea":"Aj11","lat":6.265835,"lon":33.3113}},
{"type":"Feature","geometry":{"type":"Polygon","coordinates":[[[25.936,5.605],[26.452,5.19],[26.54,4.771],[26.694,4.765],[26.728,5.055],[26.975,5.345],[27.212,5.543],[27.434,5.602],[27.516,5.708],[27.734,5.839],[27.792,5.921],[27.898,6.235],[28.008,6.297],[28.069,6.642],[28.267,6.922],[28.281,7.134],[28.151,7.393],[28.028,7.509],[28.036,7.725],[27.966,7.914],[27.864,7.99],[27.557,7.921],[27.236,7.99],[27.179,8.143],[27.073,8.216],[26.773,8.619],[26.407,9.019],[25.855,9.005],[25.855,8.83],[25.991,8.441],[26.039,8.236],[26.039,8.011],[25.998,7.805],[26.169,7.292],[26.208,7.094],[26.227,6.741],[26.212,6.494],[26.164,6.344],[26.058,6.233],[25.947,6.21],[25.936,5.605]]]},"properties":{"id":"ndogo","name":"Ndogo","family":"Niger-Congo","glottocode":"west2458","language":"West Central Banda","group":"Banda-Baya","ea":"Ai1","lat":6.959769,"lon":26.9256}},
{"type":"Feature","geometry":{"type":"Polygon","coordinates":[[[26.523,-23.81],[26.658,-23.767],[27.676,-23.615],[28.021,-23.655],[28.226,-23.513],[28.187,-23.441],[28.204,-23.113],[28.414,-22.406],[28.372,-22.078],[28.4,-21.96],[28.032,-21.582],[27.923,-21.43],[27.627,-21.121],[27.284,-21.397],[27.04,-21.523],[26.561,-21.683],[25.962,-21.792],[25.938,-22.07],[25.577,-23.171],[25.383,-23.499],[25.355,-23.614],[25.598,-23.716],[26.212,-23.758],[26.523,-23.81]]]},"properties":{"id":"ngwato","name":"Ngwato","family":"Niger-Congo","glottocode":"nort2795","language":"Zimbabwean Ndebele","group":"Nguni","ea":"Ab9","lat":-22.6449,"lon":27.0174}},
{"type":"Feature","geometry":{"type":"Polygon","coordinates":[[[39.211,-10.432],[39.255,-10.384],[39.331,-10.291],[39.474,-9.846],[39.541,-9.753],[39.6,-9.728],[39.696,-9.742],[39.743,-9.712],[39.651,-9.453],[39.646,-9.199],[39.458,-8.941],[39.399,-8.743],[39.306,-8.513],[38.96,-8.651],[38.708,-8.946],[38.632,-9.19],[38.624,-9.66],[38.473,-10.123],[38.456,-10.232],[38.462,-10.309],[38.464,-10.333],[38.481,-10.459],[38.479,-10.494],[38.468,-10.658],[38.649,-10.681],[38.944,-10.597],[38.986,-10.624],[39.061,-10.56],[39.162,-10.485],[39.211,-10.432]]]},"properties":{"id":"mwera","name":"Mwera","family":"Niger-Congo","glottocode":"makh1264","language":"Makhuwa","group":"Yao-Makonde","ea":"Ac42","lat":-9.6312,"lon":39.0445}},
{"type":"Feature","geometry":{"type":"Polygon","coordinates":[[[-2.089,8.354],[-2.234,8.548],[-2.447,8.401],[-2.692,8.328],[-2.705,8.122],[-2.492,8.129],[-2.251,8.205],[-2.089,8.354]]]},"properties":{"id":"nafana","name":"Nafana","family":"Niger-Congo","glottocode":"adan1247","language":"Adangme","group":"Ewe-Fon","ea":"Af35","lat":8.304636,"lon":-2.3971}},
{"type":"Feature","geometry":{"type":"Polygon","coordinates":[[[36.051,6.486],[35.919,6.566],[35.708,6.607],[35.482,6.566],[35.38,6.409],[35.598,6.027],[35.769,5.911],[35.865,5.924],[35.977,6.058],[36.051,6.486]]]},"properties":{"id":"naji","name":"Naji","family":"Nilo-Saharan","glottocode":"suri1267","language":"Tirma-Chai","group":"Beir-Didinga","ea":"Aj20","lat":6.298352,"lon":35.732}},
{"type":"Feature","geometry":{"type":"Polygon","coordinates":[[[24.675,-25.052],[24.404,-25.424],[24.154,-25.656],[24.261,-25.772],[24.623,-25.864],[25.043,-25.797],[25.237,-25.696],[25.523,-25.612],[25.806,-25.587],[25.876,-25.213],[26.061,-24.927],[26.12,-24.773],[26.095,-24.489],[25.884,-24.465],[24.892,-25.02],[24.675,-25.052]]]},"properties":{"id":"ngwaketse","name":"Ngwaketse","family":"Niger-Congo","glottocode":null,"language":"Tswana","group":"Bushmen","ea":"Aa7","lat":-25.242,"lon":25.2406}},
{"type":"Feature","geometry":{"type":"Polygon","coordinates":[[[-14.555,10.921],[-14.602,11.001],[-14.607,11.01],[-14.642,11.081],[-14.658,11.103],[-14.769,11.208],[-14.856,11.248],[-14.891,11.263],[-14.95,11.289],[-15.22,11.215],[-15.216,11.076],[-15.116,10.981],[-15.077,10.847],[-14.814,10.94],[-14.793,10.74],[-14.742,10.735],[-14.709,10.776],[-14.683,10.786],[-14.666,10.811],[-14.657,10.808],[-14.657,10.803],[-14.659,10.798],[-14.659,10.797],[-14.609,10.86],[-14.555,10.921]]]},"properties":{"id":"nalu","name":"Nalu","family":"Niger-Congo","glottocode":"mbul1258","language":"Mbulungish","group":"Guinea","ea":"Ag14","lat":11.0361,"lon":-14.8971}},
{"type":"Feature","geometry":{"type":"Polygon","coordinates":[[[14.497,-23.6],[14.509,-23.905],[14.473,-24.153],[14.613,-24.456],[14.604,-24.575],[14.797,-24.848],[14.858,-25.087],[14.802,-25.273],[14.882,-25.574],[14.838,-25.762],[14.956,-25.986],[14.971,-26.344],[15.088,-26.401],[15.173,-26.607],[15.08,-26.65],[15.158,-26.903],[15.214,-26.93],[15.294,-27.323],[15.519,-27.627],[15.534,-27.736],[15.673,-27.876],[15.76,-28.038],[16.072,-28.294],[16.288,-28.121],[16.499,-28.045],[16.886,-28.011],[17.071,-27.944],[17.163,-27.826],[17.171,-27.616],[17.121,-27.44],[16.986,-27.221],[16.818,-26.861],[16.558,-26.592],[16.011,-26.297],[15.775,-26.07],[15.649,-25.784],[15.515,-25.196],[15.33,-24.708],[14.892,-23.934],[14.708,-23.54],[14.497,-23.6]]]},"properties":{"id":"namib","name":"Namib","family":"Khoisan","glottocode":"nama1265","language":"Nama","group":"Hottentot","ea":"Aa3","lat":-26.4188,"lon":15.7201}},
{"type":"Feature","geometry":{"type":"Polygon","coordinates":[[[14.434,-12.095],[14.193,-12.159],[13.985,-12.159],[13.72,-12.02],[13.645,-12.25],[13.52,-12.356],[13.36,-12.602],[13.188,-12.6],[12.926,-12.838],[12.966,-12.953],[12.641,-13.339],[12.51,-13.425],[12.536,-13.574],[12.503,-13.851],[12.406,-13.888],[12.34,-14.073],[12.498,-14.105],[12.613,-14.118],[12.684,-14.127],[12.804,-14.214],[12.957,-14.323],[13.045,-14.466],[13.033,-14.525],[13.012,-14.63],[13.033,-14.696],[13.056,-14.772],[13.417,-14.531],[13.712,-14.367],[14.064,-14.267],[14.378,-13.954],[14.324,-13.274],[14.433,-12.946],[14.51,-12.596],[14.51,-12.432],[14.434,-12.095]]]},"properties":{"id":"ndombe","name":"Ndombe","family":"Niger-Congo","glottocode":"umbu1257","language":"Umbundu","group":"Western Angola","ea":"Ab5","lat":-13.3838,"lon":13.5642}},
{"type":"Feature","geometry":{"type":"Polygon","coordinates":[[[17.287,-16.096],[17.298,-15.668],[17.363,-15.307],[17.527,-14.99],[17.702,-14.837],[17.888,-14.728],[18.14,-14.323],[18.192,-14.135],[18.118,-13.853],[18.129,-13.667],[18.03,-13.307],[18.009,-13.132],[17.905,-12.987],[17.735,-12.946],[17.398,-12.743],[17.232,-12.815],[16.784,-13.285],[16.543,-13.503],[16.237,-13.93],[15.647,-14.225],[15.702,-14.52],[15.702,-14.761],[15.888,-15.286],[15.975,-15.657],[16.167,-16.074],[16.314,-16.117],[16.904,-16.149],[17.287,-16.096]]]},"properties":{"id":"ngonyelu","name":"Ngonyelu","family":"Niger-Congo","glottocode":"chok1245","language":"Chokwe","group":"Lunda","ea":"Ac12","lat":-14.4962,"lon":16.9386}},
{"type":"Feature","geometry":{"type":"Polygon","coordinates":[[[16.167,-16.074],[15.975,-15.657],[15.888,-15.286],[15.702,-14.761],[15.702,-14.52],[15.647,-14.225],[15.439,-14.116],[15.199,-14.05],[14.543,-13.995],[14.378,-13.954],[14.064,-14.267],[14.16,-14.542],[14.379,-14.662],[14.707,-14.947],[14.871,-15.297],[14.914,-15.581],[14.914,-16.368],[14.947,-16.576],[15.046,-16.744],[15.188,-16.663],[15.45,-16.445],[15.68,-16.324],[15.909,-16.16],[16.167,-16.074]]]},"properties":{"id":"ngumbe","name":"Ngumbe","family":"Niger-Congo","glottocode":"nkhu1238","language":"Nkhumbi","group":"Southwestern Bantu","ea":"Ab20","lat":-15.1734,"lon":15.1978}},
{"type":"Feature","geometry":{"type":"Polygon","coordinates":[[[38.115,-5.973],[38.027,-5.819],[37.863,-5.655],[37.529,-5.457],[37.44,-5.368],[37.221,-5.798],[37.221,-5.856],[37.221,-6.242],[37.29,-6.529],[37.346,-6.912],[37.426,-6.905],[37.809,-6.584],[38.007,-6.502],[38.007,-6.324],[38.115,-5.973]]]},"properties":{"id":"nguru","name":"Nguru","family":"Niger-Congo","glottocode":"lugu1238","language":"Luguru","group":"Luguru-Zigula","ea":"Ad14","lat":-6.13611,"lon":37.6073}},
{"type":"Feature","geometry":{"type":"Polygon","coordinates":[[[30.358,-1.215],[30.678,-1.178],[30.931,-1.146],[31.213,-1.057],[31.05,-0.715],[31.158,-0.431],[30.953,-0.244],[30.82,0.139],[30.375,0.02],[30.199,0.025],[30.148,-0.091],[29.876,-0.307],[29.694,-0.505],[29.671,-0.765],[29.813,-0.761],[30.153,-0.914],[30.358,-1.215]]]},"properties":{"id":"nkole","name":"Nkole","family":"Niger-Congo","glottocode":"gand1255","language":"Ganda","group":"East Lacustrine Bantu","ea":"Ad7","lat":-0.571755,"lon":30.4989}},
{"type":"Feature","geometry":{"type":"Polygon","coordinates":[[[23.755,-13.971],[23.609,-14.143],[23.567,-14.303],[23.583,-14.471],[23.878,-14.732],[24.189,-14.917],[24.248,-15.236],[24.105,-15.447],[23.995,-15.691],[24.012,-15.825],[24.308,-15.808],[24.434,-15.724],[24.742,-15.392],[24.771,-15.051],[24.897,-14.639],[24.955,-14.565],[24.721,-14.068],[24.519,-14.286],[24.224,-14.395],[24.031,-14.32],[23.755,-13.971]]]},"properties":{"id":"nkoya","name":"Nkoya","family":"Niger-Congo","glottocode":"kaon1241","language":"Kaonde","group":"Bemba-Lamba","ea":"Ac32","lat":-14.8311,"lon":24.3242}},
{"type":"Feature","geometry":{"type":"Polygon","coordinates":[[[30.28,-15.603],[30.347,-15.338],[30.465,-15.204],[30.809,-14.943],[31.112,-14.792],[31.474,-14.691],[31.558,-14.615],[31.558,-14.379],[31.44,-14.11],[31.249,-13.93],[31.062,-14.085],[30.641,-14.337],[30.263,-14.758],[30.045,-14.848],[29.901,-15.187],[29.792,-15.271],[29.39,-15.425],[29.482,-15.82],[29.578,-15.836],[30.083,-15.693],[30.28,-15.603]]]},"properties":{"id":"nsenga","name":"Nsenga","family":"Niger-Congo","glottocode":"kund1255","language":"Chikunda","group":"Maravi","ea":"Ac37","lat":-14.8887,"lon":30.5341}},
{"type":"Feature","geometry":{"type":"Polygon","coordinates":[[[23.718,-17.899],[23.615,-17.755],[23.523,-17.407],[23.06,-17.301],[22.446,-16.998],[22.228,-16.861],[22.044,-17.52],[22.086,-17.831],[22.625,-18.394],[22.661,-18.579],[22.876,-18.739],[23.059,-18.626],[23.277,-18.323],[23.513,-18.045],[23.718,-17.899]]]},"properties":{"id":"nukwe","name":"Nukwe","family":"Khoisan","glottocode":"juho1239","language":"South-Eastern Ju","group":"Bushmen","ea":"Aa1","lat":-17.7772,"lon":22.8068}},
{"type":"Feature","geometry":{"type":"Polygon","coordinates":[[[18.888,-22.799],[18.845,-22.827],[18.83,-23.556],[18.779,-23.901],[18.737,-24.615],[18.788,-24.725],[18.822,-25.112],[18.922,-25.423],[19.107,-25.675],[19.301,-25.869],[19.435,-26.104],[19.511,-26.44],[19.775,-27.193],[19.927,-27.319],[20.061,-27.563],[20.238,-27.967],[20.271,-28.16],[20.357,-28.282],[20.492,-28.333],[21.072,-28.35],[21.905,-28.509],[22.123,-28.585],[22.499,-28.662],[22.515,-27.936],[22.379,-27.807],[22.051,-27.227],[22.068,-27.059],[22.017,-26.764],[22.004,-26.382],[22.009,-26.271],[21.874,-25.876],[21.715,-25.557],[21.521,-25.229],[21.235,-24.842],[21.126,-24.648],[20.958,-24.253],[20.823,-24.017],[20.84,-23.774],[20.781,-23.488],[20.765,-23.234],[20.327,-23.202],[19.974,-23.076],[19.669,-22.765],[19.367,-22.658],[19.19,-22.663],[18.888,-22.799]]]},"properties":{"id":"nusan","name":"Nusan","family":"Khoisan","glottocode":"xamm1241","language":"/Xam","group":"Bushmen","ea":"Aa8","lat":-25.7383,"lon":20.4718}},
{"type":"Feature","geometry":{"type":"Polygon","coordinates":[[[33.606,3.527],[33.789,3.566],[33.896,3.672],[33.942,3.913],[33.809,4.001],[33.62,3.977],[33.456,3.864],[33.543,3.595],[33.606,3.527]]]},"properties":{"id":"nyangiya","name":"Nyangiya","family":"Nilo-Saharan","glottocode":"dhop1238","language":"Dhopaluo","group":"Nilotes, Southern","ea":"Aj10","lat":3.779671,"lon":33.7124}},
{"type":"Feature","geometry":{"type":"Polygon","coordinates":[[[30.301,1.833],[30.366,1.952],[30.428,2.377],[30.416,2.517],[30.136,2.591],[29.891,2.317],[29.912,2.23],[29.866,1.895],[29.943,1.801],[30.301,1.833]]]},"properties":{"id":"nyari","name":"Nyari","family":"Niger-Congo","glottocode":"bila1255","language":"Bila","group":"Babwa-Bira","ea":"Ae30","lat":2.177627,"lon":30.1539}},
{"type":"Feature","geometry":{"type":"Polygon","coordinates":[[[23.831,5.043],[23.681,5.109],[23.398,5.149],[22.779,4.996],[22.195,4.769],[21.886,4.604],[22.07,4.326],[22.441,4.197],[22.632,4.394],[23.156,4.583],[23.415,4.672],[23.721,4.865],[23.831,5.043]]]},"properties":{"id":"nzankara","name":"Nzankara","family":"Niger-Congo","glottocode":"west2458","language":"West Central Banda","group":"Banda-Baya","ea":"Ai1","lat":4.718705,"lon":22.822}},
{"type":"Feature","geometry":{"type":"Polygon","coordinates":[[[8.342,5.408],[8.15,5.436],[8.094,5.38],[8.049,5.264],[8.126,5.224],[8.173,5.2],[8.221,5.178],[8.348,5.121],[8.565,5.019],[8.678,4.99],[8.723,4.979],[8.817,5.148],[8.593,5.241],[8.342,5.408]]]},"properties":{"id":"ododop","name":"Ododop","family":"Niger-Congo","glottocode":"nucl1417","language":"Igbo","group":"Ibo-Edo","ea":"Af10","lat":5.218451,"lon":8.418866}},
{"type":"Feature","geometry":{"type":"Polygon","coordinates":[[[41.889,5.777],[41.96,5.564],[42.115,4.835],[42.325,4.389],[42.426,4.301],[42.858,4.301],[43.022,4.338],[43.396,4.565],[43.824,4.72],[44.197,4.993],[44.496,5.102],[44.548,5.186],[44.286,5.418],[44.259,5.655],[44.469,5.718],[44.696,5.627],[44.997,5.436],[45.233,5.227],[45.414,5.138],[45.507,5.172],[45.88,5.108],[46.226,5.181],[46.563,5.518],[46.718,5.646],[46.9,6.019],[46.918,6.31],[46.964,6.44],[46.528,6.767],[46.131,6.971],[45.983,7.096],[45.926,7.255],[45.972,7.448],[46.086,7.635],[45.794,7.902],[45.496,8.055],[45.037,7.982],[44.461,8.106],[44.265,8.186],[43.857,8.449],[43.565,8.5],[43.412,8.689],[43.363,8.904],[43.213,8.915],[42.969,8.519],[42.72,8.57],[42.565,8.775],[42.259,8.474],[42.094,8.111],[42.05,8.094],[42.225,7.576],[42.325,7.403],[42.416,7.021],[42.434,6.638],[42.389,6.265],[42.179,6.028],[41.889,5.777]]]},"properties":{"id":"ogaden","name":"Ogaden","family":"Afro-Asiatic","glottocode":"bora1271","language":"Borana-Arsi-Guji Oromo","group":"Galla","ea":"Ca11","lat":6.53011,"lon":44.1013}},
{"type":"Feature","geometry":{"type":"Polygon","coordinates":[[[24.773,30.071],[24.765,29.563],[24.785,29.218],[24.843,28.824],[25.077,28.824],[25.58,28.745],[26.211,28.508],[26.734,28.123],[26.951,28.124],[27.119,28.577],[27.079,28.814],[26.931,28.952],[26.389,29.05],[25.866,29.228],[25.649,29.415],[25.442,29.692],[25.215,29.889],[24.969,30.037],[24.773,30.071]]]},"properties":{"id":"siwa","name":"Siwa","family":"Afro-Asiatic","glottocode":"siwi1239","language":"Siwi","group":"Berbers, Oasis","ea":"Cc3","lat":29.0224,"lon":25.816}},
{"type":"Feature","geometry":{"type":"Polygon","coordinates":[[[23.807,-19.685],[23.815,-20.013],[23.723,-20.249],[23.597,-20.308],[23.202,-20.4],[22.722,-20.611],[22.535,-20.668],[22.487,-21.126],[22.524,-21.346],[22.646,-21.45],[22.806,-21.711],[23.05,-22.182],[23.159,-22.451],[23.378,-22.812],[23.572,-23.039],[23.815,-23.258],[24.471,-23.754],[24.667,-23.919],[25.355,-23.614],[25.383,-23.499],[25.577,-23.171],[25.938,-22.07],[25.962,-21.792],[25.763,-21.647],[25.561,-21.429],[25.301,-20.991],[25.023,-20.193],[24.847,-19.898],[24.645,-19.679],[24.477,-19.545],[24.149,-19.436],[23.991,-19.462],[23.807,-19.685]]]},"properties":{"id":"ohekwe","name":"Ohekwe","family":"Khoisan","glottocode":"naro1249","language":"Naro","group":"Bushmen","ea":"Aa7","lat":-21.7166,"lon":24.3035}},
{"type":"Feature","geometry":{"type":"Polygon","coordinates":[[[17.643,12.234],[17.399,12.284],[17.03,12.291],[17.015,12.036],[17.166,11.975],[17.271,11.852],[17.341,11.658],[17.493,11.556],[17.623,11.149],[17.629,10.822],[17.469,10.656],[17.471,10.656],[18.288,10.508],[18.523,10.486],[18.549,10.896],[18.624,11.032],[18.78,11.148],[18.692,11.412],[18.665,11.621],[18.29,11.698],[17.949,11.889],[17.697,12.114],[17.643,12.234]]]},"properties":{"id":"okoro","name":"Okoro","family":"Nilo-Saharan","glottocode":"bagi1246","language":"Bagirmi","group":"Bagirmi-Sara","ea":"Ai21","lat":11.3616,"lon":17.9569}},
{"type":"Feature","geometry":{"type":"Polygon","coordinates":[[[37.229,6.012],[37.365,5.944],[38,5.903],[38.269,5.735],[38.551,6.04],[38.423,6.129],[38.239,6.361],[38.191,6.512],[38.236,6.906],[37.884,7.012],[37.624,7.169],[37.549,7.26],[37.1,7.23],[37.083,7.143],[36.933,6.986],[36.564,6.965],[36.288,6.9],[36.201,6.69],[36.219,6.56],[36.347,6.265],[36.449,6.142],[36.607,6.081],[37.16,6.046],[37.229,6.012]]]},"properties":{"id":"ometo","name":"Ometo","family":"Afro-Asiatic","glottocode":"aari1239","language":"Aari","group":"Cushites, Western","ea":"Ca23","lat":6.508826,"lon":37.3626}},
{"type":"Feature","geometry":{"type":"Polygon","coordinates":[[[8.628,6.387],[8.662,6.699],[8.165,6.759],[7.999,6.691],[8.102,6.493],[8.287,6.45],[8.445,6.318],[8.628,6.387]]]},"properties":{"id":"orri","name":"Orri","family":"Niger-Congo","glottocode":"nucl1417","language":"Igbo","group":"Ibo-Edo","ea":"Af10","lat":6.575147,"lon":8.358174}},
{"type":"Feature","geometry":{"type":"Polygon","coordinates":[[[32.909,12.114],[32.758,11.437],[32.588,10.966],[32.23,10.727],[32.314,10.331],[32.301,10.044],[32.116,9.491],[31.98,9.334],[31.877,9.306],[31.249,9.347],[31.06,9.4],[31.071,9.279],[31.201,9.067],[31.379,8.915],[31.611,8.806],[31.987,8.765],[32.383,8.86],[32.629,9.052],[32.738,9.209],[32.815,9.484],[32.829,9.955],[33.055,10.379],[33.13,10.57],[33.171,10.959],[33.245,11.147],[33.253,11.283],[33.376,11.634],[33.362,11.944],[33.123,12.104],[33.008,12.141],[32.909,12.114]]]},"properties":{"id":"padang","name":"Padang","family":"Nilo-Saharan","glottocode":"nuer1246","language":"Nuer","group":"Nilotes, Northern","ea":"Aj3","lat":10.184,"lon":32.51}},
{"type":"Feature","geometry":{"type":"Polygon","coordinates":[[[16.958,3.81],[16.671,3.768],[16.538,3.865],[16.477,4.017],[16.343,4.059],[16.198,3.968],[16.035,3.785],[16.119,3.544],[16.422,3.143],[16.525,3.052],[16.877,2.907],[17.047,2.706],[17.103,2.579],[17.597,2.68],[17.624,3.022],[17.696,3.283],[17.781,3.38],[18.045,3.477],[17.957,3.622],[17.765,3.821],[17.533,3.732],[17.285,3.82],[17.223,3.786],[16.958,3.81]]]},"properties":{"id":"pande","name":"Pande","family":"Niger-Congo","glottocode":"nort2775","language":"Northwest Gbaya","group":"Banda-Baya","ea":"Ai7","lat":3.361738,"lon":17.0228}},
{"type":"Feature","geometry":{"type":"Polygon","coordinates":[[[28.348,-7.939],[28.457,-8.337],[28.667,-8.374],[28.793,-8.531],[28.825,-8.695],[28.809,-8.95],[29.199,-9.2],[29.389,-9.402],[29.435,-9.549],[29.71,-9.605],[29.893,-9.699],[30.045,-9.43],[30.38,-9.306],[30.494,-9.095],[30.475,-8.79],[30.752,-8.675],[30.832,-8.601],[30.64,-8.525],[30.527,-8.585],[30.447,-8.473],[30.568,-8.303],[30.586,-8.147],[30.527,-8.06],[30.296,-7.888],[30.199,-7.624],[30.214,-7.466],[30.116,-7.235],[29.966,-7.109],[29.782,-7.053],[29.699,-6.946],[29.542,-7.072],[29.353,-7.166],[29.087,-7.109],[28.869,-7.279],[28.745,-7.604],[28.64,-7.729],[28.348,-7.939]]]},"properties":{"id":"tabwa","name":"Tabwa","family":"Niger-Congo","glottocode":"luba1250","language":"Luba-Katanga","group":"Luba","ea":"Ae6","lat":-8.29063,"lon":29.5814}},
{"type":"Feature","geometry":{"type":"Polygon","coordinates":[[[1.585,6.447],[1.591,6.206],[1.869,6.274],[2.167,6.306],[2.161,6.521],[2.101,6.581],[1.585,6.447]]]},"properties":{"id":"popo","name":"Popo","family":"Niger-Congo","glottocode":"fonn1241","language":"Fon","group":"Ewe-Fon","ea":"Af1","lat":6.394817,"lon":1.884765}},
{"type":"Feature","geometry":{"type":"Polygon","coordinates":[[[39.711,-4.932],[39.743,-5.159],[39.649,-5.344],[39.731,-5.464],[39.841,-5.296],[39.841,-5.023],[39.711,-4.932]]]},"properties":{"id":"pemba","name":"Pemba","family":"Niger-Congo","glottocode":"pemb1239","language":"Pemba","group":"Swahili","ea":"Ad29","lat":-5.18171,"lon":39.7573}},
{"type":"Feature","geometry":{"type":"Polygon","coordinates":[[[37.519,2.344],[37.741,2.891],[37.773,3.077],[37.735,3.373],[37.596,3.72],[36.972,4.3],[36.808,4.483],[36.782,4.582],[36.555,4.463],[36.315,4.276],[36.213,4.25],[36.243,4.121],[36.179,3.951],[36.261,3.727],[36.201,3.523],[36.213,3.323],[36.379,3.11],[36.394,3.012],[36.533,2.898],[36.695,2.869],[37.004,2.834],[37.069,2.768],[37.226,2.463],[37.305,2.393],[37.519,2.344]]]},"properties":{"id":"rendile","name":"Rendile","family":"Nilo-Saharan","glottocode":"samb1315","language":"Samburu","group":"Masai","ea":"Aj29","lat":3.470226,"lon":36.9691}},
{"type":"Feature","geometry":{"type":"Polygon","coordinates":[[[36.11,5.365],[35.806,5.242],[35.598,5.021],[35.555,4.91],[35.771,4.582],[35.925,4.486],[35.986,4.631],[36.167,4.66],[36.207,4.523],[36.213,4.25],[36.315,4.276],[36.555,4.463],[36.782,4.582],[36.82,4.798],[37.055,5.243],[36.937,5.385],[36.848,5.357],[36.404,5.33],[36.11,5.365]]]},"properties":{"id":"reshiat","name":"Reshiat","family":"Nilo-Saharan","glottocode":"samb1315","language":"Samburu","group":"Masai","ea":"Aj29","lat":4.921447,"lon":36.3084}},
{"type":"Feature","geometry":{"type":"Polygon","coordinates":[[[27.503,-27.386],[27.339,-27.286],[26.961,-26.941],[26.347,-26.293],[26.061,-25.873],[25.806,-25.587],[25.523,-25.612],[25.237,-25.696],[25.043,-25.797],[24.623,-25.864],[24.261,-25.772],[24.154,-25.656],[23.891,-25.755],[23.449,-25.852],[23.565,-26.731],[23.555,-26.841],[23.99,-26.882],[24.697,-27.042],[24.991,-27.193],[25.21,-27.353],[25.412,-27.681],[25.572,-28.244],[25.616,-28.465],[26.276,-28.391],[26.537,-28.424],[26.815,-28.323],[27.109,-28.08],[27.395,-27.718],[27.503,-27.386]]]},"properties":{"id":"rolong","name":"Rolong","family":"Niger-Congo","glottocode":"sout2807","language":"Southern Sotho","group":"Sotho","ea":"Ab8","lat":-26.9168,"lon":25.5658}},
{"type":"Feature","geometry":{"type":"Polygon","coordinates":[[[22.595,11.654],[21.991,11.575],[21.527,11.48],[21.377,11.507],[20.97,11.689],[20.905,11.636],[20.625,11.226],[20.475,11.041],[19.977,10.754],[19.728,10.505],[19.778,10.392],[19.977,10.181],[20.134,10.119],[20.489,10.065],[20.741,9.942],[20.994,9.709],[21.465,9.532],[21.602,9.545],[22.026,10.024],[22.224,10.215],[22.674,10.509],[22.852,10.56],[22.865,11.245],[22.75,11.379],[22.595,11.654]]]},"properties":{"id":"runga","name":"Runga","family":"Nilo-Saharan","glottocode":"furr1244","language":"Fur","group":"Darfur","ea":"Cb17","lat":10.6865,"lon":21.4309}},
{"type":"Feature","geometry":{"type":"Polygon","coordinates":[[[39.29,15.461],[39.409,15.242],[39.665,14.62],[39.872,13.999],[39.941,13.693],[39.97,13.297],[40.33,13.28],[40.352,13.762],[40.312,13.999],[40.075,14.68],[39.813,15.077],[39.693,15.138],[39.714,15.258],[39.617,15.481],[39.455,15.54],[39.29,15.461]]]},"properties":{"id":"saho","name":"Saho","family":"Afro-Asiatic","glottocode":"afar1241","language":"Afar","group":"Afar-Somali","ea":"Ca6","lat":14.3435,"lon":39.9273}},
{"type":"Feature","geometry":{"type":"Polygon","coordinates":[[[-3.924,32.984],[-3.752,33.484],[-3.582,33.818],[-3.781,34.032],[-3.994,34.077],[-4.41,34.074],[-4.59,33.932],[-4.759,33.764],[-4.75,33.473],[-4.642,33.23],[-4.508,33.096],[-4.301,33.015],[-3.924,32.984]]]},"properties":{"id":"warain","name":"Warain","family":"Afro-Asiatic","glottocode":"cent2194","language":"Central Moroccan Berber","group":"Berbers, Moroccan","ea":"Cd7","lat":33.5663,"lon":-4.19075}},
{"type":"Feature","geometry":{"type":"Polygon","coordinates":[[[-2.252,35.095],[-2.429,35.148],[-2.619,35.097],[-2.914,35.192],[-3.066,35.289],[-3.333,35.191],[-3.659,35.273],[-3.865,35.202],[-3.918,35.261],[-4.354,35.146],[-4.722,35.217],[-4.929,35.333],[-5.037,35.082],[-4.894,34.885],[-4.624,34.714],[-4.463,34.409],[-4.41,34.074],[-3.994,34.077],[-3.781,34.032],[-3.563,34.4],[-3.177,34.544],[-2.807,34.609],[-2.737,34.705],[-2.477,34.759],[-2.288,34.696],[-2.252,34.786],[-2.252,35.095]]]},"properties":{"id":"rif","name":"Rif","family":"Afro-Asiatic","glottocode":"jebl1238","language":"Jebli","group":"Arabs, Littoral North Africa","ea":"Cd15","lat":34.7908,"lon":-3.71829}},
{"type":"Feature","geometry":{"type":"Polygon","coordinates":[[[12.673,26.785],[12.981,27.115],[13.217,27.273],[13.711,27.401],[14.194,27.372],[14.44,27.401],[14.687,27.52],[14.904,27.717],[15.21,27.934],[15.606,28.252],[15.338,28.723],[15.121,29.049],[14.944,29.423],[14.894,29.68],[14.959,29.971],[14.559,30.459],[14.421,30.745],[14.371,31.041],[14.45,31.43],[14.263,31.656],[13.859,31.923],[13.612,32.011],[12.981,32.071],[12.716,32.048],[12.547,31.725],[12.349,31.617],[11.984,31.469],[11.511,31.39],[11.205,31.36],[10.673,31.41],[10.387,31.617],[10.401,31.876],[10.146,32.021],[9.566,31.764],[9.483,30.885],[9.813,30.731],[9.951,30.603],[10.069,30.317],[9.961,30.07],[9.674,29.914],[9.665,29.197],[9.714,28.961],[9.97,28.009],[10.099,27.693],[10.158,27.466],[10.503,27.131],[10.858,26.999],[11.312,26.92],[11.913,26.881],[12.673,26.785]]]},"properties":{"id":"riyah","name":"Riyah","family":"Afro-Asiatic","glottocode":"sout3114","language":"South-Western Tunisian","group":"Arabs, Bedoin","ea":"Cd13","lat":29.3946,"lon":12.3438}},
{"type":"Feature","geometry":{"type":"Polygon","coordinates":[[[31.988,-26.241],[31.997,-26.384],[31.995,-27.508],[32.249,-27.778],[32.608,-27.803],[32.674,-27.516],[32.866,-27.025],[32.924,-26.305],[32.849,-26.289],[32.562,-26.008],[32.734,-25.805],[32.886,-25.535],[32.994,-25.473],[32.813,-25.291],[32.687,-25.223],[32.572,-25.191],[32.569,-25.19],[32.557,-25.194],[32.401,-25.257],[32.374,-25.284],[32.325,-25.333],[32.064,-25.686],[31.994,-25.76],[31.951,-25.807],[31.939,-25.82],[31.938,-25.821],[31.963,-25.972],[31.988,-26.241]]]},"properties":{"id":"ronga","name":"Ronga","family":"Niger-Congo","glottocode":"zulu1248","language":"Zulu","group":"Nguni","ea":"Ab12","lat":-26.5181,"lon":32.4239}},
{"type":"Feature","geometry":{"type":"Polygon","coordinates":[[[33.008,12.141],[33.123,12.104],[33.362,11.944],[33.642,12.09],[34.202,12.131],[34.537,12.207],[34.81,12.384],[34.988,12.316],[34.94,12.152],[34.769,12.015],[34.715,11.892],[34.762,11.804],[35.142,11.701],[35.232,11.739],[35.287,12.019],[35.424,12.265],[35.71,12.484],[35.856,12.718],[35.716,13.121],[35.558,13.368],[35.44,13.723],[35.173,14.019],[34.937,14.137],[34.621,14.255],[33.654,14.344],[33.474,14.512],[33.137,14.433],[32.93,14.236],[32.816,14.034],[32.81,13.821],[33.055,13.306],[33.103,13.006],[33.103,12.664],[33.069,12.295],[33.008,12.141]]]},"properties":{"id":"ruffa","name":"Ruffa","family":"Afro-Asiatic","glottocode":"nort3133","language":"North Kordofan Arabic","group":"Arabs, Bedoin","ea":"Cc6","lat":13.1657,"lon":34.2522}},
{"type":"Feature","geometry":{"type":"Polygon","coordinates":[[[42.672,-0.009],[42.788,-0.114],[43.489,0.65],[43.832,0.952],[43.949,1.022],[44.344,1.395],[44.777,1.716],[45.06,1.892],[45.266,1.98],[45.843,2.317],[45.8,2.471],[45.754,3.081],[45.691,3.163],[45.554,3.045],[45.49,2.735],[45.39,2.635],[45.244,2.626],[44.989,2.735],[44.917,2.862],[44.917,3.345],[44.935,3.773],[44.88,4.11],[44.634,4.912],[44.496,5.102],[44.197,4.993],[43.824,4.72],[43.396,4.565],[43.022,4.338],[42.858,4.301],[42.426,4.301],[42.303,4.137],[42.43,3.955],[42.576,3.837],[42.767,3.555],[42.804,3.391],[42.813,3.017],[42.731,2.667],[42.503,2.293],[42.494,1.893],[42.667,1.276],[42.813,1.264],[43.004,0.909],[43.104,0.563],[43.068,0.426],[42.929,0.336],[42.722,0.153],[42.695,0.089],[42.672,-0.009]]]},"properties":{"id":"sab","name":"Sab","family":"Niger-Congo","glottocode":"baju1245","language":"Bajuni","group":"Swahili","ea":"Ad1","lat":2.785428,"lon":43.8515}},
{"type":"Feature","geometry":{"type":"Polygon","coordinates":[[[34.513,0.991],[34.742,0.897],[34.897,0.89],[34.969,1.045],[34.891,1.446],[34.78,1.429],[34.567,1.526],[34.42,1.332],[34.513,0.991]]]},"properties":{"id":"sabei","name":"Sabei","family":"Niger-Congo","glottocode":"masa1299","language":"Masaaba","group":"East Nyanza","ea":"Ad9","lat":1.19701,"lon":34.6977}},
{"type":"Feature","geometry":{"type":"Polygon","coordinates":[[[36.279,-7.057],[36.485,-7.378],[36.771,-7.666],[37.151,-7.705],[37.167,-7.522],[37.269,-7.304],[37.346,-6.912],[37.29,-6.529],[37.221,-6.242],[37.221,-5.856],[37.086,-5.93],[36.783,-5.843],[36.731,-6.059],[36.546,-6.333],[36.342,-6.503],[36.266,-6.654],[36.279,-7.057]]]},"properties":{"id":"sagara","name":"Sagara","family":"Niger-Congo","glottocode":"hehe1240","language":"Hehe","group":"Rufiji","ea":"Ad8","lat":-6.81425,"lon":36.8442}},
{"type":"Feature","geometry":{"type":"Polygon","coordinates":[[[22.52,12.368],[22.367,12.398],[22.046,12.589],[21.907,12.765],[21.705,12.75],[21.213,12.573],[21.11,12.45],[20.994,12.101],[20.97,11.689],[21.377,11.507],[21.527,11.48],[21.991,11.575],[22.595,11.654],[22.51,12.144],[22.52,12.368]]]},"properties":{"id":"sila","name":"Sila","family":"Nilo-Saharan","glottocode":"furr1244","language":"Fur","group":"Darfur","ea":"Cb17","lat":12.0762,"lon":21.7456}},
{"type":"Feature","geometry":{"type":"Polygon","coordinates":[[[17.655,9.505],[17.327,9.494],[16.987,9.383],[16.963,9.214],[16.733,9.025],[16.146,8.743],[16.215,8.201],[16.465,7.966],[16.816,7.853],[17.17,8.041],[17.37,8.098],[17.928,8.198],[18.069,8.177],[18.25,8.386],[18.623,8.866],[19.133,9.379],[19.109,9.591],[18.981,9.778],[18.267,9.545],[17.951,9.51],[17.655,9.505]]]},"properties":{"id":"sala","name":"Sala","family":"Nilo-Saharan","glottocode":"laka1254","language":"Laka (Chad)","group":"Adamawa","ea":"Ai13","lat":8.814895,"lon":17.5738}},
{"type":"Feature","geometry":{"type":"Polygon","coordinates":[[[39.027,-2.72],[39.034,-3.094],[39.082,-3.237],[39.273,-3.176],[39.901,-2.657],[40.059,-2.647],[40.112,-2.496],[40.172,-2.415],[39.942,-1.331],[39.867,-1.037],[39.772,-0.819],[39.307,-0.457],[38.979,-0.334],[38.811,-0.3],[38.769,-0.333],[38.781,-0.45],[39,-1.407],[39.054,-1.803],[39.027,-2.062],[39.041,-2.39],[39.027,-2.72]]]},"properties":{"id":"sanye","name":"Sanye","family":"Niger-Congo","glottocode":"kamb1297","language":"Kamba (Kenya)","group":"Kenya Highlands","ea":"Ad34","lat":-1.75582,"lon":39.4453}},
{"type":"Feature","geometry":{"type":"Polygon","coordinates":[[[40.43,-2.12],[40.37,-2.175],[40.358,-2.186],[40.248,-2.314],[40.214,-2.36],[40.172,-2.415],[40.112,-2.496],[40.059,-2.647],[40.039,-2.705],[39.991,-2.823],[39.957,-2.906],[39.547,-3.725],[39.533,-3.769],[39.504,-3.854],[39.465,-3.971],[39.319,-4.158],[39.238,-4.377],[39.128,-4.577],[39.053,-4.794],[39.098,-4.804],[39.21,-4.828],[39.231,-4.633],[39.388,-4.604],[39.54,-4.414],[39.608,-4.198],[39.83,-3.799],[39.899,-3.517],[39.959,-3.403],[40.094,-3.299],[40.171,-2.983],[40.167,-2.774],[40.231,-2.663],[40.376,-2.569],[40.632,-2.55],[40.817,-2.389],[40.905,-2.193],[40.846,-2.012],[40.85,-1.972],[40.729,-1.942],[40.684,-1.972],[40.594,-2.032],[40.525,-2.062],[40.467,-2.086],[40.456,-2.096],[40.43,-2.12]]]},"properties":{"id":"segeju","name":"Segeju","family":"Niger-Congo","glottocode":"poko1261","language":"Pokomo","group":"Nyika","ea":"Ad33","lat":-3.21371,"lon":39.9968}},
{"type":"Feature","geometry":{"type":"Polygon","coordinates":[[[31.097,9.982],[31.44,10.076],[31.577,10.151],[31.761,10.343],[31.864,10.602],[32.055,10.759],[32.23,10.727],[32.588,10.966],[32.758,11.437],[32.909,12.114],[32.772,12.479],[32.642,12.493],[32.485,12.199],[32.396,12.138],[32.192,12.117],[31.993,12.274],[31.775,12.053],[31.536,11.868],[31.312,11.587],[31.215,11.131],[31.556,10.844],[31.495,10.68],[31.02,10.506],[30.689,10.329],[30.658,10.275],[30.696,10.147],[30.853,10.065],[31.003,10.058],[31.097,9.982]]]},"properties":{"id":"selim","name":"Selim","family":"Afro-Asiatic","glottocode":null,"language":"Sudanese Arabic","group":"Nilotes, Northern","ea":"Aj11","lat":11.2529,"lon":31.9211}},
{"type":"Feature","geometry":{"type":"Polygon","coordinates":[[[32.271,-10.995],[32.249,-11.12],[32.293,-11.455],[32.35,-11.656],[32.339,-12.1],[32.592,-12.204],[32.768,-12.141],[32.977,-11.921],[33.122,-11.65],[33.166,-11.479],[33.276,-11.279],[33.178,-11.082],[33.159,-10.912],[33.077,-10.697],[32.9,-10.426],[32.573,-10.476],[32.271,-10.995]]]},"properties":{"id":"senga","name":"Senga","family":"Niger-Congo","glottocode":"chew1246","language":"Chewa","group":"Maravi","ea":"Ac10","lat":-11.3119,"lon":32.7221}},
{"type":"Feature","geometry":{"type":"Polygon","coordinates":[[[31.038,17.927],[31.646,17.869],[31.824,17.771],[32.07,17.445],[32.385,16.826],[32.654,16.907],[32.97,17.124],[33.137,17.301],[33.256,17.577],[33.315,17.893],[33.335,18.209],[33.295,18.436],[33.187,18.672],[32.999,18.83],[32.851,18.87],[32.516,18.682],[32.141,18.643],[31.943,18.759],[31.652,18.557],[31.188,18.429],[31.08,18.34],[31.021,18.113],[31.038,17.927]]]},"properties":{"id":"shaikia","name":"Shaikia","family":"Afro-Asiatic","glottocode":"nort3133","language":"North Kordofan Arabic","group":"Arabs, Bedoin","ea":"Cc6","lat":17.9734,"lon":32.3926}},
{"type":"Feature","geometry":{"type":"Polygon","coordinates":[[[10.454,1.297],[9.945,1.484],[9.795,1.088],[9.79,0.969],[9.646,0.148],[9.382,0.204],[9.343,-0.061],[9.645,-0.069],[9.801,-0.036],[10.063,0.095],[10.096,0.218],[10.039,0.728],[10.072,0.917],[10.154,1.04],[10.277,1.089],[10.454,1.297]]]},"properties":{"id":"seke","name":"Seke","family":"Niger-Congo","glottocode":"fang1246","language":"Fang (Equatorial Guinea)","group":"Fang-Dzem","ea":"Ae3","lat":0.662201,"lon":9.895957}},
{"type":"Feature","geometry":{"type":"Polygon","coordinates":[[[13.591,-10.468],[13.765,-10.666],[13.725,-10.777],[13.839,-10.925],[13.848,-11.096],[13.781,-11.498],[13.794,-11.759],[13.72,-12.02],[13.985,-12.159],[14.193,-12.159],[14.434,-12.095],[14.521,-11.656],[14.718,-11.35],[14.619,-11.218],[14.554,-10.901],[14.422,-10.508],[14.065,-10.215],[13.591,-10.468]]]},"properties":{"id":"sele","name":"Sele","family":"Niger-Congo","glottocode":"umbu1257","language":"Umbundu","group":"Western Angola","ea":"Ab5","lat":-11.2224,"lon":14.1511}},
{"type":"Feature","geometry":{"type":"Polygon","coordinates":[[[31.307,-3.385],[31.691,-3.201],[32.02,-3.089],[32.408,-2.929],[32.49,-2.528],[32.371,-2.436],[32.303,-2.269],[31.986,-2.5],[31.938,-2.654],[31.822,-2.703],[31.716,-2.544],[31.794,-2.474],[31.688,-2.32],[31.532,-2.337],[31.399,-2.271],[31.121,-2.261],[30.915,-2.147],[30.77,-2.327],[31.074,-2.864],[31.188,-3.076],[31.188,-3.315],[31.307,-3.385]]]},"properties":{"id":"sinza","name":"Sinza","family":"Niger-Congo","glottocode":"rund1242","language":"Rundi","group":"West Lacustrine Bantu","ea":"Ae8","lat":-2.73248,"lon":31.61}},
{"type":"Feature","geometry":{"type":"Polygon","coordinates":[[[18.745,30.383],[18.299,30.674],[18.214,30.765],[17.917,30.853],[17.849,30.925],[16.923,31.185],[16.701,31.227],[16.247,31.231],[15.968,31.294],[15.614,31.496],[15.491,31.656],[15.356,31.977],[14.45,31.43],[14.371,31.041],[14.421,30.745],[14.559,30.459],[14.959,29.971],[15.644,29.979],[16.186,29.9],[16.66,29.683],[17.261,29.357],[17.478,29.209],[18.163,28.916],[18.129,29.101],[18.317,29.505],[18.465,29.762],[18.593,30.097],[18.745,30.383]]]},"properties":{"id":"sirticans","name":"Sirticans","family":"Afro-Asiatic","glottocode":"liby1240","language":"Libyan Arabic","group":"Arabs, Bedoin","ea":"Cd20","lat":30.4641,"lon":16.5168}},
{"type":"Feature","geometry":{"type":"Polygon","coordinates":[[[33.712,-1.649],[33.472,-1.906],[33.574,-1.997],[33.746,-2.085],[33.787,-2.261],[34.218,-2.366],[34.553,-2.395],[35.01,-2.472],[35.138,-2.207],[35.239,-1.867],[35.113,-1.564],[34.943,-1.337],[34.849,-1.343],[34.629,-1.496],[34.285,-1.63],[34.037,-1.659],[33.712,-1.649]]]},"properties":{"id":"shashi","name":"Shashi","family":"Niger-Congo","glottocode":"suku1261","language":"Sukuma","group":"Nyamwezi","ea":"Ad22","lat":-1.9439,"lon":34.4707}},
{"type":"Feature","geometry":{"type":"Polygon","coordinates":[[[8.153,35.96],[8.199,36.024],[8.229,36.123],[8.209,36.211],[8.169,36.28],[8.09,36.3],[8.012,36.314],[7.982,36.32],[7.948,36.33],[7.888,36.349],[7.445,36.241],[6.587,36.103],[6.143,36.083],[5.808,36.132],[5.492,36.103],[5.177,35.777],[5.107,35.656],[5.577,35.235],[5.559,35.206],[5.861,35.105],[6.276,34.858],[6.43,34.648],[6.562,34.641],[6.946,34.523],[7.285,34.381],[7.361,34.71],[7.479,34.848],[8.021,35.016],[8.061,35.282],[7.903,35.43],[7.854,35.598],[7.982,35.874],[8.051,35.923],[8.153,35.96]]]},"properties":{"id":"shawia","name":"Shawia","family":"Afro-Asiatic","glottocode":"sout3114","language":"South-Western Tunisian","group":"Arabs, Bedoin","ea":"Cd13","lat":35.4899,"lon":6.790065}},
{"type":"Feature","geometry":{"type":"Polygon","coordinates":[[[45.414,5.138],[45.233,5.227],[44.997,5.436],[44.696,5.627],[44.469,5.718],[44.259,5.655],[44.286,5.418],[44.548,5.186],[44.76,5.136],[44.997,4.871],[45.133,4.771],[45.425,4.389],[45.58,4.38],[45.68,4.58],[45.634,4.698],[45.498,4.826],[45.414,5.138]]]},"properties":{"id":"shebelle","name":"Shebelle","family":"Afro-Asiatic","glottocode":"bora1271","language":"Borana-Arsi-Guji Oromo","group":"Galla","ea":"Ca11","lat":5.110114,"lon":44.9922}},
{"type":"Feature","geometry":{"type":"Polygon","coordinates":[[[36.344,14.214],[36.321,14.216],[36.179,15.006],[35.662,15.339],[34.955,15.793],[33.577,15.09],[33.474,14.512],[33.654,14.344],[34.621,14.255],[34.937,14.137],[35.173,14.019],[35.44,13.723],[35.558,13.368],[35.716,13.121],[35.856,12.718],[35.965,12.716],[36.1,13.023],[36.308,13.979],[36.344,14.214]]]},"properties":{"id":"shukria","name":"Shukria","family":"Afro-Asiatic","glottocode":"amha1245","language":"Amharic","group":"Ethiopia, Central","ea":"Ca7","lat":14.5576,"lon":35.1289}},
{"type":"Feature","geometry":{"type":"Polygon","coordinates":[[[-4.349,12.652],[-4.434,12.238],[-4.417,11.952],[-4.484,11.656],[-4.442,11.437],[-4.505,11.211],[-4.209,11.133],[-3.822,11.209],[-3.945,11.606],[-3.911,12.011],[-4.071,12.272],[-4.105,12.508],[-4.189,12.601],[-4.349,12.652]]]},"properties":{"id":"sia","name":"Sia","family":"Niger-Congo","glottocode":"mama1271","language":"Mamara Senoufo","group":"Senufo","ea":"Ag31","lat":11.7893,"lon":-4.19494}},
{"type":"Feature","geometry":{"type":"Polygon","coordinates":[[[2.445,32.025],[2.592,32.466],[2.801,33.339],[2.646,33.849],[2.547,34.055],[2.107,33.903],[1.371,33.669],[0.805,33.409],[0.545,33.149],[0.24,32.996],[-0.049,32.889],[-0.085,32.603],[-0.166,32.414],[-0.355,32.109],[-0.534,32.019],[-0.786,31.813],[-1.216,31.238],[-1.344,31.143],[-1.355,30.902],[-1.283,30.705],[-1.256,30.301],[-1.202,30.058],[-0.956,29.655],[-0.631,29.674],[-0.2,29.926],[0.437,30.159],[0.68,30.213],[1.021,30.24],[1.557,30.225],[1.784,30.635],[1.999,31.075],[2.445,32.025]]]},"properties":{"id":"sidi","name":"Sidi","family":"Afro-Asiatic","glottocode":"algi1247","language":"Algiers","group":"Arabs, Bedoin","ea":"Cc16","lat":31.7621,"lon":0.796565}},
{"type":"Feature","geometry":{"type":"Polygon","coordinates":[[[49.072,-16.542],[48.624,-16.462],[48.345,-16.543],[48.254,-16.97],[48.217,-17.248],[48.143,-17.479],[48.134,-17.682],[48.002,-18.37],[48.254,-18.37],[48.42,-18.398],[48.52,-18.441],[48.664,-17.997],[48.73,-17.777],[48.801,-17.542],[48.922,-17.179],[48.986,-16.838],[49.013,-16.694],[49.016,-16.686],[49.072,-16.542]]]},"properties":{"id":"sihanaka","name":"Sihanaka","family":"Austronesian","glottocode":null,"language":"Malagasy","group":"Yao-Makonde","ea":"Ac42","lat":-17.3957,"lon":48.5098}},
{"type":"Feature","geometry":{"type":"Polygon","coordinates":[[[24.018,1.333],[23.861,1.494],[23.753,1.681],[23.43,1.988],[23.058,2.135],[23.034,2.014],[23.35,1.602],[23.456,1.261],[23.696,0.989],[24.177,0.944],[24.286,1.006],[24.328,1.195],[24.018,1.333]]]},"properties":{"id":"soko","name":"Soko","family":"Niger-Congo","glottocode":"bwaa1238","language":"Bwa","group":"Babwa-Bira","ea":"Ae7","lat":1.449636,"lon":23.6754}},
{"type":"Feature","geometry":{"type":"Polygon","coordinates":[[[4.389,13.698],[4.148,13.597],[4.065,13.359],[3.895,13.011],[3.654,12.664],[3.709,12.299],[3.973,11.866],[4.01,11.674],[3.93,11.388],[4.243,11.299],[4.352,11.536],[4.41,11.861],[4.596,12.328],[4.729,12.588],[4.966,12.973],[5.337,13.344],[5.441,13.544],[5.369,13.784],[5.078,13.731],[4.789,13.738],[4.492,13.664],[4.389,13.698]]]},"properties":{"id":"sokoto","name":"Sokoto","family":"Afro-Asiatic","glottocode":"arew1238","language":"Arewa","group":"Hausa","ea":"Cb25","lat":12.7848,"lon":4.421279}},
{"type":"Feature","geometry":{"type":"Polygon","coordinates":[[[15.342,14.274],[15.342,14.276],[15.594,14.289],[15.716,14.337],[15.791,14.462],[15.819,14.701],[15.73,14.81],[15.199,14.844],[14.776,14.83],[14.62,14.626],[14.736,14.401],[14.824,14.353],[14.926,14.333],[15.342,14.274]]]},"properties":{"id":"soliman","name":"Soliman","family":"Afro-Asiatic","glottocode":null,"language":"Arabic","group":"Teda","ea":"Cc2","lat":14.5743,"lon":15.2379}},
{"type":"Feature","geometry":{"type":"Polygon","coordinates":[[[17.471,10.656],[17.469,10.656],[17.194,10.707],[17.031,10.514],[16.79,10.403],[16.564,10.402],[16.417,9.978],[16.579,9.889],[16.733,9.705],[16.768,9.511],[16.987,9.383],[17.327,9.494],[17.655,9.505],[17.555,9.898],[17.471,10.656]]]},"properties":{"id":"somrai","name":"Somrai","family":"Nilo-Saharan","glottocode":"sarr1246","language":"Sar","group":"Bagirmi-Sara","ea":"Ai22","lat":10.0141,"lon":17.0847}},
{"type":"Feature","geometry":{"type":"Polygon","coordinates":[[[22.269,-3.049],[22.012,-3.909],[22.187,-4.1],[22.543,-4.178],[22.763,-4.353],[23.087,-4.45],[23.265,-4.475],[23.3,-4.181],[23.242,-3.922],[23.132,-3.631],[23.093,-3.101],[22.269,-3.049]]]},"properties":{"id":"songomeno","name":"Songomeno","family":"Niger-Congo","glottocode":"tete1250","language":"Tetela","group":"Mongo","ea":"Ae25","lat":-3.72696,"lon":22.69}},
{"type":"Feature","geometry":{"type":"Polygon","coordinates":[[[7.429,33.859],[7.351,34.039],[7.307,34.351],[7.285,34.381],[6.946,34.523],[6.562,34.641],[6.43,34.648],[6.394,34.503],[6.01,33.98],[6.206,33.465],[6.433,33.526],[6.601,33.467],[6.719,33.28],[6.986,33.162],[7.153,33.231],[7.361,33.507],[7.429,33.859]]]},"properties":{"id":"suafa","name":"Suafa","family":"Afro-Asiatic","glottocode":"algi1247","language":"Algiers","group":"Arabs, Bedoin","ea":"Cc16","lat":33.917,"lon":6.766386}},
{"type":"Feature","geometry":{"type":"Polygon","coordinates":[[[24.075,-18.238],[24.805,-18.087],[25.494,-18.062],[25.772,-18.02],[26.225,-17.987],[26.273,-17.579],[26.256,-17.452],[26.122,-17.36],[25.331,-17.436],[24.986,-17.293],[24.821,-17.075],[24.532,-17.124],[24.066,-17.15],[23.583,-17.142],[23.523,-17.407],[23.615,-17.755],[23.718,-17.899],[24.075,-18.238]]]},"properties":{"id":"subia","name":"Subia","family":"Niger-Congo","glottocode":"lozi1239","language":"Lozi","group":"Barotseland","ea":"Ab3","lat":-17.6554,"lon":24.7951}},
{"type":"Feature","geometry":{"type":"Polygon","coordinates":[[[36.165,0.125],[36.296,0.316],[36.315,1.186],[36.233,1.76],[36.088,1.785],[35.873,1.943],[35.275,2.064],[35.114,1.764],[34.891,1.446],[34.969,1.045],[35.079,1.041],[35.432,0.934],[35.529,0.774],[35.659,0.845],[35.747,0.997],[35.854,0.971],[35.943,0.726],[35.961,0.247],[36.119,0.202],[36.165,0.125]]]},"properties":{"id":"suk","name":"Suk","family":"Nilo-Saharan","glottocode":"turk1308","language":"Turkana","group":"Karamojong","ea":"Aj5","lat":1.276576,"lon":35.7124}},
{"type":"Feature","geometry":{"type":"Polygon","coordinates":[[[30.931,12.052],[31.153,11.714],[31.312,11.587],[31.536,11.868],[31.775,12.053],[31.993,12.274],[31.895,12.448],[31.707,12.411],[31.345,12.557],[30.931,12.052]]]},"properties":{"id":"tagali","name":"Tagali","family":"Niger-Congo","glottocode":"koal1240","language":"Koalib-Rere","group":"Nuba","ea":"Ai37","lat":12.1215,"lon":31.4188}},
{"type":"Feature","geometry":{"type":"Polygon","coordinates":[[[-6.454,30.17],[-6.828,29.972],[-7.718,29.592],[-8.803,28.938],[-9.139,28.784],[-9.146,28.36],[-9.196,28.195],[-9.433,27.613],[-9.632,27.173],[-9.538,27.027],[-9.524,26.89],[-9.603,26.436],[-9.482,25.964],[-9.019,26.079],[-8.334,26.382],[-7.896,26.64],[-7.032,27.111],[-6.191,27.728],[-5.45,28.633],[-5.203,29.031],[-5.657,29.665],[-5.808,29.656],[-6.102,29.814],[-6.346,30.116],[-6.454,30.17]]]},"properties":{"id":"tajakant","name":"Tajakant","family":"Afro-Asiatic","glottocode":"hass1238","language":"Hassaniyya","group":"Berbers, Moroccan","ea":"Cd9","lat":28.1566,"lon":-7.59488}},
{"type":"Feature","geometry":{"type":"Polygon","coordinates":[[[30.055,10.936],[30.122,10.714],[30.545,10.482],[30.689,10.329],[31.02,10.506],[30.976,10.735],[30.907,10.782],[30.586,10.864],[30.055,10.936]]]},"properties":{"id":"talodi","name":"Talodi","family":"Niger-Congo","glottocode":"koal1240","language":"Koalib-Rere","group":"Nuba","ea":"Ai37","lat":10.6732,"lon":30.5671}},
{"type":"Feature","geometry":{"type":"Polygon","coordinates":[[[23.738,14.233],[23.494,14.395],[23.064,14.525],[22.934,14.702],[22.92,14.907],[22.791,14.928],[22.524,15.085],[22.357,15.103],[21.98,14.865],[22.012,14.736],[22.203,14.292],[22.227,13.968],[22.388,13.903],[22.791,13.801],[22.941,13.739],[23.147,13.569],[23.419,13.671],[23.651,13.896],[23.738,14.233]]]},"properties":{"id":"tama","name":"Tama","family":"Nilo-Saharan","glottocode":"furr1244","language":"Fur","group":"Darfur","ea":"Cb17","lat":14.3155,"lon":22.8152}},
{"type":"Feature","geometry":{"type":"Polygon","coordinates":[[[11.419,9.567],[11.509,9.784],[11.837,9.922],[11.956,10.177],[11.866,10.232],[11.43,10.214],[11.436,10.14],[11.306,9.919],[11.06,9.753],[10.99,9.544],[11.419,9.567]]]},"properties":{"id":"tangale","name":"Tangale","family":"Niger-Congo","glottocode":"juku1254","language":"Jukun Takum","group":"Tiv-Jukun","ea":"Ah2","lat":9.903857,"lon":11.4787}},
{"type":"Feature","geometry":{"type":"Polygon","coordinates":[[[22.876,-18.739],[22.661,-18.579],[22.487,-18.651],[22.016,-18.76],[21.847,-18.777],[21.56,-18.723],[21.368,-19.349],[21.309,-19.467],[21.249,-20.192],[21.486,-20.184],[21.803,-20.059],[21.982,-19.711],[22.487,-19.349],[22.754,-19.313],[22.89,-18.937],[22.876,-18.739]]]},"properties":{"id":"tannekwe","name":"Tannekwe","family":"Khoisan","glottocode":"juho1239","language":"South-Eastern Ju","group":"Bushmen","ea":"Aa1","lat":-19.2946,"lon":21.9767}},
{"type":"Feature","geometry":{"type":"Polygon","coordinates":[[[-16.13,17.373],[-16.331,16.962],[-16.469,16.603],[-16.469,16.508],[-15.846,16.749],[-15.144,16.922],[-15.027,17.4],[-15.205,17.548],[-15.619,17.499],[-15.846,17.4],[-16.13,17.373]]]},"properties":{"id":"tasumsa","name":"Tasumsa","family":"Afro-Asiatic","glottocode":"hass1238","language":"Hassaniyya","group":"Arabs, Bedoin","ea":"Cc19","lat":17.0841,"lon":-15.7266}},
{"type":"Feature","geometry":{"type":"Polygon","coordinates":[[[-3.621,32.826],[-3.411,33.188],[-3.182,33.734],[-3.312,33.808],[-3.582,33.818],[-3.752,33.484],[-3.924,32.984],[-3.621,32.826]]]},"properties":{"id":"uregu","name":"Uregu","family":"Afro-Asiatic","glottocode":"jebl1238","language":"Jebli","group":"Arabs, Littoral North Africa","ea":"Cd15","lat":33.3616,"lon":-3.56219}},
{"type":"Feature","geometry":{"type":"Polygon","coordinates":[[[22.754,-19.313],[22.487,-19.349],[21.982,-19.711],[21.803,-20.059],[21.923,-20.277],[22.159,-20.462],[22.535,-20.668],[22.722,-20.611],[23.202,-20.4],[23.597,-20.308],[23.723,-20.249],[23.815,-20.013],[23.807,-19.685],[23.185,-19.618],[23.025,-19.551],[22.754,-19.313]]]},"properties":{"id":"tawana","name":"Tawana","family":"Niger-Congo","glottocode":null,"language":"Tswana","group":"Bushmen","ea":"Aa7","lat":-19.9939,"lon":22.7795}},
{"type":"Feature","geometry":{"type":"Polygon","coordinates":[[[31.048,-16.591],[31.465,-17.034],[31.987,-17.463],[32.333,-17.629],[32.483,-17.639],[32.777,-17.807],[33.173,-18.245],[33.29,-18.447],[33.425,-18.59],[33.576,-18.632],[33.938,-18.69],[34.048,-18.721],[34.034,-18.682],[34.014,-18.623],[34.115,-17.992],[34.224,-17.589],[34.31,-17.286],[34.325,-17.236],[34.351,-17.184],[34.451,-16.983],[34.456,-16.987],[34.458,-16.988],[34.355,-16.871],[34.221,-16.77],[34.035,-16.678],[33.894,-16.534],[33.607,-16.779],[33.279,-16.829],[33.043,-16.728],[32.656,-16.291],[32.37,-16.165],[31.571,-16.098],[31.269,-15.997],[31.057,-15.99],[31.041,-16.248],[31.075,-16.408],[31.048,-16.591]]]},"properties":{"id":"tawara","name":"Tawara","family":"Niger-Congo","glottocode":"ndau1241","language":"Ndau","group":"Shona-Thonga","ea":"Ab17","lat":-17.1912,"lon":32.8573}},
{"type":"Feature","geometry":{"type":"Polygon","coordinates":[[[29.767,11.997],[29.658,11.903],[29.647,11.561],[29.856,11.459],[30.049,11.428],[30.054,11.435],[29.972,11.808],[29.767,11.997]]]},"properties":{"id":"temain","name":"Temain","family":"Nilo-Saharan","glottocode":"dill1242","language":"Dilling","group":"Nubians","ea":"Ai8","lat":11.6961,"lon":29.8351}},
{"type":"Feature","geometry":{"type":"Polygon","coordinates":[[[28.431,-30.981],[27.724,-31.163],[27.117,-31.685],[26.672,-32.173],[26.591,-32.354],[26.823,-32.677],[26.822,-32.691],[27.117,-32.476],[27.992,-32.047],[28.244,-32.08],[28.556,-32.546],[28.88,-32.276],[28.799,-32.114],[28.783,-31.82],[28.641,-31.262],[28.431,-30.981]]]},"properties":{"id":"tembu","name":"Tembu","family":"Niger-Congo","glottocode":null,"language":"Xhosa","group":"Bushmen","ea":"Aa8","lat":-31.8213,"lon":27.8383}},
{"type":"Feature","geometry":{"type":"Polygon","coordinates":[[[-13.545,12.512],[-13.45,12.386],[-13.155,12.359],[-12.948,12.225],[-12.781,12.272],[-12.412,12.471],[-12.493,12.589],[-12.955,12.736],[-13.276,12.729],[-13.545,12.512]]]},"properties":{"id":"tenda","name":"Tenda","family":"Niger-Congo","glottocode":"kita1249","language":"Kita Maninkakan","group":"Mande, Nuclear","ea":"Ag9","lat":12.5095,"lon":-12.996}},
{"type":"Feature","geometry":{"type":"Polygon","coordinates":[[[3.576,11.481],[3.93,11.388],[4.01,11.674],[3.973,11.866],[3.709,12.299],[3.411,12.173],[3.531,11.978],[3.576,11.481]]]},"properties":{"id":"tienga","name":"Tienga","family":"Niger-Congo","glottocode":null,"language":"Kyenga","group":"Songhai","ea":"Cb3","lat":11.8306,"lon":3.738286}},
{"type":"Feature","geometry":{"type":"Polygon","coordinates":[[[25.616,-28.465],[25.572,-28.244],[25.412,-27.681],[25.21,-27.353],[24.991,-27.193],[24.697,-27.042],[23.99,-26.882],[23.555,-26.841],[23.57,-27.319],[23.553,-27.903],[24.13,-28.19],[24.433,-28.232],[24.786,-28.417],[25.288,-28.601],[25.616,-28.465]]]},"properties":{"id":"tlhaping","name":"Tlhaping","family":"Niger-Congo","glottocode":"sout2807","language":"Southern Sotho","group":"Sotho","ea":"Ab8","lat":-27.6945,"lon":24.5274}},
{"type":"Feature","geometry":{"type":"Polygon","coordinates":[[[9.89,11.811],[9.738,11.782],[9.449,11.795],[9.345,11.598],[9.346,11.475],[9.462,11.407],[9.495,10.957],[9.664,10.774],[9.794,10.755],[9.904,10.86],[9.96,11.093],[10.058,11.272],[10.166,11.368],[10.009,11.579],[9.89,11.811]]]},"properties":{"id":"warjawa","name":"Warjawa","family":"Afro-Asiatic","glottocode":"kano1249","language":"Kano","group":"Hausa","ea":"Cb1","lat":11.3363,"lon":9.727943}},
{"type":"Feature","geometry":{"type":"Polygon","coordinates":[[[22.004,-26.382],[22.017,-26.764],[22.068,-27.059],[22.051,-27.227],[22.379,-27.807],[22.515,-27.936],[22.515,-27.904],[23.553,-27.903],[23.57,-27.319],[23.555,-26.841],[23.565,-26.731],[23.449,-25.852],[22.825,-26.007],[22.455,-26.125],[22.068,-26.302],[22.004,-26.382]]]},"properties":{"id":"tlharu","name":"Tlharu","family":"Niger-Congo","glottocode":null,"language":"Tswana","group":"Bushmen","ea":"Aa8","lat":-26.9398,"lon":22.8496}},
{"type":"Feature","geometry":{"type":"Polygon","coordinates":[[[30.12,-23.566],[29.869,-23.298],[29.457,-23.205],[29.348,-23.104],[29.322,-22.843],[29.608,-22.314],[29.701,-21.901],[29.701,-21.733],[29.381,-21.75],[29.144,-21.679],[28.675,-21.893],[28.4,-21.96],[28.372,-22.078],[28.414,-22.406],[28.204,-23.113],[28.187,-23.441],[28.226,-23.513],[28.389,-23.478],[28.666,-23.562],[28.809,-23.689],[29.154,-24.067],[29.399,-24.473],[29.903,-24.398],[29.99,-24.358],[30.063,-23.991],[30.054,-23.798],[30.12,-23.566]]]},"properties":{"id":"tlokwa","name":"Tlokwa","family":"Niger-Congo","glottocode":"nort2795","language":"Zimbabwean Ndebele","group":"Nguni","ea":"Ab9","lat":-23.0484,"lon":29.1378}},
{"type":"Feature","geometry":{"type":"Polygon","coordinates":[[[29.482,-15.82],[29.39,-15.425],[28.826,-15.633],[28.591,-15.608],[28.381,-15.532],[28.117,-15.389],[27.952,-15.448],[27.708,-15.675],[27.59,-15.987],[27.506,-16.121],[27.262,-16.306],[27.052,-16.357],[26.69,-16.357],[26.236,-16.407],[25.841,-16.365],[25.721,-16.311],[25.269,-16.402],[25.116,-16.532],[24.973,-16.725],[24.821,-16.86],[24.821,-17.075],[24.986,-17.293],[25.331,-17.436],[26.122,-17.36],[26.256,-17.452],[26.273,-17.579],[26.225,-17.987],[26.462,-18.195],[26.754,-18.18],[27.032,-18.121],[27.107,-18.045],[27.561,-17.844],[28.001,-17.521],[28.073,-17.333],[28.333,-16.98],[28.796,-16.543],[29.006,-16.181],[29.482,-15.82]]]},"properties":{"id":"tonga","name":"Tonga","family":"Niger-Congo","glottocode":"nort2795","language":"Zimbabwean Ndebele","group":"Nguni","ea":"Ab9","lat":-16.7911,"lon":27.1636}},
{"type":"Feature","geometry":{"type":"Polygon","coordinates":[[[24.066,-17.15],[24.532,-17.124],[24.821,-17.075],[24.821,-16.86],[24.973,-16.725],[25.116,-16.532],[25.269,-16.402],[24.99,-15.749],[24.742,-15.392],[24.434,-15.724],[24.308,-15.808],[24.012,-15.825],[23.878,-16.237],[23.869,-16.389],[23.962,-16.666],[24.088,-16.902],[24.066,-17.15]]]},"properties":{"id":"totela","name":"Totela","family":"Niger-Congo","glottocode":"lozi1239","language":"Lozi","group":"Barotseland","ea":"Ab3","lat":-16.3469,"lon":24.5296}},
{"type":"Feature","geometry":{"type":"Polygon","coordinates":[[[0.46,8.067],[0.396,7.852],[0.433,7.755],[0.545,7.768],[0.89,7.907],[1.093,7.929],[1.247,8.039],[1.204,8.243],[0.98,8.29],[0.95,8.208],[0.46,8.067]]]},"properties":{"id":"tribu","name":"Tribu","family":"Niger-Congo","glottocode":"egba1238","language":"Egba","group":"Yoruba","ea":"Af32","lat":8.017384,"lon":0.813603}},
{"type":"Feature","geometry":{"type":"Polygon","coordinates":[[[4.184,28.035],[4.197,28.563],[4.096,28.676],[3.793,28.844],[2.839,29.248],[2.008,29.775],[1.806,29.944],[1.557,30.225],[1.021,30.24],[0.68,30.213],[0.437,30.159],[-0.2,29.926],[-0.631,29.674],[-0.956,29.655],[-1.358,28.885],[-0.918,28.294],[-0.537,27.52],[-0.155,26.404],[-0.011,25.806],[0.785,25.87],[1.144,25.971],[1.414,26.207],[1.773,26.914],[2.154,27.206],[2.592,27.43],[3.277,27.666],[4.184,28.035]]]},"properties":{"id":"tuat","name":"Tuat","family":"Afro-Asiatic","glottocode":"algi1247","language":"Algiers","group":"Arabs, Bedoin","ea":"Cc16","lat":28.2554,"lon":1.14501}},
{"type":"Feature","geometry":{"type":"Polygon","coordinates":[[[10.917,-3.632],[11.05,-3.857],[11.35,-4.1],[11.376,-4.184],[11.753,-4.516],[11.883,-4.851],[12.105,-5.167],[12.229,-5.477],[12.155,-5.682],[12.265,-5.865],[12.458,-6.036],[12.718,-5.948],[12.892,-5.813],[13.05,-5.846],[13.028,-5.681],[12.974,-5.517],[12.707,-5.147],[12.689,-5.113],[12.628,-4.995],[12.446,-4.734],[12.331,-4.522],[12.209,-4.267],[12.182,-4.216],[12.167,-4.188],[12.161,-4.03],[12.16,-4.028],[12.112,-3.964],[12.027,-3.842],[11.987,-3.799],[11.93,-3.739],[11.864,-3.618],[11.796,-3.51],[11.795,-3.51],[11.613,-3.456],[11.46,-3.434],[11.404,-3.443],[11.317,-3.456],[11.077,-3.532],[10.932,-3.623],[10.917,-3.632]]]},"properties":{"id":"vili","name":"Vili","family":"Niger-Congo","glottocode":"sans1272","language":"San Salvador Kongo","group":"Lower Congo","ea":"Ac14","lat":-4.66064,"lon":12.0583}},
{"type":"Feature","geometry":{"type":"Polygon","coordinates":[[[-6.893,7.237],[-6.952,7.522],[-7.041,7.579],[-7.321,7.505],[-7.41,7.404],[-7.505,7.188],[-7.374,7.136],[-7.026,7.179],[-6.893,7.237]]]},"properties":{"id":"wobe","name":"Wobe","family":"Niger-Congo","glottocode":"dann1241","language":"Dan","group":"Mande, Southern","ea":"Af50","lat":7.340966,"lon":-7.17195}},
{"type":"Feature","geometry":{"type":"Polygon","coordinates":[[[10.146,32.021],[10.401,31.876],[10.554,31.992],[10.87,32.051],[11.472,32.041],[11.728,32.061],[12.28,32.15],[12.497,32.159],[12.716,32.048],[12.981,32.071],[13.612,32.011],[13.859,31.923],[14.263,31.656],[14.45,31.43],[15.356,31.977],[15.367,32.167],[15.285,32.306],[15.107,32.413],[14.712,32.453],[14.443,32.529],[14.2,32.704],[13.784,32.8],[13.62,32.788],[13.259,32.919],[12.9,32.813],[12.559,32.801],[12.292,32.841],[11.872,33.067],[11.644,33.099],[11.559,33.166],[11.171,33.211],[11.114,33.392],[10.647,32.96],[10.42,32.694],[10.193,32.24],[10.146,32.021]]]},"properties":{"id":"tripolitanians","name":"Tripolitanians","family":"Afro-Asiatic","glottocode":"sout3114","language":"South-Western Tunisian","group":"Arabs, Bedoin","ea":"Cd13","lat":32.406,"lon":12.6537}},
{"type":"Feature","geometry":{"type":"Polygon","coordinates":[[[49.131,-14.181],[49.021,-14.209],[48.944,-14.255],[48.929,-14.264],[48.855,-14.375],[48.734,-14.505],[48.624,-14.708],[48.555,-14.958],[48.54,-15.013],[48.42,-15.29],[48.383,-15.441],[48.346,-15.586],[48.25,-15.892],[48.235,-15.938],[48.123,-16.334],[48.345,-16.543],[48.624,-16.462],[49.072,-16.542],[49.119,-16.422],[49.163,-16.25],[49.225,-16.013],[49.316,-15.74],[49.285,-15.467],[49.316,-15.089],[49.368,-14.827],[49.376,-14.786],[49.376,-14.225],[49.132,-14.181],[49.131,-14.181]]]},"properties":{"id":"tsimihety","name":"Tsimihety","family":"Austronesian","glottocode":null,"language":"Malagasy","group":"Yao-Makonde","ea":"Ac42","lat":-15.4668,"lon":48.8453}},
{"type":"Feature","geometry":{"type":"Polygon","coordinates":[[[10.057,6.53],[9.794,6.758],[9.628,6.53],[10.031,6.371],[10.057,6.53]]]},"properties":{"id":"wum","name":"Wum","family":"Niger-Congo","glottocode":"tivv1240","language":"Tiv","group":"Tiv-Jukun","ea":"Ah3","lat":6.555111,"lon":9.857212}},
{"type":"Feature","geometry":{"type":"Polygon","coordinates":[[[40.368,10.745],[40.261,10.756],[40.152,10.775],[39.961,10.82],[39.423,10.847],[38.762,10.838],[38.809,10.158],[38.843,9.899],[38.87,9.209],[38.815,9.168],[38.645,9.407],[38.419,9.612],[38.2,9.672],[38.152,9.556],[38.138,9.194],[38.211,8.718],[38.426,8.511],[38.624,8.388],[39.128,8.124],[39.341,8.238],[39.526,8.477],[39.587,8.62],[39.895,8.941],[40.075,9.1],[40.199,9.226],[40.239,9.288],[40.237,9.288],[40.231,9.362],[40.227,9.416],[40.276,9.553],[40.316,9.663],[40.415,9.998],[40.415,10.314],[40.398,10.487],[40.385,10.63],[40.376,10.691],[40.368,10.745]]]},"properties":{"id":"tulama","name":"Tulama","family":"Afro-Asiatic","glottocode":"amha1245","language":"Amharic","group":"Ethiopia, Central","ea":"Ca7","lat":9.59198,"lon":39.3354}},
{"type":"Feature","geometry":{"type":"Polygon","coordinates":[[[30.658,10.275],[30.689,10.329],[30.545,10.482],[30.122,10.714],[30.055,10.936],[30.013,10.987],[29.985,11.267],[30.049,11.428],[29.856,11.459],[29.647,11.561],[29.343,11.52],[29.236,11.647],[29.062,11.587],[29.138,11.384],[29.439,10.994],[29.555,10.892],[29.801,10.489],[29.826,10.387],[30.204,10.304],[30.658,10.275]]]},"properties":{"id":"tumtum","name":"Tumtum","family":"Niger-Congo","glottocode":null,"language":"Kadugli","group":"Nilotes, Northern","ea":"Aj11","lat":10.9544,"lon":29.8111}},
{"type":"Feature","geometry":{"type":"Polygon","coordinates":[[[25.575,14.675],[25.461,14.661],[25.051,14.525],[24.53,14.492],[24.471,14.265],[24.368,14.04],[24.348,13.808],[24.58,13.698],[24.974,13.704],[25.53,13.695],[25.691,14.012],[25.575,14.675]]]},"properties":{"id":"tungur","name":"Tungur","family":"Nilo-Saharan","glottocode":"furr1244","language":"Fur","group":"Darfur","ea":"Cb17","lat":14.1193,"lon":25.0512}},
{"type":"Feature","geometry":{"type":"Polygon","coordinates":[[[-4.785,10.719],[-4.589,10.711],[-4.393,10.812],[-4.144,10.741],[-3.948,10.729],[-3.715,10.792],[-3.675,11.062],[-3.822,11.209],[-4.209,11.133],[-4.505,11.211],[-4.672,11.216],[-4.916,11.163],[-4.981,11.097],[-5.021,10.906],[-4.785,10.719]]]},"properties":{"id":"tusyan","name":"Tusyan","family":"Niger-Congo","glottocode":"mama1271","language":"Mamara Senoufo","group":"Senufo","ea":"Ag31","lat":10.9707,"lon":-4.33894}},
{"type":"Feature","geometry":{"type":"Polygon","coordinates":[[[29.956,-11.156],[29.83,-11.295],[29.805,-11.428],[29.855,-11.762],[29.882,-12.134],[30.16,-12.201],[30.152,-12.102],[30.24,-11.932],[30.372,-11.812],[30.568,-11.73],[30.643,-11.61],[30.681,-11.314],[30.53,-11.188],[29.956,-11.156]]]},"properties":{"id":"unga","name":"Unga","family":"Niger-Congo","glottocode":"lala1264","language":"Lala-Bisa","group":"Bemba-Lamba","ea":"Ac33","lat":-11.5806,"lon":30.1975}},
{"type":"Feature","geometry":{"type":"Polygon","coordinates":[[[29.417,21.995],[29.541,22.628],[29.62,23.635],[29.709,24.246],[29.689,24.552],[29.704,24.901],[28.989,25.017],[28.456,25.215],[28.111,25.451],[27.815,25.816],[27.756,26.107],[27.45,26.421],[27.273,26.697],[27.223,26.845],[27.194,27.22],[27.267,27.48],[26.951,28.124],[26.734,28.123],[26.211,28.508],[25.58,28.745],[25.077,28.824],[24.843,28.824],[24.627,28.755],[24.253,28.764],[23.463,29.021],[23.01,29.129],[22.497,29.169],[22.131,29.112],[22.116,28.962],[21.889,28.656],[21.505,28.478],[21.011,28.439],[20.745,28.478],[20.475,28.561],[20.041,28.547],[19.627,28.469],[19.055,28.4],[18.354,28.276],[17.469,27.844],[17.137,27.608],[17.173,27.199],[17.449,25.759],[17.528,25.434],[17.557,25.013],[17.766,24.897],[18.062,24.808],[18.964,24.611],[19.516,24.65],[19.743,24.641],[20.217,24.746],[20.572,25.301],[20.739,25.479],[21.015,25.657],[21.331,25.755],[22.148,25.893],[22.463,25.903],[22.779,25.824],[23.075,25.696],[23.351,25.518],[23.627,25.144],[23.834,24.69],[23.959,24.177],[24.107,23.191],[24.194,23.091],[24.245,23.033],[24.619,22.914],[25.093,22.836],[25.497,22.796],[26.129,22.707],[26.444,22.628],[27.164,22.352],[27.411,22.224],[27.726,21.928],[27.874,21.721],[28.036,21.61],[28.22,21.593],[28.871,21.603],[29.107,21.652],[29.275,21.79],[29.417,21.995]]]},"properties":{"id":"uninhabited-libyan-desert","name":"Uninhabited (Libyan Desert)","family":"Afro-Asiatic","glottocode":"liby1240","language":"Libyan Arabic","group":"Arabs, Bedoin","ea":"Cd20","lat":25.8678,"lon":23.8659}},
{"type":"Feature","geometry":{"type":"Polygon","coordinates":[[[40.33,13.28],[39.97,13.297],[39.786,13.063],[39.86,12.878],[39.87,12.696],[39.806,11.922],[39.678,11.731],[39.15,11.658],[38.922,11.594],[38.731,11.43],[38.713,11.184],[38.762,10.838],[39.423,10.847],[39.961,10.82],[40.152,10.775],[40.261,10.756],[40.368,10.745],[40.336,10.965],[40.267,11.271],[40.306,11.498],[40.333,11.642],[40.375,11.872],[40.381,11.923],[40.415,12.198],[40.454,12.474],[40.474,12.8],[40.415,13.036],[40.33,13.28]]]},"properties":{"id":"wallo","name":"Wallo","family":"Afro-Asiatic","glottocode":"amha1245","language":"Amharic","group":"Ethiopia, Central","ea":"Ca7","lat":11.7504,"lon":39.7913}},
{"type":"Feature","geometry":{"type":"Polygon","coordinates":[[[35.019,9.794],[35.04,9.289],[35.067,9.146],[35.019,8.442],[35.21,7.903],[35.276,7.799],[35.668,7.766],[35.859,7.862],[36.077,7.865],[36.15,8.298],[36.205,8.468],[36.387,8.66],[36.253,9.023],[36.143,9.528],[36.014,9.993],[35.94,10.101],[35.587,10.244],[35.515,10.31],[35.424,10.235],[35.232,9.907],[35.019,9.794]]]},"properties":{"id":"wallaga","name":"Wallaga","family":"Afro-Asiatic","glottocode":"west2721","language":"West Central Oromo","group":"Galla","ea":"Ca13","lat":8.96339,"lon":35.6287}},
{"type":"Feature","geometry":{"type":"Polygon","coordinates":[[[34.115,0.917],[34.094,0.609],[33.988,0.27],[33.998,0.242],[34.199,0.39],[34.438,0.428],[34.648,0.351],[34.734,0.265],[34.919,0.231],[35.037,0.478],[34.897,0.89],[34.742,0.897],[34.513,0.991],[34.115,0.917]]]},"properties":{"id":"wanga","name":"Wanga","family":"Niger-Congo","glottocode":"soga1242","language":"Soga","group":"East Lacustrine Bantu","ea":"Ad46","lat":0.622141,"lon":34.541}},
{"type":"Feature","geometry":{"type":"Polygon","coordinates":[[[-0.011,25.806],[-0.155,26.404],[-0.537,27.52],[-0.918,28.294],[-1.358,28.885],[-1.57,28.981],[-1.741,29.125],[-1.974,29.403],[-2.414,29.816],[-2.585,29.933],[-3.025,30.067],[-3.429,30.069],[-4.211,29.726],[-4.526,29.556],[-5.028,29.206],[-5.203,29.031],[-5.45,28.633],[-6.191,27.728],[-7.032,27.111],[-7.896,26.64],[-8.334,26.382],[-9.019,26.079],[-9.482,25.964],[-9.825,25.588],[-10.12,25.068],[-10.35,24.393],[-10.429,24.048],[-10.443,23.816],[-10.501,23.586],[-10.529,23.298],[-10.544,22.71],[-10.493,22.106],[-10.357,21.137],[-10.285,20.816],[-10.17,20.551],[-10.027,20.105],[-9.962,20.025],[-9.775,19.935],[-9.371,19.834],[-9.068,19.8],[-8.294,19.766],[-8.205,19.78],[-7.777,19.912],[-7.396,20.114],[-6.801,20.597],[-6.453,20.956],[-5.881,21.64],[-5.645,22.056],[-5.477,22.28],[-5.23,22.538],[-4.871,22.807],[-4.557,22.998],[-3.737,23.245],[-3.073,23.369],[-2.512,23.335],[-2.237,23.335],[-1.513,23.425],[-0.694,23.481],[-0.101,23.598],[0.024,24.115],[0.069,24.508],[0.069,25.327],[-0.011,25.806]]]},"properties":{"id":"uninhabited-west-saharan-desert","name":"Uninhabited (West Saharan Desert)","family":"Afro-Asiatic","glottocode":"hass1238","language":"Hassaniyya","group":"Arabs, Bedoin","ea":"Cc7","lat":24.9242,"lon":-5.37388}},
{"type":"Feature","geometry":{"type":"Polygon","coordinates":[[[26.956,-33.577],[27.096,-33.529],[27.738,-33.111],[28.074,-32.906],[28.134,-32.807],[28.345,-32.708],[28.556,-32.546],[28.244,-32.08],[27.992,-32.047],[27.117,-32.476],[26.822,-32.691],[26.817,-32.749],[26.815,-32.787],[26.815,-33.039],[26.956,-33.577]]]},"properties":{"id":"xosa","name":"Xosa","family":"Niger-Congo","glottocode":"xesi1238","language":"Xesibe","group":"Nguni","ea":"Ab11","lat":-32.7393,"lon":27.5881}},
{"type":"Feature","geometry":{"type":"Polygon","coordinates":[[[-2.807,34.609],[-3.177,34.544],[-3.563,34.4],[-3.781,34.032],[-3.582,33.818],[-3.312,33.808],[-3.182,33.734],[-3.052,33.763],[-2.71,33.942],[-2.609,34.059],[-2.603,34.335],[-2.807,34.609]]]},"properties":{"id":"yahi","name":"Yahi","family":"Afro-Asiatic","glottocode":"jebl1238","language":"Jebli","group":"Arabs, Littoral North Africa","ea":"Cd15","lat":34.1671,"lon":-3.14615}},
{"type":"Feature","geometry":{"type":"Polygon","coordinates":[[[21.307,4.815],[21.14,4.385],[21.616,4.082],[22.008,3.901],[22.286,3.838],[22.365,3.867],[22.441,4.197],[22.07,4.326],[21.886,4.604],[21.307,4.815]]]},"properties":{"id":"yakoma","name":"Yakoma","family":"Niger-Congo","glottocode":"west2458","language":"West Central Banda","group":"Banda-Baya","ea":"Ai1","lat":4.303598,"lon":21.778}},
{"type":"Feature","geometry":{"type":"Polygon","coordinates":[[[15.424,4.176],[15.386,4.014],[15.524,3.78],[15.676,3.72],[16.035,3.785],[16.198,3.968],[16.343,4.059],[16.477,4.017],[16.538,3.865],[16.671,3.768],[16.958,3.81],[16.997,4.221],[16.815,4.451],[16.445,4.627],[16.087,4.354],[15.693,4.202],[15.424,4.176]]]},"properties":{"id":"yangere","name":"Yangere","family":"Niger-Congo","glottocode":"nort2775","language":"Northwest Gbaya","group":"Banda-Baya","ea":"Ai7","lat":4.121739,"lon":16.2739}},
{"type":"Feature","geometry":{"type":"Polygon","coordinates":[[[7.952,9.393],[7.639,9.23],[7.746,8.996],[8.035,8.946],[8.145,9.113],[8.33,9.31],[8.357,9.419],[8.207,9.495],[7.952,9.393]]]},"properties":{"id":"yeskwa","name":"Yeskwa","family":"Afro-Asiatic","glottocode":"ngas1240","language":"Ngas","group":"Jos Plateau","ea":"Ah16","lat":9.218034,"lon":8.00089}},
{"type":"Feature","geometry":{"type":"Polygon","coordinates":[[[26.033,15.052],[26.02,15.284],[26.143,15.57],[26.218,15.659],[26.512,15.878],[26.862,15.964],[26.872,16.752],[26.645,16.745],[26.202,16.784],[25.434,16.715],[24.734,16.587],[24.152,16.331],[23.619,16.124],[23.018,16.005],[22.722,15.926],[22.207,15.571],[22.319,15.153],[22.357,15.103],[22.524,15.085],[22.791,14.928],[22.92,14.907],[23.105,14.948],[23.33,14.941],[23.617,14.866],[23.964,14.69],[24.184,14.661],[24.53,14.492],[25.051,14.525],[25.461,14.661],[25.575,14.675],[25.786,14.805],[26.033,15.052]]]},"properties":{"id":"zaghawa","name":"Zaghawa","family":"Nilo-Saharan","glottocode":null,"language":"Zaghawa","group":"Arabs, Bedoin","ea":"Cc6","lat":15.6571,"lon":24.7057}},
{"type":"Feature","geometry":{"type":"Polygon","coordinates":[[[38.333,-6.763],[38.327,-6.763],[38.327,-6.808],[38.381,-6.945],[38.491,-7.027],[38.555,-7.1],[38.542,-7.193],[38.536,-7.236],[38.454,-7.345],[38.423,-7.369],[38.345,-7.427],[38.345,-7.582],[38.281,-7.691],[38.108,-7.837],[38.102,-7.902],[38.1,-7.924],[38.099,-7.937],[38.118,-7.986],[38.136,-8.028],[38.245,-8.101],[38.404,-8.143],[38.418,-8.147],[38.555,-8.174],[38.709,-8.256],[39.104,-8.274],[39.363,-8.204],[39.439,-8.036],[39.441,-7.814],[39.279,-7.721],[39.294,-7.459],[39.427,-7.181],[39.507,-7.145],[39.542,-6.994],[39.463,-6.863],[39.272,-6.818],[39.17,-6.625],[39.042,-6.477],[38.909,-6.441],[38.839,-6.329],[38.856,-6.163],[38.77,-6.034],[38.886,-5.643],[38.961,-5.547],[39.129,-5.111],[39.113,-4.996],[39.214,-4.849],[39.21,-4.828],[39.098,-4.804],[39.053,-4.794],[39.037,-4.841],[39,-4.99],[38.885,-5.36],[38.868,-5.393],[38.813,-5.496],[38.813,-5.497],[38.721,-5.77],[38.702,-5.852],[38.706,-5.852],[38.708,-5.851],[38.703,-5.873],[38.691,-5.925],[38.691,-6.089],[38.7,-6.159],[38.709,-6.234],[38.773,-6.335],[38.782,-6.453],[38.737,-6.571],[38.561,-6.642],[38.555,-6.644],[38.391,-6.763],[38.386,-6.763],[38.385,-6.763],[38.333,-6.763]]]},"properties":{"id":"zaramo","name":"Zaramo","family":"Niger-Congo","glottocode":"lugu1238","language":"Luguru","group":"Luguru-Zigula","ea":"Ad14","lat":-7.24679,"lon":38.8843}},
{"type":"Feature","geometry":{"type":"Polygon","coordinates":[[[-8.205,19.78],[-8.294,19.766],[-9.068,19.8],[-9.371,19.834],[-9.775,19.935],[-9.962,20.025],[-10.127,19.753],[-10.422,19.373],[-11.111,18.92],[-11.217,18.892],[-11.161,18.266],[-11.171,17.94],[-11.289,17.447],[-11.21,17.102],[-11.21,16.786],[-11.289,16.313],[-11.394,16.008],[-11.183,15.721],[-11.044,15.484],[-10.857,15.386],[-10.512,15.386],[-10.157,15.544],[-9.723,15.78],[-9.072,15.849],[-8.559,15.84],[-8.056,15.899],[-7.592,15.879],[-6.933,15.524],[-6.776,15.475],[-6.521,15.498],[-6.421,15.672],[-6.174,15.938],[-5.927,15.978],[-5.207,16.017],[-4.872,16.076],[-4.576,16.204],[-4.573,16.251],[-4.557,16.491],[-4.704,16.52],[-5,16.481],[-5.296,16.52],[-5.562,16.629],[-6.056,17.368],[-6.342,17.645],[-6.953,18.276],[-7.289,18.522],[-7.535,18.66],[-7.821,18.897],[-7.999,19.104],[-8.156,19.489],[-8.205,19.78]]]},"properties":{"id":"zenega","name":"Zenega","family":"Afro-Asiatic","glottocode":"zena1248","language":"Zenaga","group":"Arabs, Bedoin","ea":"Cc20","lat":17.4191,"lon":-8.73232}},
{"type":"Feature","geometry":{"type":"Polygon","coordinates":[[[29.68,-19.128],[29.783,-19.122],[30.355,-18.996],[30.532,-19.139],[30.641,-19.172],[30.927,-19.097],[31.146,-19.181],[31.667,-19.425],[31.943,-19.656],[32.121,-19.389],[31.995,-18.968],[31.995,-18.817],[31.911,-18.564],[31.911,-18.346],[32.333,-17.629],[31.987,-17.463],[31.465,-17.034],[31.048,-16.591],[30.818,-16.815],[30.692,-17.118],[30.431,-17.294],[30.078,-17.37],[29.994,-17.421],[29.867,-17.774],[29.75,-17.959],[29.624,-18.051],[29.565,-18.203],[29.666,-18.733],[29.68,-19.128]]]},"properties":{"id":"zezuru","name":"Zezuru","family":"Niger-Congo","glottocode":"nort2795","language":"Zimbabwean Ndebele","group":"Nguni","ea":"Ab9","lat":-18.1752,"lon":30.9616}},
{"type":"Feature","geometry":{"type":"Polygon","coordinates":[[[5.032,34.943],[5.084,34.602],[5.212,34.256],[5.38,34.089],[5.606,33.98],[6.01,33.98],[6.394,34.503],[6.43,34.648],[6.276,34.858],[5.861,35.105],[5.559,35.206],[5.449,35.087],[5.321,35.077],[5.032,34.943]]]},"properties":{"id":"ziban","name":"Ziban","family":"Afro-Asiatic","glottocode":"algi1247","language":"Algiers","group":"Arabs, Bedoin","ea":"Cc16","lat":34.5795,"lon":5.70739}},
{"type":"Feature","geometry":{"type":"Polygon","coordinates":[[[35.593,-17.082],[35.445,-17.048],[35.336,-16.947],[35.117,-16.636],[34.781,-16.367],[34.321,-15.806],[33.914,-15.921],[33.747,-16.136],[33.894,-16.534],[34.035,-16.678],[34.221,-16.77],[34.355,-16.871],[34.458,-16.988],[34.619,-17.093],[34.708,-17.148],[34.846,-17.236],[35.034,-17.445],[35.141,-17.564],[35.418,-17.875],[35.579,-18.029],[35.618,-18.067],[35.776,-17.805],[35.767,-17.764],[35.751,-17.696],[35.692,-17.561],[35.591,-17.258],[35.591,-17.115],[35.593,-17.082]]]},"properties":{"id":"zimba","name":"Zimba","family":"Niger-Congo","glottocode":"chew1246","language":"Chewa","group":"Maravi","ea":"Ac10","lat":-16.8163,"lon":34.7687}},
{"type":"Feature","geometry":{"type":"Polygon","coordinates":[[[11.172,7.572],[10.87,7.36],[10.721,7.32],[10.722,7.128],[11.091,7.17],[11.502,7.28],[11.509,7.472],[11.172,7.572]]]},"properties":{"id":"zuande-batu-e","name":"Zuande, Batu (E)","family":"Niger-Congo","glottocode":"bita1251","language":"Bitare","group":"Tiv-Jukun","ea":"Ah27","lat":7.33522,"lon":11.1281}},
{"type":"Feature","geometry":{"type":"Polygon","coordinates":[[[9.93,7.508],[9.944,6.968],[10.187,6.985],[10.341,7.097],[10.304,7.523],[9.93,7.508]]]},"properties":{"id":"zumper","name":"Zumper","family":"Niger-Congo","glottocode":"tivv1240","language":"Tiv","group":"Tiv-Jukun","ea":"Ah3","lat":7.255056,"lon":10.1271}}
]}